R,G,B,gray,grad_mag,local_std,laplacian,boundary,image_id,split
52.0,77.0,73.0,67.333336,132.58624,13.436628,13.000008,1,100075,train
66.0,71.0,48.0,61.666668,97.017746,9.660901,18.66666,1,100075,train
132.0,138.0,124.0,131.33333,305.1619,31.22155,6.3333435,1,100075,train
38.0,58.0,47.0,47.666668,36.88118,8.340677,22.333328,1,100075,train
70.0,81.0,67.0,72.666664,195.1979,23.921911,79.33332,1,100075,train
133.0,131.0,119.0,127.666664,359.13382,37.0782,28.333351,1,100075,train
52.0,54.0,40.0,48.666668,63.000877,8.691012,41.999996,1,100075,train
104.0,114.0,89.0,102.333336,233.24617,23.506273,7.6666565,1,100075,train
66.0,98.0,93.0,85.666664,42.62759,5.8106937,9.000008,1,100075,train
76.0,103.0,98.0,92.333336,120.80102,14.516962,35.33333,1,100075,train
140.0,142.0,139.0,140.33333,392.04593,39.84104,11.333313,1,100075,train
25.0,38.0,28.0,30.333334,49.49523,6.2849607,25.666664,1,100075,train
63.0,83.0,71.0,72.333336,75.54542,10.529372,3.6666718,1,100075,train
113.0,118.0,112.0,114.333336,389.60294,39.407875,43.33332,1,100075,train
60.0,118.0,120.0,99.333336,41.033863,5.551077,28.666687,1,100075,train
99.0,113.0,96.0,102.666664,238.0439,25.536718,57.333336,1,100075,train
162.0,148.0,121.0,143.66667,62.28964,14.516189,92.33335,1,100075,train
63.0,85.0,82.0,76.666664,132.07152,17.766718,57.000015,1,100075,train
68.0,93.0,89.0,83.333336,6.798691,3.6709108,1.3333206,1,100075,train
53.0,65.0,55.0,57.666668,123.513374,14.027308,17.0,1,100075,train
55.0,91.0,91.0,79.0,25.236647,4.4887557,2.0,1,100075,train
44.0,79.0,73.0,65.333336,214.06645,21.523912,5.666664,1,100075,train
33.0,82.0,86.0,67.0,21.628166,8.812167,53.33333,1,100075,train
46.0,59.0,50.0,51.666668,113.74924,13.96382,42.999992,1,100075,train
129.0,132.0,121.0,127.333336,393.68628,40.775803,5.0000076,1,100075,train
72.0,117.0,120.0,103.0,180.31145,19.031147,13.333328,1,100075,train
96.0,112.0,102.0,103.333336,229.69788,25.619131,15.999992,1,100075,train
73.0,102.0,97.0,90.666664,70.079315,10.899263,5.333336,1,100075,train
117.0,106.0,74.0,99.0,61.40937,7.091065,1.0,1,100075,train
35.0,57.0,54.0,48.666668,118.85379,12.05349,3.9999962,1,100075,train
84.0,109.0,105.0,99.333336,146.78253,19.200144,2.6666489,1,100075,train
104.0,113.0,96.0,104.333336,63.641354,7.174104,27.333328,1,100075,train
60.0,67.0,51.0,59.333332,49.54908,5.6437407,6.3333435,1,100075,train
53.0,112.0,120.0,95.0,16.505888,3.1893377,8.666672,1,100075,train
89.0,99.0,90.0,92.666664,185.8805,20.60501,77.66667,1,100075,train
146.0,129.0,99.0,124.666664,68.451126,9.171862,15.000008,1,100075,train
77.0,106.0,101.0,94.666664,80.8428,10.185631,20.333336,1,100075,train
43.0,82.0,77.0,67.333336,64.37565,7.775302,13.33334,1,100075,train
63.0,82.0,62.0,69.0,74.86283,9.222907,18.333336,1,100075,train
58.0,121.0,130.0,103.0,41.01219,4.8990793,5.0,1,100075,train
69.0,108.0,103.0,93.333336,42.71092,6.5805554,5.3333206,1,100075,train
59.0,94.0,87.0,80.0,134.13757,13.647613,6.666664,1,100075,train
24.0,46.0,44.0,38.0,74.30866,8.02586,26.0,1,100075,train
73.0,105.0,104.0,94.0,44.51467,6.9601965,13.666664,1,100075,train
42.0,74.0,73.0,63.0,152.47003,16.90066,23.000004,1,100075,train
63.0,103.0,102.0,89.333336,26.907227,4.846018,19.333344,1,100075,train
43.0,79.0,79.0,67.0,17.38455,4.888328,30.666668,1,100075,train
100.0,108.0,93.0,100.333336,240.2522,25.294535,53.0,1,100075,train
49.0,76.0,67.0,64.0,111.67014,12.211235,18.333332,1,100075,train
75.0,123.0,127.0,108.333336,173.7482,18.40142,8.3333435,1,100075,train
61.0,111.0,118.0,96.666664,121.28296,12.071605,9.333328,1,100075,train
52.0,91.0,90.0,77.666664,166.21605,17.73452,17.666676,1,100075,train
40.0,69.0,65.0,58.0,109.35162,10.9654665,15.333336,1,100075,train
203.0,181.0,157.0,180.33333,86.3121,10.725535,12.0,1,100075,train
107.0,130.0,114.0,117.0,183.89671,19.337816,18.0,1,100075,train
50.0,91.0,87.0,76.0,41.001347,5.8198457,18.666664,1,100075,train
72.0,91.0,72.0,78.333336,76.20003,8.0130205,2.6666641,1,100075,train
86.0,98.0,78.0,87.333336,107.37784,11.947517,24.666668,1,100075,train
64.0,83.0,63.0,70.0,83.75624,11.374635,31.333328,1,100075,train
62.0,110.0,122.0,98.0,9.91072,5.203852,14.333336,1,100075,train
61.0,110.0,114.0,95.0,90.60416,10.487018,22.666664,1,100075,train
57.0,92.0,86.0,78.333336,38.465004,5.9442396,2.0000076,1,100075,train
69.0,81.0,67.0,72.333336,72.8545,8.37841,7.6666756,1,100075,train
59.0,116.0,123.0,99.333336,60.033318,5.912447,4.3333206,1,100075,train
61.0,104.0,111.0,92.0,224.95432,24.37464,50.999996,1,100075,train
65.0,84.0,65.0,71.333336,29.981482,4.015473,1.0000076,1,100075,train
38.0,87.0,91.0,72.0,119.57796,14.124758,0.9999962,1,100075,train
49.0,84.0,77.0,70.0,110.84023,11.400448,3.9999962,1,100075,train
82.0,135.0,143.0,120.0,136.26526,14.325151,9.0,1,100075,train
17.0,39.0,36.0,30.666666,47.46461,6.2462196,18.333334,1,100075,train
99.0,117.0,105.0,107.0,194.8173,19.346375,11.999992,1,100075,train
35.0,85.0,92.0,70.666664,64.721634,8.620952,65.000015,1,100075,train
71.0,126.0,129.0,108.666664,30.364458,8.307565,32.666656,1,100075,train
78.0,107.0,105.0,96.666664,98.371185,14.313763,20.000015,1,100075,train
70.0,96.0,83.0,83.0,147.34691,16.93009,38.666664,1,100075,train
58.0,113.0,118.0,96.333336,47.539455,8.985557,16.33332,1,100075,train
11.0,39.0,42.0,30.666666,170.04639,20.211903,85.0,1,100075,train
61.0,102.0,104.0,89.0,44.487194,10.283387,21.333336,1,100075,train
52.0,79.0,70.0,67.0,74.90735,8.441492,14.666664,1,100075,train
64.0,101.0,94.0,86.333336,84.78077,10.657533,25.000008,1,100075,train
61.0,92.0,87.0,80.0,118.72752,17.57873,63.666656,1,100075,train
71.0,98.0,91.0,86.666664,27.198856,3.5327015,8.666672,1,100075,train
32.0,45.0,38.0,38.333332,72.39552,8.101393,24.333342,1,100075,train
185.0,168.0,152.0,168.33333,103.61039,12.346953,30.999985,1,100075,train
16.0,41.0,37.0,31.333334,26.098103,6.199247,22.333328,1,100075,train
44.0,65.0,60.0,56.333332,120.03703,14.407742,23.000004,1,100075,train
62.0,83.0,68.0,71.0,9.428084,2.576183,2.3333359,1,100075,train
38.0,55.0,45.0,46.0,203.17754,22.202211,32.333332,1,100075,train
36.0,57.0,52.0,48.333332,87.39819,9.05645,23.333332,1,100075,train
153.0,142.0,124.0,139.66667,63.000904,7.3262424,2.3333435,1,100075,train
69.0,82.0,62.0,71.0,49.620773,5.39264,4.3333282,1,100075,train
165.0,144.0,117.0,142.0,90.09872,9.521973,10.333328,1,100075,train
55.0,91.0,87.0,77.666664,196.78526,21.687443,2.3333206,1,100075,train
39.0,54.0,47.0,46.666668,72.6789,7.612166,7.0000076,1,100075,train
65.0,82.0,66.0,71.0,69.00082,12.447841,17.666668,1,100075,train
114.0,127.0,120.0,120.333336,283.19174,28.849861,0.66667175,1,100075,train
74.0,101.0,86.0,87.0,76.357346,8.525124,6.0000076,1,100075,train
43.0,73.0,71.0,62.333332,138.9948,14.646443,11.666664,1,100075,train
45.0,49.0,34.0,42.666668,56.10507,9.319366,56.999996,1,100075,train
22.0,33.0,25.0,26.666666,67.23921,9.254222,44.333336,1,100075,train
35.0,52.0,42.0,43.0,54.41609,6.388218,8.333336,1,100075,train
58.0,93.0,89.0,80.0,206.4305,22.397652,39.000004,1,100075,train
104.0,118.0,119.0,113.666664,367.04373,37.583473,51.66667,1,100075,train
70.0,96.0,85.0,83.666664,14.764812,3.9192286,2.0000076,1,100075,train
29.0,40.0,32.0,33.666668,22.400398,3.7251291,13.333332,1,100075,train
70.0,91.0,76.0,79.0,114.70153,12.248545,7.3333282,1,100075,train
64.0,85.0,70.0,73.0,59.635925,8.4925,10.333336,1,100075,train
81.0,122.0,124.0,109.0,104.49987,13.659897,66.666664,1,100075,train
64.0,93.0,89.0,82.0,179.3476,21.196003,27.333332,1,100075,train
52.0,84.0,79.0,71.666664,119.771065,12.797018,7.6666756,1,100075,train
20.0,46.0,45.0,37.0,129.12096,14.638398,32.0,1,100075,train
66.0,117.0,120.0,101.0,72.80111,7.3999844,18.0,1,100075,train
65.0,115.0,114.0,98.0,129.19066,14.930961,21.0,1,100075,train
106.0,117.0,100.0,107.666664,224.53162,23.516201,2.6666489,1,100075,train
71.0,125.0,127.0,107.666664,168.73715,20.79755,61.666656,1,100075,train
51.0,88.0,81.0,73.333336,61.46363,8.424092,14.666683,1,100075,train
65.0,125.0,136.0,108.666664,81.006165,8.3134985,6.9999924,1,100075,train
59.0,67.0,52.0,59.333332,98.002266,10.339241,4.6666718,1,100075,train
111.0,98.0,64.0,91.0,18.342426,6.931726,44.666664,1,100075,train
68.0,120.0,134.0,107.333336,21.044931,2.6095154,11.333351,1,100075,train
67.0,116.0,121.0,101.333336,52.70463,7.532676,20.000008,0,100075,train
48.0,80.0,65.0,64.333336,22.514202,2.5952556,2.9999886,0,100075,train
121.0,102.0,69.0,97.333336,110.59937,14.067569,78.666664,0,100075,train
70.0,112.0,110.0,97.333336,12.7366495,3.1588788,15.333351,0,100075,train
31.0,67.0,67.0,55.0,18.408934,2.165909,4.666668,0,100075,train
109.0,110.0,79.0,99.333336,44.10341,9.891699,37.66668,0,100075,train
203.0,158.0,125.0,162.0,17.081514,7.3482037,13.3333435,0,100075,train
110.0,127.0,109.0,115.333336,97.939896,12.141138,26.333344,0,100075,train
129.0,104.0,64.0,99.0,142.86356,14.511815,38.666664,0,100075,train
57.0,102.0,99.0,86.0,3.1622777,2.0669932,5.666664,0,100075,train
55.0,58.0,41.0,51.333332,12.337836,2.3259218,8.33334,0,100075,train
59.0,61.0,40.0,53.333332,14.522014,5.0327053,11.666664,0,100075,train
139.0,116.0,84.0,113.0,69.065186,8.646655,9.666672,0,100075,train
56.0,97.0,91.0,81.333336,21.934248,2.5142174,1.6666641,0,100075,train
55.0,106.0,110.0,90.333336,67.888794,6.9174824,5.6666565,0,100075,train
140.0,115.0,74.0,109.666664,47.161667,5.5735493,10.999992,0,100075,train
44.0,77.0,70.0,63.666668,4.2163687,1.1219577,4.6666718,0,100075,train
71.0,73.0,49.0,64.333336,107.30849,13.229227,37.00001,0,100075,train
145.0,127.0,89.0,120.333336,95.03684,9.84494,5.6666718,0,100075,train
63.0,127.0,139.0,109.666664,8.76862,2.72682,8.999992,0,100075,train
71.0,84.0,75.0,76.666664,115.687325,16.129707,70.99999,0,100075,train
35.0,67.0,62.0,54.666668,28.771132,3.3185382,0.6666641,0,100075,train
46.0,73.0,64.0,61.0,72.62078,9.388727,7.666668,0,100075,train
178.0,163.0,144.0,161.66667,96.36158,14.83582,35.333344,0,100075,train
79.0,74.0,55.0,69.333336,37.94733,5.7863154,48.000008,0,100075,train
34.0,41.0,33.0,36.0,11.095539,1.1451111,0.66666794,0,100075,train
81.0,99.0,87.0,89.0,75.12509,8.767226,24.333328,0,100075,train
135.0,140.0,134.0,136.33333,8.944244,4.3294506,21.666672,0,100075,train
112.0,123.0,107.0,114.0,24.335617,4.3188357,13.666672,0,100075,train
147.0,148.0,143.0,146.0,20.292328,8.749554,26.999985,0,100075,train
68.0,69.0,51.0,62.666668,69.26438,9.26577,24.33334,0,100075,train
161.0,162.0,154.0,159.0,194.62842,20.125582,23.666656,0,100075,train
165.0,167.0,164.0,165.33333,34.52857,5.7730517,15.0,0,100075,train
108.0,125.0,106.0,113.0,42.470913,9.92693,59.666664,0,100075,train
118.0,132.0,119.0,123.0,56.617634,5.826931,2.6666641,0,100075,train
205.0,160.0,129.0,164.66667,78.0456,8.610495,14.3333435,0,100075,train
253.0,207.0,183.0,214.33333,54.20127,5.889941,18.0,0,100075,train
202.0,166.0,130.0,166.0,149.69675,16.634808,49.33333,0,100075,train
138.0,126.0,100.0,121.333336,305.69736,30.82405,18.666656,0,100075,train
50.0,116.0,130.0,98.666664,13.928389,2.7800207,7.3333282,0,100075,train
46.0,52.0,38.0,45.333332,124.776245,12.335604,15.66666,0,100075,train
73.0,101.0,87.0,87.0,34.0,4.3912644,10.0,0,100075,train
45.0,81.0,79.0,68.333336,289.1847,29.544739,73.33333,0,100075,train
70.0,93.0,77.0,80.0,119.670845,12.418406,7.3333282,0,100075,train
51.0,96.0,99.0,82.0,40.729446,4.636019,11.333328,0,100075,train
35.0,65.0,63.0,54.333332,60.406033,6.307199,12.000004,0,100075,train
143.0,115.0,76.0,111.333336,48.453876,5.4472795,17.000008,0,100075,train
62.0,126.0,135.0,107.666664,29.28784,5.337807,12.333328,0,100075,train
52.0,115.0,130.0,99.0,57.000984,5.7651806,0.6666641,0,100075,train
56.0,100.0,99.0,85.0,64.00001,6.747902,8.333328,0,100075,train
128.0,127.0,96.0,117.0,121.88884,14.518173,43.666664,0,100075,train
55.0,95.0,86.0,78.666664,14.981475,1.7776828,0.33332825,0,100075,train
44.0,70.0,59.0,57.666668,63.03613,6.63531,9.999996,0,100075,train
86.0,113.0,70.0,89.666664,7.902175,2.8718562,4.3333282,0,100075,train
46.0,90.0,89.0,75.0,28.071337,2.9813056,4.0,0,100075,train
112.0,107.0,78.0,99.0,52.537815,7.0797634,10.0,0,100075,train
62.0,95.0,78.0,78.333336,5.517639,1.5458487,2.0000076,0,100075,train
47.0,71.0,58.0,58.666668,83.5557,11.786636,15.6666565,0,100075,train
61.0,118.0,125.0,101.333336,103.18699,11.53324,31.000008,0,100075,train
37.0,43.0,31.0,37.0,15.231546,8.379874,15.0,0,100075,train
46.0,82.0,78.0,68.666664,15.902483,1.9123876,2.9999924,0,100075,train
111.0,116.0,93.0,106.666664,147.77538,16.18065,19.333328,0,100075,train
58.0,93.0,86.0,79.0,29.047869,2.9938903,2.0,0,100075,train
153.0,162.0,157.0,157.33333,107.092896,10.755177,14.666641,0,100075,train
118.0,117.0,87.0,107.333336,67.494865,13.354613,35.66668,0,100075,train
185.0,143.0,118.0,148.66667,36.684845,6.1042376,34.333313,0,100075,train
193.0,162.0,142.0,165.66667,29.72841,5.479721,6.333313,0,100075,train
68.0,70.0,46.0,61.333332,111.70297,16.078604,62.66668,0,100075,train
51.0,110.0,118.0,93.0,68.45112,7.7445483,21.666672,0,100075,train
81.0,107.0,94.0,94.0,28.790443,3.5866778,1.0,0,100075,train
53.0,76.0,68.0,65.666664,29.078432,3.8707764,15.666679,0,100075,train
92.0,85.0,56.0,77.666664,167.38112,17.103188,17.33334,0,100075,train
65.0,96.0,81.0,80.666664,28.62787,2.8950558,3.3333282,0,100075,train
56.0,73.0,57.0,62.0,59.76435,7.0625,19.33334,0,100075,train
141.0,148.0,141.0,143.33333,35.83913,6.7612753,12.6666565,0,100075,train
65.0,95.0,93.0,84.333336,10.74969,1.7637573,7.9999924,0,100075,train
44.0,68.0,55.0,55.666668,26.53719,3.1989684,6.0,0,100075,train
29.0,31.0,28.0,29.333334,8.000002,0.8764288,1.6666679,0,100075,train
45.0,76.0,60.0,60.333332,25.759567,3.5292099,10.0,0,100075,train
33.0,36.0,19.0,29.333334,23.213982,9.407106,29.666668,0,100075,train
129.0,144.0,125.0,132.66667,184.14067,21.409672,77.66669,0,100075,train
207.0,166.0,136.0,169.66667,94.80037,10.640155,16.333313,0,100075,train
106.0,87.0,54.0,82.333336,105.7723,10.997691,3.3333282,0,100075,train
127.0,139.0,137.0,134.33333,41.95501,7.5844207,40.0,0,100075,train
155.0,122.0,87.0,121.333336,103.73471,11.887329,26.666656,0,100075,train
240.0,251.0,234.0,241.66667,202.59871,46.245228,265.33337,0,100075,train
51.0,103.0,114.0,89.333336,36.224606,3.8522518,4.333336,0,100075,train
54.0,120.0,136.0,103.333336,18.767593,2.9178197,13.6666565,0,100075,train
89.0,112.0,96.0,99.0,108.5705,12.388211,54.666664,0,100075,train
33.0,68.0,62.0,54.333332,65.15793,6.9586177,1.0000038,0,100075,train
162.0,136.0,109.0,135.66667,99.788666,12.953266,39.66664,0,100075,train
114.0,122.0,109.0,115.0,43.891285,5.0676093,13.333328,0,100075,train
116.0,103.0,69.0,96.0,118.795815,14.104659,44.66667,0,100075,train
48.0,79.0,73.0,66.666664,42.648426,5.2699585,21.999989,0,100075,train
88.0,107.0,88.0,94.333336,172.9515,17.630928,3.3333282,0,100075,train
27.0,31.0,30.0,29.333334,4.8074,0.9026734,0.66666603,0,100075,train
19.0,38.0,34.0,30.333334,23.795424,6.216482,25.333334,0,100075,train
235.0,216.0,210.0,220.33333,98.43217,12.452566,45.99997,0,100075,train
132.0,128.0,99.0,119.666664,83.612854,15.865924,56.33333,0,100075,train
187.0,146.0,114.0,149.0,45.50947,7.000558,2.6666718,0,100075,train
197.0,151.0,117.0,155.0,75.853676,7.7313285,2.3333282,0,100075,train
168.0,126.0,86.0,126.666664,34.84887,6.3449044,26.666672,0,100075,train
64.0,100.0,98.0,87.333336,108.84443,11.263902,9.6666565,0,100075,train
193.0,147.0,114.0,151.33333,6.2893186,3.8030107,8.666687,0,100075,train
58.0,122.0,134.0,104.666664,47.33097,7.81175,17.666664,0,100075,train
138.0,151.0,144.0,144.33333,55.23684,9.171223,18.333305,0,100075,train
178.0,148.0,112.0,146.0,63.529522,8.693792,10.3333435,0,100075,train
69.0,100.0,92.0,87.0,29.604797,5.0170608,25.666664,0,100075,train
41.0,49.0,38.0,42.666668,98.89164,14.8338785,5.666664,0,100075,train
140.0,120.0,83.0,114.333336,103.03182,11.745719,49.0,0,100075,train
201.0,169.0,156.0,175.33333,86.67691,10.136278,10.333313,0,100075,train
65.0,80.0,61.0,68.666664,128.80994,13.720992,19.333344,0,100075,train
143.0,141.0,129.0,137.66667,372.5593,39.84533,15.666649,0,100075,train
47.0,44.0,29.0,40.0,17.088007,2.183031,6.333336,0,100075,train
196.0,155.0,123.0,158.0,16.02775,3.509752,1.5258789e-05,0,100075,train
64.0,129.0,135.0,109.333336,46.019314,6.433782,18.333336,0,100075,train
64.0,88.0,72.0,74.666664,111.236496,11.725706,19.333317,0,100075,train
139.0,145.0,143.0,142.33333,40.1691,7.909893,19.999985,0,100075,train
61.0,75.0,58.0,64.666664,115.54027,16.479273,9.333336,0,100075,train
125.0,137.0,125.0,129.0,33.30999,4.3101215,16.000008,0,100075,train
105.0,117.0,129.0,117.0,8.6666565,0.9354144,0.66667175,1,100080,train
143.0,147.0,112.0,134.0,37.073532,4.1638794,13.6666565,1,100080,train
103.0,98.0,78.0,93.0,77.06419,10.105353,5.3333282,1,100080,train
106.0,116.0,125.0,115.666664,15.347806,1.6083887,0.9999924,1,100080,train
97.0,122.0,90.0,103.0,45.939556,7.345877,23.0,1,100080,train
99.0,97.0,82.0,92.666664,130.16228,14.258153,22.999992,1,100080,train
96.0,100.0,77.0,91.0,88.29244,14.068956,27.333336,1,100080,train
59.0,69.0,44.0,57.333332,107.43475,14.76689,49.333336,1,100080,train
113.0,116.0,87.0,105.333336,152.05261,15.610055,3.0000076,1,100080,train
106.0,118.0,130.0,118.0,8.393114,1.0198231,0.6666565,1,100080,train
121.0,120.0,89.0,110.0,81.11582,8.872799,0.33333588,1,100080,train
106.0,119.0,128.0,117.666664,10.852537,1.4269313,4.3333206,1,100080,train
120.0,119.0,91.0,110.0,64.55317,6.3924394,1.6666641,1,100080,train
104.0,107.0,86.0,99.0,13.4824915,15.922634,62.0,1,100080,train
149.0,144.0,112.0,135.0,43.909,5.72839,18.666664,1,100080,train
150.0,154.0,129.0,144.33333,32.744778,3.856559,2.9999695,1,100080,train
134.0,140.0,102.0,125.333336,50.237198,5.244882,4.333336,1,100080,train
122.0,116.0,90.0,109.333336,102.97465,10.386853,26.66668,1,100080,train
132.0,136.0,101.0,123.0,39.12941,4.7673407,10.000008,1,100080,train
126.0,130.0,93.0,116.333336,34.386692,5.192016,13.666664,1,100080,train
114.0,110.0,81.0,101.666664,122.01001,13.231193,7.666649,1,100080,train
105.0,115.0,124.0,114.666664,15.755074,1.6924118,2.9999924,1,100080,train
105.0,114.0,119.0,112.666664,22.75472,2.3412488,0.6666641,1,100080,train
141.0,132.0,101.0,124.666664,45.76513,4.703514,15.666672,1,100080,train
150.0,148.0,109.0,135.66667,42.796688,6.520625,31.000015,1,100080,train
105.0,118.0,127.0,116.666664,11.508447,1.3280331,1.6666794,1,100080,train
98.0,97.0,76.0,90.333336,161.94513,16.573832,7.6666794,1,100080,train
131.0,141.0,107.0,126.333336,74.36993,7.563985,7.0000153,1,100080,train
98.0,107.0,106.0,103.666664,1.6996711,1.0439558,1.3333435,1,100080,train
122.0,125.0,96.0,114.333336,157.73535,16.570398,33.333344,1,100080,train
135.0,140.0,110.0,128.33333,62.01254,7.401106,31.666641,1,100080,train
83.0,83.0,55.0,73.666664,144.21664,18.134615,11.666672,1,100080,train
97.0,103.0,75.0,91.666664,47.076782,13.001841,71.00001,1,100080,train
134.0,142.0,101.0,125.666664,26.683332,3.8649063,0.9999924,1,100080,train
148.0,148.0,110.0,135.33333,24.29906,5.2732,4.666649,1,100080,train
141.0,131.0,106.0,126.0,58.00384,7.209342,4.6666718,1,100080,train
163.0,158.0,128.0,149.66667,88.514915,9.467048,35.000015,1,100080,train
102.0,94.0,71.0,89.0,94.73355,9.407755,21.666664,1,100080,train
157.0,154.0,123.0,144.66667,42.627583,6.6539755,33.000015,1,100080,train
132.0,137.0,107.0,125.333336,9.718265,1.8822775,0.66667175,1,100080,train
106.0,119.0,128.0,117.666664,17.333328,1.7340231,0.6666794,1,100080,train
102.0,111.0,116.0,109.666664,17.081484,1.7708027,2.6666718,1,100080,train
130.0,140.0,103.0,124.333336,24.988882,2.7643447,7.666664,1,100080,train
100.0,110.0,111.0,107.0,10.088506,1.0711961,1.0,1,100080,train
133.0,144.0,112.0,129.66667,56.82333,6.337898,9.3333435,1,100080,train
123.0,127.0,94.0,114.666664,147.8325,15.180393,14.999985,1,100080,train
97.0,100.0,69.0,88.666664,175.38591,20.240618,26.000004,1,100080,train
52.0,65.0,39.0,52.0,183.0604,22.220255,95.66667,1,100080,train
137.0,134.0,101.0,124.0,24.81039,3.4179845,3.6666641,1,100080,train
59.0,73.0,47.0,59.666668,83.43994,13.153411,55.66666,1,100080,train
99.0,98.0,77.0,91.333336,197.84619,19.663813,14.666672,1,100080,train
105.0,116.0,122.0,114.333336,14.757293,1.6405506,1.3333206,1,100080,train
134.0,141.0,107.0,127.333336,21.934242,2.3873036,2.6666641,1,100080,train
107.0,120.0,129.0,118.666664,11.785101,1.2267367,0.66667175,1,100080,train
139.0,142.0,111.0,130.66667,25.931538,2.8973317,5.6667023,1,100080,train
103.0,116.0,124.0,114.333336,16.60656,1.7787812,1.9999847,1,100080,train
142.0,143.0,111.0,132.0,21.050213,2.3418744,3.6666718,1,100080,train
130.0,130.0,96.0,118.666664,61.861874,6.631409,2.3333435,1,100080,train
146.0,146.0,108.0,133.33333,31.016125,3.48434,3.9999695,1,100080,train
123.0,123.0,97.0,114.333336,132.00084,15.79322,30.0,1,100080,train
117.0,120.0,89.0,108.666664,14.015849,2.078771,7.3333435,1,100080,train
117.0,121.0,96.0,111.333336,173.0215,21.088171,57.66668,1,100080,train
134.0,144.0,107.0,128.33333,20.27586,2.1371436,2.999977,1,100080,train
136.0,143.0,102.0,127.0,3.887297,1.9246043,11.666664,1,100080,train
103.0,116.0,124.0,114.333336,17.333344,1.8598346,2.6666489,1,100080,train
84.0,87.0,70.0,80.333336,73.65536,7.6916275,12.3333435,1,100080,train
102.0,111.0,116.0,109.666664,16.363895,1.6851836,1.6666718,1,100080,train
131.0,138.0,105.0,124.666664,77.323265,7.994444,6.6666794,1,100080,train
126.0,137.0,95.0,119.333336,30.070286,3.2460914,0.9999924,1,100080,train
116.0,116.0,90.0,107.333336,49.917717,7.713181,7.0000076,1,100080,train
145.0,125.0,100.0,123.333336,146.5272,15.112017,6.333351,1,100080,train
137.0,143.0,107.0,129.0,10.934154,1.9505608,9.333328,1,100080,train
100.0,111.0,81.0,97.333336,112.96409,12.202155,18.66668,1,100080,train
141.0,120.0,91.0,117.333336,106.921585,11.492822,7.333336,1,100080,train
102.0,102.0,74.0,92.666664,77.32326,13.444693,30.333344,1,100080,train
113.0,107.0,83.0,101.0,100.92022,11.464535,13.0,1,100080,train
128.0,136.0,97.0,120.333336,37.18123,3.8030107,5.6666565,1,100080,train
108.0,119.0,125.0,117.333336,14.6666565,1.5347537,0.6666794,1,100080,train
133.0,141.0,102.0,125.333336,52.325893,5.370274,3.6666794,1,100080,train
105.0,115.0,125.0,115.0,9.545195,1.0472248,0.33332825,1,100080,train
132.0,129.0,94.0,118.333336,67.66749,7.7439494,14.666664,1,100080,train
119.0,130.0,96.0,115.0,52.429844,6.27316,9.333336,1,100080,train
116.0,116.0,90.0,107.333336,161.77487,15.983115,16.666672,1,100080,train
102.0,99.0,84.0,95.0,113.130196,13.386932,34.0,1,100080,train
105.0,103.0,82.0,96.666664,119.826744,12.885994,16.666672,1,100080,train
135.0,141.0,107.0,127.666664,14.149968,4.6888537,2.0000076,1,100080,train
102.0,112.0,121.0,111.666664,21.689737,2.249783,7.6293945e-06,1,100080,train
107.0,117.0,129.0,117.666664,9.486833,1.099094,3.0,1,100080,train
132.0,133.0,99.0,121.333336,34.026142,6.0097575,11.6666565,1,100080,train
97.0,100.0,71.0,89.333336,169.04568,17.175066,0.33332062,1,100080,train
129.0,125.0,96.0,116.666664,75.87855,8.410895,2.3333206,1,100080,train
103.0,116.0,125.0,114.666664,11.352904,1.3553281,7.6293945e-06,1,100080,train
124.0,133.0,104.0,120.333336,19.821442,4.070425,22.333344,1,100080,train
139.0,144.0,104.0,129.0,7.6739025,2.9996746,16.0,1,100080,train
105.0,116.0,120.0,113.666664,17.307674,1.9253652,3.6666794,1,100080,train
102.0,115.0,124.0,113.666664,15.297058,1.5634372,1.0,1,100080,train
147.0,151.0,116.0,138.0,29.892435,3.8227322,3.0,1,100080,train
119.0,122.0,95.0,112.0,124.4231,13.531936,10.333336,1,100080,train
102.0,111.0,116.0,109.666664,9.545195,1.0661701,2.6666718,1,100080,train
146.0,141.0,109.0,132.0,46.48776,5.4095907,3.6666641,1,100080,train
67.0,71.0,48.0,62.0,161.39944,19.639973,41.333336,1,100080,train
106.0,110.0,77.0,97.666664,96.002304,9.787538,36.66668,1,100080,train
141.0,143.0,106.0,130.0,50.77184,6.0173903,4.333336,1,100080,train
127.0,138.0,96.0,120.333336,34.64744,3.6064992,4.6666718,1,100080,train
109.0,107.0,84.0,100.0,104.69002,10.962115,5.6666718,1,100080,train
108.0,111.0,82.0,100.333336,155.71625,16.859484,15.333321,1,100080,train
105.0,118.0,126.0,116.333336,13.864414,1.564686,1.9999924,1,100080,train
108.0,107.0,86.0,100.333336,150.41351,15.92429,24.000008,1,100080,train
126.0,134.0,97.0,119.0,45.891174,5.1638203,28.0,1,100080,train
69.0,82.0,56.0,69.0,54.5731,10.766884,25.000004,1,100080,train
102.0,111.0,116.0,109.666664,16.363895,1.6851836,1.6666718,1,100080,train
103.0,99.0,70.0,90.666664,160.37317,16.330778,7.6666718,1,100080,train
93.0,92.0,64.0,83.0,124.22917,14.224604,31.333336,1,100080,train
83.0,80.0,65.0,76.0,98.996056,10.689876,3.333332,1,100080,train
150.0,150.0,114.0,138.0,29.41277,6.3111076,15.3333435,1,100080,train
133.0,143.0,106.0,127.333336,20.747133,2.308273,0.6666565,1,100080,train
104.0,113.0,118.0,111.666664,18.666656,1.9311893,1.3333359,1,100080,train
104.0,115.0,121.0,113.333336,8.3532915,0.94269395,1.6666718,1,100080,train
136.0,141.0,100.0,125.666664,85.511536,9.337895,32.999985,1,100080,train
106.0,117.0,123.0,115.333336,15.670198,1.6515263,7.6293945e-06,1,100080,train
129.0,141.0,91.0,120.333336,1.0789593e-05,0.43861464,1.6666718,0,100080,train
103.0,118.0,85.0,102.0,33.229836,3.5293136,1.3333359,0,100080,train
110.0,148.0,187.0,148.33333,5.0990257,0.7781187,1.3333435,0,100080,train
37.0,63.0,64.0,54.666668,5.6959977,0.60837257,1.6666679,0,100080,train
107.0,134.0,164.0,135.0,17.694935,1.7716297,0.3333435,0,100080,train
73.0,91.0,77.0,80.333336,25.841387,2.5936558,0.0,0,100080,train
108.0,92.0,69.0,89.666664,56.54693,7.912763,23.666656,0,100080,train
114.0,100.0,74.0,96.0,17.492855,5.0503325,27.0,0,100080,train
109.0,112.0,95.0,105.333336,10.852537,1.3095205,0.3333435,0,100080,train
62.0,78.0,75.0,71.666664,10.883237,1.1223928,1.3333282,0,100080,train
130.0,145.0,102.0,125.666664,2.828427,0.7856128,3.0,0,100080,train
106.0,148.0,188.0,147.33333,15.951304,1.7544585,3.666687,0,100080,train
147.0,126.0,99.0,124.0,92.99224,12.7642,41.33333,0,100080,train
41.0,67.0,66.0,58.0,7.071068,0.95593846,1.0,0,100080,train
129.0,145.0,100.0,124.666664,7.4535656,0.8888414,1.6666565,0,100080,train
81.0,107.0,70.0,86.0,6.411796,3.370657,15.0,0,100080,train
38.0,62.0,64.0,54.666668,7.071068,0.7371954,0.0,0,100080,train
119.0,132.0,104.0,118.333336,12.823598,1.3877252,0.9999924,0,100080,train
130.0,143.0,90.0,121.0,3.1622777,0.5676844,3.0,0,100080,train
117.0,128.0,94.0,113.0,35.79262,3.8588374,8.666664,0,100080,train
103.0,117.0,94.0,104.666664,18.306047,1.9445436,0.6666641,0,100080,train
32.0,44.0,30.0,35.333332,9.988882,2.0245383,5.999998,0,100080,train
40.0,66.0,65.0,57.0,3.1622777,0.56660825,0.0,0,100080,train
95.0,101.0,67.0,87.666664,77.975784,9.1746025,8.666672,0,100080,train
120.0,124.0,97.0,113.666664,19.871828,3.2652886,10.3333435,0,100080,train
128.0,141.0,95.0,121.333336,3.0184543,0.40864676,0.33333588,0,100080,train
112.0,124.0,88.0,108.0,12.292723,2.441703,1.6666641,0,100080,train
109.0,148.0,191.0,149.33333,4.807413,0.5896238,1.9999847,0,100080,train
128.0,142.0,93.0,121.0,9.055393,1.051877,1.3333282,0,100080,train
36.0,61.0,58.0,51.666668,1.0540885,0.13887803,0.33333206,0,100080,train
129.0,136.0,102.0,122.333336,14.621123,1.8323269,0.33332825,0,100080,train
70.0,89.0,59.0,72.666664,113.75215,16.945152,57.666676,0,100080,train
130.0,140.0,88.0,119.333336,3.0184543,0.37629983,0.6666641,0,100080,train
140.0,120.0,95.0,118.333336,176.89798,20.292923,62.333336,0,100080,train
125.0,133.0,96.0,118.0,10.759989,1.7913638,3.0,0,100080,train
118.0,133.0,92.0,114.333336,6.3245554,0.73620117,1.0,0,100080,train
102.0,120.0,82.0,101.333336,22.454887,2.6885898,10.666664,0,100080,train
63.0,79.0,76.0,72.666664,9.3333435,1.1736445,3.6666718,0,100080,train
40.0,66.0,65.0,57.0,4.055176,0.56660825,0.33333206,0,100080,train
110.0,149.0,190.0,149.66667,5.0110974,0.60917467,2.0000153,0,100080,train
112.0,123.0,93.0,109.333336,34.46417,3.6617212,5.3333282,0,100080,train
116.0,150.0,185.0,150.33333,10.349465,1.2215513,3.6666718,0,100080,train
37.0,63.0,64.0,54.666668,0.0,0.0,0.0,0,100080,train
44.0,65.0,66.0,58.333332,5.696012,0.6283115,2.3333359,0,100080,train
78.0,71.0,55.0,68.0,47.726074,6.9068155,18.0,0,100080,train
39.0,65.0,62.0,55.333332,5.270465,0.70468575,0.66666794,0,100080,train
90.0,105.0,72.0,89.0,17.204649,2.8198688,0.33332825,0,100080,train
126.0,139.0,93.0,119.333336,5.656854,0.66658527,0.0,0,100080,train
110.0,136.0,91.0,112.333336,66.34086,8.76834,28.333344,0,100080,train
139.0,152.0,108.0,133.0,3.1622777,0.73686415,3.0,0,100080,train
35.0,35.0,33.0,34.333332,21.689728,2.6686978,6.666668,0,100080,train
101.0,88.0,69.0,86.0,68.43326,10.504672,37.333336,0,100080,train
129.0,137.0,100.0,122.0,8.246211,1.0546585,1.0,0,100080,train
115.0,125.0,90.0,110.0,16.20013,3.0347917,1.3333282,0,100080,train
113.0,127.0,101.0,113.666664,16.606567,1.6556603,2.9999847,0,100080,train
114.0,129.0,90.0,111.0,12.083046,1.4138683,5.0,0,100080,train
120.0,129.0,86.0,111.666664,4.0,0.5659616,1.0,0,100080,train
126.0,141.0,102.0,123.0,6.411789,0.8722054,0.33333588,0,100080,train
136.0,148.0,98.0,127.333336,1.3333282,0.75,2.3333359,0,100080,train
133.0,147.0,98.0,126.0,4.472136,0.6288941,2.0,0,100080,train
110.0,147.0,189.0,148.66667,13.333313,1.4121405,0.9999695,0,100080,train
99.0,98.0,78.0,91.666664,140.91132,14.789704,14.0,0,100080,train
89.0,95.0,59.0,81.0,41.33871,6.685163,35.333336,0,100080,train
118.0,131.0,88.0,112.333336,2.5386004,0.6673174,1.6666641,0,100080,train
120.0,132.0,96.0,116.0,4.216364,0.65625,1.6666641,0,100080,train
39.0,65.0,62.0,55.333332,4.2163734,0.6850097,3.3333359,0,100080,train
82.0,96.0,83.0,87.0,15.95132,1.66287,2.0000076,0,100080,train
125.0,136.0,93.0,118.0,1.4142135,0.49706167,2.0,0,100080,train
102.0,116.0,91.0,103.0,22.355705,2.38198,0.33332825,0,100080,train
56.0,75.0,71.0,67.333336,19.69771,1.9813584,0.3333435,0,100080,train
108.0,140.0,179.0,142.33333,15.698539,1.8661249,7.666641,0,100080,train
119.0,143.0,145.0,135.66667,10.381587,1.1336473,1.0000153,0,100080,train
38.0,64.0,63.0,55.0,6.599665,0.96166766,0.0,0,100080,train
92.0,109.0,77.0,92.666664,28.817429,4.5472775,6.333336,0,100080,train
74.0,77.0,58.0,69.666664,96.10411,10.836588,11.3333435,0,100080,train
101.0,111.0,113.0,108.333336,16.363928,1.7280996,3.6666641,0,100080,train
126.0,140.0,91.0,119.0,1.4142135,0.3156095,0.0,0,100080,train
94.0,83.0,63.0,80.0,5.6960073,5.923627,34.0,0,100080,train
116.0,128.0,90.0,111.333336,24.335613,2.455065,2.0,0,100080,train
75.0,69.0,53.0,65.666664,91.69635,10.501557,20.999992,0,100080,train
135.0,150.0,107.0,130.66667,36.496605,4.0766582,1.0000076,0,100080,train
34.0,63.0,61.0,52.666668,2.5385864,0.8163969,3.333332,0,100080,train
118.0,120.0,99.0,112.333336,11.411505,1.4439393,0.3333435,0,100080,train
36.0,62.0,63.0,53.666668,2.0,0.4157542,0.0,0,100080,train
35.0,61.0,62.0,52.666668,4.472136,0.49706167,2.0,0,100080,train
106.0,109.0,98.0,104.333336,4.24263,0.7862341,1.3333206,0,100080,train
119.0,119.0,81.0,106.333336,18.384777,3.084899,6.6666718,0,100080,train
36.0,60.0,64.0,53.333332,4.0,0.49681604,3.0,0,100080,train
126.0,141.0,100.0,122.333336,11.822769,1.4993488,1.0000076,0,100080,train
127.0,140.0,96.0,121.0,7.0079327,0.73686415,0.33333588,0,100080,train
120.0,145.0,152.0,139.0,22.769384,2.488646,4.3333282,0,100080,train
76.0,85.0,64.0,75.0,24.734146,3.8663588,5.3333282,0,100080,train
36.0,59.0,65.0,53.333332,0.47140273,0.104815684,0.0,0,100080,train
39.0,65.0,64.0,56.0,4.0276837,0.59045136,3.0,0,100080,train
113.0,123.0,89.0,108.333336,13.872445,2.8391101,10.333321,0,100080,train
135.0,150.0,109.0,131.33333,2.828427,0.47186464,0.0,0,100080,train
88.0,76.0,60.0,74.666664,55.445667,6.528371,6.3333282,0,100080,train
127.0,140.0,96.0,121.0,2.0,0.4157542,3.0,0,100080,train
106.0,134.0,94.0,111.333336,126.432236,14.324708,19.333336,0,100080,train
40.0,64.0,66.0,56.666668,1.4142135,0.7370298,3.0,0,100080,train
40.0,64.0,66.0,56.666668,1.943655,0.7371954,2.333332,0,100080,train
106.0,131.0,92.0,109.666664,21.296822,2.9117892,16.666656,0,100080,train
86.0,75.0,55.0,72.0,70.33412,7.991939,6.000004,0,100080,train
129.0,141.0,103.0,124.333336,12.373803,1.422819,1.6666641,0,100080,train
131.0,143.0,93.0,122.333336,3.3333359,0.53125,0.33333588,0,100080,train
128.0,141.0,98.0,122.333336,5.7542458,0.6846532,2.3333282,0,100080,train
111.0,127.0,90.0,109.333336,2.8284488,1.1013131,1.3333435,0,100080,train
110.0,146.0,180.0,145.33333,8.110347,1.1223928,2.3333282,0,100080,train
109.0,129.0,94.0,110.666664,61.060997,7.701905,10.3333435,0,100080,train
127.0,135.0,94.0,118.666664,4.2426405,0.49607837,2.0,0,100080,train
42.0,66.0,66.0,58.0,13.333328,1.4740596,5.333332,0,100080,train
131.0,142.0,102.0,125.0,11.313708,1.3877252,5.3333282,0,100080,train
75.0,76.0,58.0,69.666664,63.805252,6.5054064,5.666668,0,100080,train
38.0,64.0,63.0,55.0,1.054091,0.31444705,0.33333206,0,100080,train
106.0,120.0,84.0,103.333336,36.015438,4.314877,16.666664,0,100080,train
122.0,137.0,106.0,121.666664,15.951304,1.6387638,1.0,0,100080,train
35.0,61.0,62.0,52.666668,3.7712326,0.69280624,3.333332,0,100080,train
103.0,117.0,94.0,104.666664,13.920419,1.4654218,1.6666641,0,100080,train
40.0,66.0,67.0,57.666668,0.66667175,0.41604772,0.66666794,0,100080,train
40.0,64.0,68.0,57.333332,4.6427884,0.52384543,0.33333588,0,100080,train
255.0,255.0,248.0,252.66667,322.22076,37.36115,123.33336,1,100098,train
51.0,62.0,56.0,56.333332,78.159386,9.8270445,45.999992,1,100098,train
74.0,91.0,85.0,83.333336,320.04028,34.023758,51.666656,1,100098,train
216.0,233.0,240.0,229.66667,330.04916,35.3193,40.00003,1,100098,train
80.0,103.0,97.0,93.333336,205.87645,22.194122,10.000008,1,100098,train
106.0,108.0,68.0,94.0,83.59957,19.761591,36.0,1,100098,train
54.0,64.0,53.0,57.0,96.61032,9.869522,4.333332,1,100098,train
219.0,214.0,218.0,217.0,591.20703,63.624695,57.000008,1,100098,train
34.0,45.0,39.0,39.333332,21.213203,3.9662426,14.999996,1,100098,train
189.0,212.0,218.0,206.33333,323.90158,32.54288,4.666687,1,100098,train
120.0,123.0,94.0,112.333336,355.36398,40.27913,83.33332,1,100098,train
139.0,160.0,145.0,148.0,652.0549,66.43777,9.333321,1,100098,train
179.0,201.0,199.0,193.0,493.70477,49.259716,4.0000076,1,100098,train
204.0,219.0,222.0,215.0,440.29413,45.890663,62.666656,1,100098,train
222.0,232.0,233.0,229.0,419.0988,44.412926,67.66667,1,100098,train
34.0,45.0,37.0,38.666668,31.446604,4.521555,10.000004,1,100098,train
33.0,42.0,37.0,37.333332,503.76205,62.370453,189.33333,1,100098,train
90.0,115.0,111.0,105.333336,305.7468,52.723938,99.66666,1,100098,train
78.0,77.0,59.0,71.333336,77.069954,16.900558,8.999992,1,100098,train
50.0,57.0,49.0,52.0,91.263954,10.428806,29.0,1,100098,train
135.0,147.0,143.0,141.66667,60.53465,17.106056,10.9999695,1,100098,train
132.0,158.0,159.0,149.66667,192.01854,20.798794,41.000023,1,100098,train
195.0,204.0,201.0,200.0,570.941,58.660637,41.666664,1,100098,train
213.0,226.0,219.0,219.33333,418.38443,48.39587,129.3333,1,100098,train
90.0,94.0,79.0,87.666664,202.5663,20.71439,12.000008,1,100098,train
176.0,166.0,156.0,166.0,586.464,60.43288,62.333344,1,100098,train
89.0,101.0,81.0,90.333336,221.95296,25.973394,12.333328,1,100098,train
101.0,135.0,144.0,126.666664,356.11798,37.007072,14.000015,1,100098,train
247.0,250.0,221.0,239.33333,347.96585,52.51871,178.66666,1,100098,train
255.0,255.0,239.0,249.66667,98.61824,27.339588,70.333374,1,100098,train
174.0,198.0,202.0,191.33333,330.93805,32.778255,29.666687,1,100098,train
33.0,47.0,47.0,42.333332,501.95215,67.07587,188.66666,1,100098,train
90.0,84.0,50.0,74.666664,44.38218,15.772399,1.9999962,1,100098,train
89.0,84.0,62.0,78.333336,47.611847,21.43898,10.999985,1,100098,train
65.0,75.0,67.0,69.0,130.1085,15.250993,5.666664,1,100098,train
54.0,66.0,64.0,61.333332,208.4621,27.941948,71.333336,1,100098,train
124.0,126.0,89.0,113.0,266.64044,39.74049,209.33333,1,100098,train
205.0,189.0,174.0,189.33333,347.96204,36.012367,74.33334,1,100098,train
52.0,67.0,62.0,60.333332,14.974046,4.5499883,24.66666,1,100098,train
67.0,68.0,54.0,63.0,33.711197,7.2941475,33.666664,1,100098,train
176.0,172.0,160.0,169.33333,487.82352,48.08927,12.666641,1,100098,train
64.0,85.0,78.0,75.666664,150.01036,18.244194,27.333344,1,100098,train
120.0,128.0,105.0,117.666664,182.55287,22.447725,11.999992,1,100098,train
56.0,66.0,57.0,59.666668,321.2562,41.13542,80.33333,1,100098,train
251.0,254.0,243.0,249.33333,254.51697,39.937893,105.33331,1,100098,train
209.0,228.0,226.0,221.0,234.22403,33.20262,3.3333282,1,100098,train
252.0,255.0,253.0,253.33333,11.595015,1.5461646,4.3333282,1,100098,train
244.0,237.0,227.0,236.0,287.8302,31.25756,127.66666,1,100098,train
228.0,239.0,233.0,233.33333,261.4634,31.982172,67.999985,1,100098,train
24.0,36.0,26.0,28.666666,38.134266,9.310822,15.000002,1,100098,train
82.0,76.0,52.0,70.0,204.95259,25.187742,66.66667,1,100098,train
180.0,197.0,213.0,196.66667,390.04987,39.651314,30.000015,1,100098,train
36.0,58.0,45.0,46.333332,135.53186,18.762964,64.333336,1,100098,train
39.0,62.0,44.0,48.333332,65.30782,7.53266,5.3333397,1,100098,train
255.0,250.0,247.0,250.66667,235.31068,32.64828,46.000015,1,100098,train
214.0,217.0,206.0,212.33333,442.84433,49.614098,46.999977,1,100098,train
162.0,187.0,191.0,180.0,338.49142,36.57353,32.0,1,100098,train
53.0,76.0,70.0,66.333336,104.720795,14.0808735,38.99999,1,100098,train
255.0,253.0,254.0,254.0,421.8125,52.740852,134.0,1,100098,train
172.0,187.0,164.0,174.33333,706.5429,71.85548,37.666634,1,100098,train
155.0,182.0,165.0,167.33333,693.0905,70.07688,19.666649,1,100098,train
56.0,67.0,61.0,61.333332,183.11443,20.840961,50.333336,1,100098,train
150.0,136.0,110.0,132.0,314.83963,41.547085,82.333336,1,100098,train
109.0,119.0,121.0,116.333336,644.987,69.39718,189.33331,1,100098,train
50.0,62.0,48.0,53.333332,117.923706,12.744839,15.999992,1,100098,train
173.0,180.0,149.0,167.33333,427.43472,45.455013,16.333359,1,100098,train
55.0,67.0,55.0,59.0,36.13555,9.102673,17.666664,1,100098,train
227.0,251.0,251.0,243.0,225.83423,38.437347,106.33333,1,100098,train
76.0,88.0,78.0,80.666664,220.29929,29.204859,51.000015,1,100098,train
43.0,69.0,70.0,60.666668,62.512222,8.160589,40.666668,1,100098,train
32.0,44.0,34.0,36.666668,43.736588,16.914782,46.333324,1,100098,train
147.0,166.0,172.0,161.66667,270.62726,31.2575,38.33336,1,100098,train
95.0,100.0,78.0,91.0,392.71872,38.751335,8.333336,1,100098,train
53.0,74.0,55.0,60.666668,99.20574,12.468202,14.333328,1,100098,train
249.0,253.0,254.0,252.0,492.576,55.316986,157.33334,1,100098,train
214.0,214.0,214.0,214.0,438.59674,45.65962,14.333328,1,100098,train
51.0,74.0,48.0,57.666668,265.40912,36.15653,67.99999,1,100098,train
152.0,156.0,131.0,146.33333,503.6853,52.753555,54.333344,1,100098,train
74.0,108.0,120.0,100.666664,405.55255,42.646404,16.33334,1,100098,train
119.0,143.0,130.0,130.66667,457.63498,47.019318,9.666695,1,100098,train
159.0,152.0,100.0,137.0,308.88257,37.56999,119.33334,1,100098,train
105.0,114.0,97.0,105.333336,215.74522,26.708643,66.66665,1,100098,train
43.0,59.0,46.0,49.333332,170.14111,41.82516,89.333336,1,100098,train
63.0,76.0,69.0,69.333336,73.673454,19.013937,2.9999886,1,100098,train
255.0,251.0,241.0,249.0,35.82676,43.73281,215.66667,1,100098,train
97.0,95.0,70.0,87.333336,194.03093,21.69682,36.33333,1,100098,train
92.0,124.0,119.0,111.666664,661.70105,69.4303,64.66669,1,100098,train
255.0,252.0,246.0,251.0,174.79004,22.30602,49.666687,1,100098,train
253.0,246.0,238.0,245.66667,405.44843,45.176994,97.33336,1,100098,train
54.0,65.0,61.0,60.0,45.436157,6.629513,28.666668,1,100098,train
148.0,142.0,116.0,135.33333,500.4702,56.194035,31.666641,1,100098,train
157.0,168.0,152.0,159.0,322.3318,37.99936,132.33333,1,100098,train
115.0,123.0,108.0,115.333336,388.27768,43.487324,26.0,1,100098,train
189.0,229.0,237.0,218.33333,185.71483,20.179953,35.000015,1,100098,train
59.0,83.0,67.0,69.666664,185.4556,20.408463,21.000015,1,100098,train
187.0,208.0,209.0,201.33333,92.086914,18.5706,71.3333,1,100098,train
123.0,128.0,98.0,116.333336,314.37415,32.95865,29.999985,1,100098,train
63.0,82.0,89.0,78.0,466.67453,47.919205,89.999985,1,100098,train
87.0,97.0,89.0,91.0,760.4544,79.25414,145.0,1,100098,train
229.0,248.0,246.0,241.0,258.62756,32.457424,79.0,1,100098,train
107.0,96.0,74.0,92.333336,325.44702,39.2186,48.33332,1,100098,train
53.0,59.0,55.0,55.666668,37.386868,6.342961,15.666676,1,100098,train
52.0,66.0,49.0,55.666668,215.24405,28.338383,43.333324,1,100098,train
208.0,202.0,176.0,195.33333,229.79506,31.976522,90.66664,1,100098,train
91.0,119.0,71.0,93.666664,72.72627,15.498141,12.999996,1,100098,train
255.0,254.0,246.0,251.66667,410.23895,46.93717,116.6667,1,100098,train
201.0,221.0,220.0,214.0,32.55764,13.172236,10.666672,1,100098,train
191.0,179.0,121.0,163.66667,201.17433,23.717453,5.9999695,1,100098,train
173.0,193.0,194.0,186.66667,155.56635,20.150702,60.33336,1,100098,train
47.0,58.0,52.0,52.333332,40.933548,18.437077,2.0000038,1,100098,train
255.0,255.0,234.0,248.0,320.0309,42.39601,216.0,1,100098,train
110.0,132.0,111.0,117.666664,664.1728,68.12639,72.66667,1,100098,train
75.0,90.0,71.0,78.666664,265.31866,31.793232,50.333336,1,100098,train
193.0,225.0,236.0,218.0,143.17744,29.553118,43.0,1,100098,train
102.0,128.0,117.0,115.666664,302.41434,30.091219,16.000015,1,100098,train
71.0,85.0,59.0,71.666664,60.00185,6.3421335,9.0,1,100098,train
226.0,236.0,225.0,229.0,245.75777,29.087355,0.3333435,1,100098,train
77.0,79.0,55.0,70.333336,192.87418,22.221365,105.66666,1,100098,train
71.0,86.0,63.0,73.333336,51.227165,8.603943,15.999985,1,100098,train
111.0,128.0,120.0,119.666664,669.1039,70.03557,132.00002,1,100098,train
22.0,30.0,33.0,28.333334,8.666664,2.5809407,2.666666,0,100098,train
252.0,255.0,253.0,253.33333,5.7542458,0.77055174,0.33332825,0,100098,train
246.0,255.0,255.0,252.0,75.57924,21.756285,29.333344,0,100098,train
167.0,170.0,149.0,162.0,55.547775,42.88167,14.0,0,100098,train
183.0,175.0,154.0,170.66667,375.57214,40.692997,196.00003,0,100098,train
40.0,45.0,38.0,41.0,7.0867586,2.4894798,6.666668,0,100098,train
199.0,213.0,200.0,204.0,398.96866,40.183273,11.3333435,0,100098,train
234.0,239.0,235.0,236.0,228.44644,24.662409,29.333328,0,100098,train
158.0,160.0,123.0,147.0,282.59433,51.94299,166.0,0,100098,train
113.0,105.0,69.0,95.666664,69.60204,7.9551353,20.333344,0,100098,train
39.0,56.0,50.0,48.333332,34.140232,6.0602846,22.666672,0,100098,train
21.0,29.0,32.0,27.333334,7.2111025,1.3146607,3.0,0,100098,train
67.0,68.0,62.0,65.666664,717.54724,79.991745,293.6667,0,100098,train
91.0,91.0,65.0,82.333336,49.13699,6.849598,28.999992,0,100098,train
56.0,73.0,67.0,65.333336,140.6335,16.429003,64.66667,0,100098,train
133.0,180.0,206.0,173.0,138.54643,15.5,27.0,0,100098,train
90.0,153.0,171.0,138.0,38.195415,4.4671106,9.6666565,0,100098,train
26.0,41.0,36.0,34.333332,98.762344,10.340427,43.333336,0,100098,train
254.0,255.0,255.0,254.66667,3.800591,0.45500687,1.0000153,0,100098,train
96.0,101.0,79.0,92.0,273.48657,32.276363,105.0,0,100098,train
191.0,216.0,221.0,209.33333,246.12416,25.327696,34.33333,0,100098,train
71.0,80.0,61.0,70.666664,49.553562,6.6773434,22.666664,0,100098,train
128.0,132.0,99.0,119.666664,247.31671,26.57575,23.000015,0,100098,train
71.0,77.0,67.0,71.666664,266.9773,28.887789,56.66667,0,100098,train
84.0,87.0,66.0,79.0,283.81683,31.244469,70.333336,0,100098,train
24.0,33.0,38.0,31.666666,33.28664,3.7350287,11.000006,0,100098,train
106.0,97.0,66.0,89.666664,79.75658,16.885818,33.66668,0,100098,train
30.0,53.0,33.0,38.666668,177.87949,21.499222,90.33333,0,100098,train
53.0,56.0,39.0,49.333332,12.256519,13.084816,22.999992,0,100098,train
76.0,85.0,56.0,72.333336,172.00128,19.711357,5.3333397,0,100098,train
115.0,109.0,85.0,103.0,216.88757,23.200047,6.333336,0,100098,train
39.0,53.0,30.0,40.666668,307.5675,33.878147,65.33333,0,100098,train
21.0,32.0,28.0,27.0,38.62354,4.222228,17.666668,0,100098,train
59.0,79.0,70.0,69.333336,84.44592,12.212105,27.33334,0,100098,train
166.0,179.0,187.0,177.33333,373.71915,38.70754,59.000015,0,100098,train
46.0,66.0,54.0,55.333332,162.20837,29.449274,104.66667,0,100098,train
232.0,241.0,248.0,240.33333,90.19979,21.698845,103.99997,0,100098,train
89.0,93.0,70.0,84.0,53.965004,21.353836,55.333336,0,100098,train
68.0,75.0,59.0,67.333336,161.69449,19.50801,46.666664,0,100098,train
41.0,50.0,45.0,45.333332,28.944391,8.082566,4.3333397,0,100098,train
99.0,148.0,153.0,133.33333,210.73892,24.215322,39.333313,0,100098,train
201.0,226.0,231.0,219.33333,393.09286,39.588066,44.666656,0,100098,train
44.0,69.0,73.0,62.0,41.106907,10.410636,28.666664,0,100098,train
251.0,255.0,253.0,253.0,67.140015,10.290317,7.6666718,0,100098,train
95.0,98.0,67.0,86.666664,199.702,20.990953,19.333324,0,100098,train
125.0,120.0,100.0,115.0,498.18448,52.83607,160.33333,0,100098,train
227.0,248.0,251.0,242.0,77.5471,8.337134,6.6666718,0,100098,train
170.0,187.0,155.0,170.66667,294.27878,39.256977,195.33334,0,100098,train
104.0,101.0,70.0,91.666664,188.56183,29.556305,106.66669,0,100098,train
114.0,116.0,94.0,108.0,113.971725,18.435804,28.666656,0,100098,train
241.0,255.0,255.0,250.33333,168.6996,23.156988,61.333313,0,100098,train
251.0,255.0,253.0,253.0,10.088511,2.2132413,1.3333435,0,100098,train
40.0,56.0,55.0,50.333332,23.687775,4.8711925,21.666664,0,100098,train
241.0,254.0,255.0,250.0,37.882843,3.845655,4.6666718,0,100098,train
158.0,189.0,194.0,180.33333,182.8035,25.092407,117.000015,0,100098,train
61.0,59.0,47.0,55.666668,21.023796,2.6758468,7.6666718,0,100098,train
193.0,222.0,238.0,217.66667,140.20068,15.556475,3.6666412,0,100098,train
76.0,76.0,48.0,66.666664,115.82075,12.552108,18.333324,0,100098,train
36.0,45.0,42.0,41.0,0.94281083,0.82324624,4.0,0,100098,train
255.0,255.0,255.0,255.0,1.9436419,1.0193442,0.99998474,0,100098,train
75.0,93.0,79.0,82.333336,96.5413,24.083776,86.33333,0,100098,train
226.0,244.0,246.0,238.66667,143.16502,28.153666,138.33336,0,100098,train
79.0,82.0,65.0,75.333336,101.20716,12.448194,4.0000114,0,100098,train
96.0,90.0,64.0,83.333336,415.53848,45.197083,141.33333,0,100098,train
71.0,73.0,59.0,67.666664,33.001682,7.52134,43.666656,0,100098,train
58.0,69.0,52.0,59.666668,8.02773,1.9231449,3.333332,0,100098,train
221.0,218.0,211.0,216.66667,232.39241,30.533537,4.9999695,0,100098,train
242.0,255.0,255.0,250.66667,48.281578,5.81418,7.0000153,0,100098,train
53.0,75.0,52.0,60.0,211.86684,21.288597,5.333332,0,100098,train
254.0,255.0,238.0,249.0,431.72855,50.8457,215.00002,0,100098,train
65.0,78.0,60.0,67.666664,82.43111,8.345096,0.33332443,0,100098,train
32.0,47.0,42.0,40.333332,81.42754,8.479618,11.66667,0,100098,train
29.0,29.0,17.0,25.0,59.15892,8.666672,33.666664,0,100098,train
242.0,255.0,255.0,250.66667,97.61717,11.178418,25.333344,0,100098,train
24.0,32.0,35.0,30.333334,20.789951,2.3934062,5.333332,0,100098,train
186.0,197.0,191.0,191.33333,111.97817,19.947783,42.00003,0,100098,train
45.0,60.0,39.0,48.0,116.85223,15.391814,3.333334,0,100098,train
44.0,56.0,42.0,47.333332,24.948843,4.3644123,27.333336,0,100098,train
100.0,100.0,76.0,92.0,57.273228,7.1165657,14.666672,0,100098,train
222.0,240.0,255.0,239.0,7.902175,11.198668,68.0,0,100098,train
151.0,145.0,111.0,135.66667,387.28256,39.66934,4.999977,0,100098,train
91.0,86.0,66.0,81.0,486.49518,55.47338,160.33334,0,100098,train
224.0,243.0,249.0,238.66667,144.91762,15.281602,14.666687,0,100098,train
54.0,69.0,50.0,57.666668,173.09023,18.415043,41.333344,0,100098,train
86.0,138.0,151.0,125.0,67.49155,9.039086,30.666656,0,100098,train
145.0,191.0,204.0,180.0,442.06082,45.07329,25.0,0,100098,train
154.0,132.0,85.0,123.666664,148.33672,15.769272,26.33332,0,100098,train
107.0,89.0,49.0,81.666664,204.59445,26.851843,91.66668,0,100098,train
61.0,82.0,73.0,72.0,192.01506,20.157413,39.000004,0,100098,train
90.0,88.0,63.0,80.333336,29.604801,7.016373,59.33333,0,100098,train
65.0,78.0,48.0,63.666668,265.8575,27.488314,59.333324,0,100098,train
89.0,84.0,64.0,79.0,181.72812,21.037552,3.666668,0,100098,train
134.0,165.0,170.0,156.33333,267.3462,28.362677,10.333351,0,100098,train
57.0,81.0,83.0,73.666664,157.18707,21.799849,65.66667,0,100098,train
66.0,80.0,63.0,69.666664,150.35146,25.178251,22.333344,0,100098,train
249.0,255.0,251.0,251.66667,96.2312,16.148964,23.333344,0,100098,train
50.0,64.0,41.0,51.666668,80.05137,13.377199,8.333328,0,100098,train
255.0,252.0,254.0,253.66667,4.4721565,0.77055174,0.9999695,0,100098,train
42.0,61.0,55.0,52.666668,46.518803,9.821876,28.999992,0,100098,train
237.0,247.0,248.0,244.0,114.349365,14.110335,3.0,0,100098,train
170.0,196.0,211.0,192.33333,138.32007,15.012755,12.666672,0,100098,train
79.0,90.0,60.0,76.333336,50.068848,8.685785,14.333336,0,100098,train
78.0,78.0,54.0,70.0,55.65768,15.375477,61.333332,0,100098,train
24.0,32.0,34.0,30.0,5.206835,0.6499887,0.0,0,100098,train
25.0,35.0,37.0,32.333332,15.67021,2.5536838,1.6666622,0,100098,train
157.0,149.0,87.0,131.0,22.866776,20.23893,33.0,0,100098,train
255.0,255.0,246.0,252.0,394.32535,44.456745,144.66666,0,100098,train
223.0,232.0,215.0,223.33333,513.5387,55.203777,87.99999,0,100098,train
216.0,238.0,236.0,230.0,462.95096,52.76444,81.0,0,100098,train
236.0,242.0,242.0,240.0,79.131424,9.452182,10.3333435,0,100098,train
77.0,82.0,59.0,72.666664,134.38338,18.503775,56.333324,0,100098,train
102.0,131.0,137.0,123.333336,128.45837,16.447033,7.666664,0,100098,train
22.0,30.0,32.0,28.0,5.8309493,0.70468575,1.6666679,0,100098,train
252.0,255.0,255.0,254.0,47.478687,7.6925797,7.0,0,100098,train
50.0,51.0,33.0,44.666668,86.7,14.663302,21.999994,0,100098,train
187.0,182.0,153.0,174.0,353.15503,41.416637,15.666679,0,100098,train
23.0,29.0,19.0,23.666666,296.5348,41.977654,106.0,0,100098,train
141.0,191.0,216.0,182.66667,196.48296,21.09521,10.999985,0,100098,train
236.0,255.0,255.0,248.66667,85.25517,9.63737,22.666687,0,100098,train
85.0,99.0,86.0,90.0,221.20178,22.49797,48.333332,0,100098,train
179.0,188.0,197.0,188.0,385.89175,42.230927,136.0,1,103041,train
43.0,45.0,40.0,42.666668,91.21403,10.955577,43.333324,1,103041,train
82.0,87.0,81.0,83.333336,210.42287,23.312386,34.33334,1,103041,train
33.0,44.0,48.0,41.666668,137.25322,22.29088,58.333332,1,103041,train
123.0,116.0,108.0,115.666664,382.7831,36.95481,13.6666565,1,103041,train
110.0,111.0,113.0,111.333336,411.47968,44.89443,86.33332,1,103041,train
202.0,220.0,224.0,215.33333,198.5727,40.07008,156.66666,1,103041,train
126.0,117.0,108.0,117.0,95.77057,13.276213,18.333344,1,103041,train
48.0,58.0,57.0,54.333332,256.8329,25.787727,74.66667,1,103041,train
36.0,65.0,79.0,60.0,45.92264,4.7690306,6.000004,1,103041,train
81.0,77.0,66.0,74.666664,319.72836,32.18533,78.0,1,103041,train
32.0,43.0,45.0,40.0,109.36687,18.833097,47.666668,1,103041,train
108.0,122.0,122.0,117.333336,37.526287,6.2098713,33.333344,1,103041,train
106.0,118.0,118.0,114.0,24.517561,3.5450504,8.666672,1,103041,train
124.0,120.0,117.0,120.333336,331.68793,34.982224,46.0,1,103041,train
65.0,76.0,80.0,73.666664,137.8445,18.476534,50.66667,1,103041,train
120.0,122.0,121.0,121.0,44.84542,5.2633758,16.0,1,103041,train
97.0,103.0,93.0,97.666664,6.6164846,1.2484366,4.6666718,1,103041,train
102.0,120.0,122.0,114.666664,97.40864,12.851503,47.666656,1,103041,train
47.0,71.0,83.0,67.0,40.543533,4.268743,3.3333359,1,103041,train
156.0,157.0,161.0,158.0,457.07135,45.711113,21.0,1,103041,train
107.0,119.0,119.0,115.0,206.39229,25.17187,81.333336,1,103041,train
154.0,136.0,124.0,138.0,79.70083,9.383538,12.0,1,103041,train
151.0,148.0,139.0,146.0,142.49367,20.18317,110.33333,1,103041,train
24.0,57.0,72.0,51.0,46.5928,5.8309517,11.666668,1,103041,train
103.0,93.0,83.0,93.0,97.875206,13.684682,12.333328,1,103041,train
124.0,111.0,103.0,112.666664,43.51756,7.2213197,9.333321,1,103041,train
44.0,48.0,47.0,46.333332,104.393486,12.821662,35.333336,1,103041,train
77.0,89.0,89.0,85.0,23.103645,2.9100277,7.0,1,103041,train
92.0,92.0,90.0,91.333336,500.39984,55.44511,72.666664,1,103041,train
24.0,56.0,67.0,49.0,29.066977,7.054337,8.333336,1,103041,train
46.0,73.0,82.0,67.0,58.706432,5.95872,0.9999962,1,103041,train
41.0,60.0,66.0,55.666668,18.696407,1.9464887,2.6666718,1,103041,train
60.0,77.0,85.0,74.0,100.31507,10.100859,0.6666603,1,103041,train
68.0,80.0,76.0,74.666664,17.159382,2.7101157,3.3333206,1,103041,train
59.0,83.0,87.0,76.333336,106.91325,10.963585,0.9999924,1,103041,train
46.0,72.0,85.0,67.666664,62.08418,6.3615437,1.9999962,1,103041,train
102.0,115.0,123.0,113.333336,381.0841,39.962765,58.666668,1,103041,train
43.0,48.0,42.0,44.333332,20.292313,5.57057,11.33334,1,103041,train
28.0,37.0,36.0,33.666668,80.18867,12.271391,33.33333,1,103041,train
102.0,121.0,125.0,116.0,62.64183,9.465965,21.666672,1,103041,train
74.0,86.0,86.0,82.0,39.42364,4.1840587,6.666664,1,103041,train
20.0,55.0,74.0,49.666668,4.4472165,2.233282,1.9999962,1,103041,train
51.0,56.0,52.0,53.0,86.78453,12.602945,1.3333321,1,103041,train
53.0,58.0,52.0,54.333332,110.78106,21.32741,56.000004,1,103041,train
44.0,49.0,45.0,46.0,54.90396,7.423684,15.333332,1,103041,train
67.0,69.0,64.0,66.666664,293.72284,33.27513,79.33334,1,103041,train
145.0,146.0,148.0,146.33333,513.3249,52.801014,30.666687,1,103041,train
25.0,54.0,70.0,49.666668,20.055487,2.6810424,4.3333282,1,103041,train
121.0,127.0,127.0,125.0,610.2308,61.944233,67.666664,1,103041,train
58.0,79.0,84.0,73.666664,63.709408,6.767375,5.3333282,1,103041,train
110.0,125.0,130.0,121.666664,99.609245,11.0041275,13.666649,1,103041,train
146.0,146.0,144.0,145.33333,75.54836,11.444243,54.66667,1,103041,train
133.0,126.0,120.0,126.333336,71.7929,8.0769005,5.6666565,1,103041,train
105.0,110.0,106.0,107.0,478.93402,52.381805,115.333336,1,103041,train
109.0,119.0,120.0,116.0,33.549305,4.3027515,3.6666718,1,103041,train
41.0,47.0,43.0,43.666668,49.968876,10.616909,0.33333206,1,103041,train
117.0,113.0,112.0,114.0,581.19977,59.36287,31.333332,1,103041,train
19.0,54.0,73.0,48.666668,5.656854,1.3436592,3.333332,1,103041,train
104.0,109.0,105.0,106.0,91.93717,13.796548,35.0,1,103041,train
104.0,115.0,111.0,110.0,172.06525,20.311178,74.666664,1,103041,train
115.0,124.0,131.0,123.333336,409.42505,41.470222,48.333313,1,103041,train
23.0,38.0,45.0,35.333332,82.68951,9.4895735,1.3333378,1,103041,train
103.0,112.0,107.0,107.333336,85.65693,16.770393,45.66668,1,103041,train
76.0,90.0,91.0,85.666664,268.3733,27.183764,19.999992,1,103041,train
97.0,109.0,105.0,103.666664,131.39424,17.090036,19.999992,1,103041,train
76.0,90.0,90.0,85.333336,20.747152,3.2940228,3.6666641,1,103041,train
37.0,48.0,52.0,45.666668,113.32647,19.06325,31.999992,1,103041,train
105.0,108.0,101.0,104.666664,23.021729,2.6376185,5.9999924,1,103041,train
77.0,91.0,94.0,87.333336,266.93527,26.915031,32.000004,1,103041,train
37.0,67.0,78.0,60.666668,59.67505,6.095933,2.3333359,1,103041,train
116.0,121.0,117.0,118.0,124.0645,13.157883,9.666664,1,103041,train
84.0,96.0,108.0,96.0,139.11784,14.929816,8.333336,1,103041,train
44.0,50.0,48.0,47.333332,45.697067,6.7716126,16.000008,1,103041,train
109.0,119.0,118.0,115.333336,124.17909,13.154765,7.3333282,1,103041,train
86.0,102.0,102.0,96.666664,149.50958,21.64917,61.333336,1,103041,train
76.0,78.0,73.0,75.666664,290.131,29.732868,2.6666565,1,103041,train
49.0,59.0,60.0,56.0,37.169277,5.8600206,13.66666,1,103041,train
112.0,107.0,101.0,106.666664,85.710106,11.144382,18.999985,1,103041,train
255.0,252.0,247.0,251.33333,353.41034,40.022064,125.666626,1,103041,train
127.0,113.0,102.0,114.0,165.94041,18.703066,11.666664,1,103041,train
147.0,151.0,152.0,150.0,576.45447,59.39365,66.0,1,103041,train
48.0,50.0,47.0,48.333332,9.297551,3.3628616,6.666664,1,103041,train
55.0,57.0,52.0,54.666668,122.63858,13.357484,20.33332,1,103041,train
62.0,64.0,59.0,61.666668,200.9516,21.740963,5.9999924,1,103041,train
51.0,54.0,47.0,50.666668,194.13855,22.787807,41.999996,1,103041,train
61.0,62.0,56.0,59.666668,147.3718,15.730038,18.666656,1,103041,train
43.0,52.0,49.0,48.0,172.58621,16.94727,18.333334,1,103041,train
106.0,120.0,123.0,116.333336,35.001587,5.65789,17.333344,1,103041,train
197.0,192.0,188.0,192.33333,517.4821,53.88834,42.66665,1,103041,train
109.0,123.0,124.0,118.666664,35.201008,3.9182317,3.9999924,1,103041,train
85.0,99.0,102.0,95.333336,137.4514,14.487198,24.33332,1,103041,train
32.0,56.0,66.0,51.333332,10.121484,1.1735405,2.3333397,1,103041,train
85.0,96.0,98.0,93.0,15.333328,12.239153,1.6666718,1,103041,train
57.0,52.0,46.0,51.666668,142.59889,23.565742,30.666668,1,103041,train
92.0,93.0,88.0,91.0,73.903854,18.944872,73.333336,1,103041,train
97.0,102.0,96.0,98.333336,122.57333,17.263384,24.333344,1,103041,train
43.0,54.0,56.0,51.0,6.666664,3.0447109,10.666668,1,103041,train
141.0,129.0,117.0,129.0,235.63908,26.775288,60.0,1,103041,train
48.0,72.0,84.0,68.0,227.8718,23.369286,18.666668,1,103041,train
102.0,112.0,113.0,109.0,85.51023,10.25362,22.0,1,103041,train
104.0,118.0,118.0,113.333336,43.701023,5.452028,7.6666565,1,103041,train
67.0,81.0,82.0,76.666664,44.08577,5.705629,3.9999924,1,103041,train
44.0,46.0,41.0,43.666668,180.12897,20.770422,67.66666,1,103041,train
99.0,109.0,110.0,106.0,213.19006,24.770075,49.333332,1,103041,train
155.0,161.0,159.0,158.33333,129.58824,17.129162,101.66665,1,103041,train
196.0,186.0,184.0,188.66667,566.93585,59.394848,91.666695,1,103041,train
105.0,120.0,125.0,116.666664,120.66944,14.849834,32.33333,1,103041,train
82.0,96.0,96.0,91.333336,172.69882,17.539019,3.3333282,1,103041,train
63.0,65.0,60.0,62.666668,159.2238,18.124393,0.6666603,1,103041,train
20.0,53.0,68.0,47.0,77.70742,10.823423,23.999996,1,103041,train
44.0,69.0,76.0,63.0,78.368065,7.967739,4.333332,1,103041,train
86.0,101.0,98.0,95.0,177.33835,18.756392,35.66666,1,103041,train
163.0,162.0,160.0,161.66667,481.92322,48.740044,4.999977,1,103041,train
182.0,179.0,174.0,178.33333,580.21643,61.35589,84.999985,1,103041,train
166.0,155.0,151.0,157.33333,343.5789,37.392788,57.66665,1,103041,train
128.0,136.0,138.0,134.0,180.67773,23.840227,62.66667,1,103041,train
124.0,120.0,121.0,121.666664,162.8551,18.291931,13.6666565,1,103041,train
113.0,118.0,122.0,117.666664,56.114956,9.007647,27.999985,1,103041,train
129.0,122.0,116.0,122.333336,194.40738,21.068943,45.000008,1,103041,train
18.0,53.0,72.0,47.666668,3.8005843,0.65625,0.6666641,0,103041,train
123.0,119.0,108.0,116.666664,33.522793,3.6541126,5.666664,0,103041,train
25.0,30.0,26.0,27.0,5.8309517,0.7370298,0.0,0,103041,train
82.0,98.0,95.0,91.666664,20.275883,2.0653389,0.99998474,0,103041,train
147.0,150.0,155.0,150.66667,93.60552,9.396434,2.333313,0,103041,train
89.0,104.0,107.0,100.0,8.944272,1.9685019,7.0,0,103041,train
13.0,48.0,67.0,42.666668,9.439865,1.0304803,3.333332,0,103041,train
105.0,108.0,99.0,104.0,84.21401,8.862392,13.0,0,103041,train
88.0,104.0,104.0,98.666664,13.038407,1.6441183,5.6666718,0,103041,train
82.0,94.0,92.0,89.333336,15.267973,2.047531,9.0,0,103041,train
132.0,113.0,96.0,113.666664,42.105694,5.392776,6.666687,0,103041,train
105.0,98.0,82.0,95.0,62.951485,6.76604,3.6666718,0,103041,train
107.0,113.0,109.0,109.666664,30.291176,4.2295003,16.333344,0,103041,train
103.0,123.0,134.0,120.0,15.412835,3.523498,11.333328,0,103041,train
81.0,91.0,82.0,84.666664,172.87117,19.179127,41.66666,0,103041,train
112.0,103.0,86.0,100.333336,33.95421,4.0198483,9.999992,0,103041,train
142.0,128.0,119.0,129.66667,23.271341,7.2714524,5.3333435,0,103041,train
127.0,126.0,121.0,124.666664,115.540276,14.840262,48.999992,0,103041,train
41.0,52.0,48.0,47.0,61.073727,7.133647,12.0,0,103041,train
102.0,109.0,101.0,104.0,44.271885,4.498155,5.0,0,103041,train
78.0,87.0,84.0,83.0,12.727922,3.984467,21.0,0,103041,train
31.0,42.0,46.0,39.666668,21.171267,3.5812964,26.333336,0,103041,train
102.0,108.0,104.0,104.666664,23.11805,3.1260936,2.9999847,0,103041,train
30.0,37.0,30.0,32.333332,155.71056,18.063677,23.66667,0,103041,train
107.0,108.0,103.0,106.0,38.941566,9.338628,9.0,0,103041,train
114.0,118.0,117.0,116.333336,267.256,28.095505,33.666668,0,103041,train
104.0,119.0,122.0,115.0,38.334785,4.2738304,13.666672,0,103041,train
123.0,122.0,117.0,120.666664,132.90013,15.434242,2.3333435,0,103041,train
122.0,131.0,126.0,126.333336,35.733585,5.3381734,14.333336,0,103041,train
211.0,215.0,218.0,214.66667,180.9665,18.88886,28.666687,0,103041,train
147.0,142.0,136.0,141.66667,164.79619,23.61727,22.333336,0,103041,train
70.0,81.0,83.0,78.0,51.402546,7.9377155,23.666672,0,103041,train
108.0,123.0,128.0,119.666664,20.248457,2.078536,0.0,0,103041,train
69.0,84.0,81.0,78.0,33.28329,3.4533725,5.666664,0,103041,train
157.0,156.0,154.0,155.66667,528.0038,55.417645,82.66666,0,103041,train
112.0,114.0,109.0,111.666664,28.134584,3.0323775,2.0000153,0,103041,train
100.0,110.0,102.0,104.0,21.296833,2.1857135,2.3333359,0,103041,train
95.0,106.0,102.0,101.0,11.392019,1.4996744,6.0,0,103041,train
93.0,103.0,94.0,96.666664,61.479904,7.0671997,7.333336,0,103041,train
123.0,113.0,101.0,112.333336,62.95148,6.5403643,2.3333282,0,103041,train
179.0,178.0,174.0,177.0,6.5659137,3.8395557,16.333328,0,103041,train
57.0,66.0,63.0,62.0,15.811383,2.995643,17.333336,0,103041,train
192.0,194.0,207.0,197.66667,88.20431,10.76017,53.0,0,103041,train
39.0,52.0,58.0,49.666668,89.2288,12.864927,32.666668,0,103041,train
133.0,125.0,114.0,124.0,28.003975,15.181551,25.666664,0,103041,train
103.0,108.0,104.0,105.0,115.62487,12.472627,3.6666641,0,103041,train
17.0,58.0,76.0,50.333332,5.656854,0.6667684,0.0,0,103041,train
101.0,116.0,119.0,112.0,17.029387,2.4945252,7.0,0,103041,train
140.0,124.0,108.0,124.0,17.720041,2.0890806,1.3333359,0,103041,train
82.0,80.0,65.0,75.666664,63.07139,7.9037485,1.3333473,0,103041,train
36.0,47.0,53.0,45.333332,28.209538,2.9896877,7.000004,0,103041,train
143.0,125.0,115.0,127.666664,49.569263,5.2939014,0.6666641,0,103041,train
104.0,109.0,103.0,105.333336,36.772575,6.070388,1.9999924,0,103041,train
89.0,98.0,93.0,93.333336,42.44997,5.3748183,7.0,0,103041,train
110.0,115.0,109.0,111.333336,13.207744,2.8922715,5.6666718,0,103041,train
96.0,111.0,114.0,107.0,85.28775,10.598174,29.0,0,103041,train
83.0,92.0,87.0,87.333336,32.200756,3.3151522,6.0,0,103041,train
88.0,99.0,95.0,94.0,63.805267,7.109358,11.666664,0,103041,train
47.0,63.0,62.0,57.333332,9.94429,1.1967158,3.0000038,0,103041,train
110.0,111.0,103.0,108.0,58.600346,6.1686897,16.0,0,103041,train
72.0,81.0,76.0,76.333336,13.038404,1.571381,5.0,0,103041,train
14.0,61.0,81.0,52.0,1.4142135,0.49657026,2.0,0,103041,train
81.0,95.0,96.0,90.666664,61.66036,7.7284226,19.0,0,103041,train
84.0,96.0,92.0,90.666664,23.404652,2.4603298,4.9999924,0,103041,train
48.0,62.0,62.0,57.333332,24.041636,2.4128358,0.66667175,0,103041,train
94.0,109.0,112.0,105.0,14.907117,1.7460893,1.0,0,103041,train
81.0,78.0,63.0,74.0,101.78954,12.044595,17.0,0,103041,train
88.0,103.0,106.0,99.0,7.071068,1.256623,3.0,0,103041,train
10.0,48.0,67.0,41.666668,2.828427,0.47134697,2.0,0,103041,train
99.0,118.0,124.0,113.666664,22.236097,3.4570467,8.333336,0,103041,train
107.0,107.0,95.0,103.0,48.739674,5.5530114,4.333336,0,103041,train
73.0,82.0,77.0,77.333336,26.616615,3.002603,3.6666794,0,103041,train
104.0,110.0,106.0,106.666664,31.400637,3.1621232,0.6666565,0,103041,train
224.0,224.0,232.0,226.66667,58.68182,8.612536,11.333313,0,103041,train
117.0,120.0,113.0,116.666664,36.8842,4.5839605,3.0,0,103041,train
46.0,45.0,50.0,47.0,22.987917,4.3885255,23.333336,0,103041,train
79.0,90.0,84.0,84.333336,21.75112,2.2629833,3.9999924,0,103041,train
68.0,77.0,74.0,73.0,28.284271,3.7449837,11.0,0,103041,train
37.0,48.0,52.0,45.666668,15.606275,2.2794836,8.333328,0,103041,train
18.0,51.0,68.0,45.666668,4.0551734,0.5441898,0.6666641,0,103041,train
15.0,50.0,69.0,44.666668,5.656854,0.6286029,2.0,0,103041,train
63.0,66.0,59.0,62.666668,121.55475,15.520132,29.66666,0,103041,train
84.0,96.0,92.0,90.666664,87.92166,10.207036,45.000008,0,103041,train
149.0,127.0,114.0,130.0,60.16274,6.790532,5.6666718,0,103041,train
98.0,115.0,122.0,111.666664,52.334396,5.3078103,2.6666718,0,103041,train
133.0,110.0,94.0,112.333336,15.347814,2.33582,2.6666794,0,103041,train
13.0,50.0,69.0,44.0,6.6666718,0.6849206,0.33333206,0,103041,train
108.0,104.0,95.0,102.333336,21.812344,2.3934317,4.3333282,0,103041,train
98.0,115.0,123.0,112.0,82.47559,8.996256,14.0,0,103041,train
93.0,102.0,97.0,97.333336,22.489502,2.293418,1.6666641,0,103041,train
136.0,121.0,102.0,119.666664,21.587038,3.1858146,5.666664,0,103041,train
69.0,81.0,79.0,76.333336,6.749482,1.7854939,12.0,0,103041,train
109.0,110.0,96.0,105.0,29.047853,3.2545042,0.6666641,0,103041,train
151.0,152.0,146.0,149.66667,61.56657,11.92989,58.666687,0,103041,train
154.0,159.0,162.0,158.33333,111.2165,12.038026,17.333313,0,103041,train
125.0,128.0,117.0,123.333336,58.030632,19.32933,53.333344,0,103041,train
86.0,104.0,106.0,98.666664,20.396078,2.7933376,3.0,0,103041,train
96.0,102.0,98.0,98.666664,56.664707,5.760605,3.3333206,0,103041,train
98.0,105.0,98.0,100.333336,14.251713,1.9820976,0.6666641,0,103041,train
83.0,94.0,88.0,88.333336,18.196451,1.9125153,0.33333588,0,103041,train
255.0,254.0,251.0,253.33333,25.267448,3.5957875,10.999985,0,103041,train
102.0,104.0,91.0,99.0,48.270073,4.9241314,2.0,0,103041,train
80.0,92.0,88.0,86.666664,36.282856,3.9807274,12.666672,0,103041,train
109.0,124.0,129.0,120.666664,10.0,3.0912237,11.0,0,103041,train
12.0,45.0,64.0,40.333332,0.6666641,0.24581458,0.33333588,0,103041,train
57.0,67.0,66.0,63.333332,39.333336,5.6590548,36.33333,0,103041,train
75.0,86.0,90.0,83.666664,14.21267,2.0774786,6.3333206,0,103041,train
76.0,85.0,82.0,81.0,7.3333435,1.4988602,0.6666641,0,103041,train
48.0,56.0,58.0,54.0,16.465456,3.413839,23.000004,0,103041,train
45.0,56.0,50.0,50.333332,16.552946,2.282534,6.0,0,103041,train
99.0,96.0,81.0,92.0,66.11269,10.658312,22.0,0,103041,train
131.0,140.0,137.0,136.0,162.6291,16.462078,1.0,0,103041,train
103.0,110.0,103.0,105.333336,21.12924,2.2116966,0.33333588,0,103041,train
119.0,110.0,95.0,108.0,14.142136,2.1600962,5.0,0,103041,train
51.0,62.0,64.0,59.0,7.601169,0.828125,0.66666794,0,103041,train
14.0,51.0,70.0,45.0,1.9999962,0.30538782,0.6666641,0,103041,train
86.0,101.0,96.0,94.333336,14.173527,1.6327938,1.3333282,0,103041,train
91.0,105.0,106.0,100.666664,16.0,2.2112548,1.0,0,103041,train
89.0,90.0,84.0,87.666664,155.7334,17.113106,33.66666,0,103041,train
108.0,114.0,110.0,110.666664,72.13721,8.589089,3.0000153,0,103041,train
177.0,160.0,144.0,160.33333,19.737183,11.235929,21.666656,1,104022,train
69.0,69.0,61.0,66.333336,128.89357,16.779634,18.66666,1,104022,train
159.0,142.0,122.0,141.0,289.50916,29.752922,32.0,1,104022,train
88.0,89.0,83.0,86.666664,46.30814,8.777023,26.000008,1,104022,train
117.0,111.0,97.0,108.333336,57.428204,9.1287985,62.33333,1,104022,train
130.0,126.0,115.0,123.666664,161.22655,18.050682,46.666656,1,104022,train
174.0,156.0,142.0,157.33333,42.021156,14.592379,32.33333,1,104022,train
246.0,254.0,241.0,247.0,545.09796,64.73875,132.33334,1,104022,train
100.0,100.0,88.0,96.0,77.87454,11.554643,20.0,1,104022,train
152.0,124.0,110.0,128.66667,140.98227,18.813538,12.333321,1,104022,train
99.0,94.0,72.0,88.333336,393.0171,45.079033,138.33333,1,104022,train
200.0,179.0,158.0,179.0,297.3621,33.219204,141.0,1,104022,train
97.0,94.0,77.0,89.333336,20.466778,11.489975,0.66667175,1,104022,train
196.0,198.0,177.0,190.33333,25.0555,33.316605,132.66666,1,104022,train
182.0,180.0,165.0,175.66667,393.25027,41.273052,7.6666946,1,104022,train
55.0,57.0,52.0,54.666668,155.5899,22.12521,25.333324,1,104022,train
167.0,154.0,137.0,152.66667,335.0098,34.1741,75.000015,1,104022,train
50.0,56.0,52.0,52.666668,10.8423,1.8688048,4.3333397,1,104022,train
107.0,104.0,89.0,100.0,233.27045,25.433046,15.333328,1,104022,train
132.0,130.0,118.0,126.666664,129.17516,15.695404,83.999985,1,104022,train
132.0,138.0,128.0,132.66667,313.2897,35.652992,32.33335,1,104022,train
108.0,103.0,84.0,98.333336,1.6996652,2.592055,6.9999924,1,104022,train
105.0,102.0,87.0,98.0,147.83247,15.136424,4.666664,1,104022,train
143.0,142.0,121.0,135.33333,536.95435,58.23134,60.000015,1,104022,train
135.0,140.0,136.0,137.0,723.68945,73.90936,34.33333,1,104022,train
93.0,95.0,81.0,89.666664,101.74041,16.92905,44.333336,1,104022,train
121.0,114.0,98.0,111.0,208.27867,23.105757,15.333328,1,104022,train
97.0,93.0,82.0,90.666664,108.699394,12.702135,2.3333206,1,104022,train
99.0,102.0,95.0,98.666664,266.90823,27.236845,1.3333435,1,104022,train
71.0,82.0,65.0,72.666664,520.6767,64.082985,197.33334,1,104022,train
103.0,112.0,107.0,107.333336,549.31433,61.890182,93.33333,1,104022,train
65.0,58.0,42.0,55.0,160.75171,23.530897,71.66667,1,104022,train
97.0,97.0,85.0,93.0,63.385952,13.242296,2.6666641,1,104022,train
118.0,100.0,80.0,99.333336,304.17282,33.604855,44.666656,1,104022,train
190.0,179.0,159.0,176.0,138.50792,21.40025,39.33333,1,104022,train
121.0,109.0,95.0,108.333336,414.06656,47.493412,36.666664,1,104022,train
91.0,93.0,88.0,90.666664,92.97311,10.09583,27.333328,1,104022,train
124.0,124.0,112.0,120.0,138.09016,15.425666,34.33333,1,104022,train
77.0,87.0,76.0,80.0,12.875469,5.2925177,39.333336,1,104022,train
80.0,77.0,62.0,73.0,147.3801,26.412407,115.666664,1,104022,train
134.0,129.0,110.0,124.333336,146.15437,15.648202,22.666687,1,104022,train
101.0,98.0,83.0,94.0,149.58461,16.22754,21.0,1,104022,train
93.0,90.0,73.0,85.333336,110.082794,15.106813,39.666656,1,104022,train
86.0,98.0,78.0,87.333336,37.656338,4.4503555,10.333351,1,104022,train
115.0,116.0,108.0,113.0,146.49232,23.261673,23.333328,1,104022,train
45.0,48.0,41.0,44.666668,79.512405,12.220658,59.66666,1,104022,train
113.0,100.0,84.0,99.0,160.0451,27.466475,109.666664,1,104022,train
219.0,231.0,217.0,222.33333,664.98083,71.92607,118.999985,1,104022,train
161.0,152.0,135.0,149.33333,318.7113,35.82575,45.333313,1,104022,train
122.0,120.0,108.0,116.666664,35.490215,17.059093,4.6666718,1,104022,train
130.0,124.0,112.0,122.0,291.28717,32.537148,20.666656,1,104022,train
131.0,133.0,119.0,127.666664,70.906815,10.44213,70.66666,1,104022,train
175.0,159.0,143.0,159.0,187.14998,28.630901,24.999992,1,104022,train
100.0,97.0,90.0,95.666664,538.8731,55.86972,71.333336,1,104022,train
136.0,134.0,121.0,130.33333,175.35045,21.812902,73.333305,1,104022,train
109.0,109.0,99.0,105.666664,150.86786,16.446795,8.333328,1,104022,train
60.0,66.0,54.0,60.0,104.87241,12.761924,23.666668,1,104022,train
106.0,107.0,91.0,101.333336,114.038994,18.787384,69.99999,1,104022,train
104.0,104.0,94.0,100.666664,228.26933,23.458387,7.3333435,1,104022,train
74.0,72.0,59.0,68.333336,127.30104,17.224733,11.333324,1,104022,train
109.0,106.0,91.0,102.0,234.70451,26.096407,25.999992,1,104022,train
79.0,87.0,72.0,79.333336,118.33099,29.764292,40.33333,1,104022,train
49.0,54.0,48.0,50.333332,16.66667,2.290382,6.333336,1,104022,train
99.0,97.0,82.0,92.666664,63.91834,7.222672,8.3333435,1,104022,train
99.0,93.0,77.0,89.666664,165.34206,17.509373,40.66668,1,104022,train
98.0,97.0,92.0,95.666664,292.71793,31.006096,18.33334,1,104022,train
199.0,181.0,159.0,179.66667,133.03383,19.928877,118.33334,1,104022,train
72.0,70.0,57.0,66.333336,58.456066,15.827068,60.999992,1,104022,train
76.0,83.0,75.0,78.0,61.35144,7.736379,23.333336,1,104022,train
143.0,144.0,130.0,139.0,603.9023,62.01611,27.666672,1,104022,train
157.0,166.0,145.0,156.0,408.48123,47.979958,18.666656,1,104022,train
155.0,143.0,129.0,142.33333,25.495098,5.4117565,38.333344,1,104022,train
114.0,125.0,109.0,116.0,652.5563,70.58319,135.66666,1,104022,train
60.0,53.0,43.0,52.0,242.23633,30.136644,80.33334,1,104022,train
95.0,105.0,94.0,98.0,378.79837,52.35538,85.666664,1,104022,train
158.0,139.0,125.0,140.66667,223.31642,26.656488,23.666664,1,104022,train
101.0,112.0,95.0,102.666664,21.689745,3.8419712,1.6666565,1,104022,train
52.0,57.0,53.0,54.0,243.58983,31.584019,80.0,1,104022,train
214.0,213.0,193.0,206.66667,252.57782,37.765675,128.33337,1,104022,train
162.0,160.0,148.0,156.66667,215.64787,28.650047,165.00003,1,104022,train
162.0,163.0,157.0,160.66667,111.159546,29.700047,168.33334,1,104022,train
250.0,255.0,241.0,248.66667,158.31966,46.21033,116.33336,1,104022,train
98.0,105.0,97.0,100.0,222.5289,24.451502,69.00001,1,104022,train
95.0,102.0,84.0,93.666664,371.8844,42.43717,81.66669,1,104022,train
232.0,208.0,180.0,206.66667,180.4747,28.945194,178.00002,1,104022,train
202.0,185.0,165.0,184.0,111.70697,20.285896,122.66666,1,104022,train
62.0,64.0,53.0,59.666668,56.105064,6.4580603,9.666672,1,104022,train
58.0,63.0,56.0,59.0,197.6304,23.016584,62.999996,1,104022,train
160.0,156.0,144.0,153.33333,198.13855,28.802856,102.33332,1,104022,train
118.0,115.0,98.0,110.333336,147.98273,17.784325,5.9999847,1,104022,train
64.0,73.0,68.0,68.333336,94.761696,11.776483,7.6293945e-06,1,104022,train
103.0,100.0,85.0,96.0,33.189693,6.4864645,23.333328,1,104022,train
52.0,61.0,60.0,57.666668,51.648388,5.5320444,7.6666718,1,104022,train
152.0,148.0,136.0,145.33333,55.162376,15.153382,81.999985,1,104022,train
55.0,66.0,62.0,61.0,7.086769,3.64401,4.333336,1,104022,train
165.0,159.0,145.0,156.33333,30.987434,13.126562,38.333313,1,104022,train
170.0,167.0,152.0,163.0,193.17981,29.353117,99.99999,1,104022,train
93.0,94.0,78.0,88.333336,24.734133,2.5666885,1.9999924,1,104022,train
83.0,86.0,65.0,78.0,144.74881,18.02261,72.333336,1,104022,train
255.0,246.0,209.0,236.66667,346.9755,47.487663,175.33336,1,104022,train
163.0,154.0,139.0,152.0,192.44624,26.876926,84.666664,1,104022,train
162.0,140.0,126.0,142.66667,154.58041,20.617706,36.33336,1,104022,train
62.0,63.0,55.0,60.0,100.05886,10.709134,26.999996,1,104022,train
89.0,85.0,73.0,82.333336,54.180775,13.734686,100.66666,1,104022,train
129.0,110.0,93.0,110.666664,235.21385,27.084576,8.333321,1,104022,train
120.0,107.0,98.0,108.333336,123.71294,24.733147,24.666656,1,104022,train
103.0,101.0,86.0,96.666664,119.40316,14.715531,49.66668,1,104022,train
71.0,81.0,72.0,74.666664,10.0222025,9.44306,30.000008,1,104022,train
120.0,111.0,102.0,111.0,101.80808,16.019276,51.333336,1,104022,train
137.0,141.0,126.0,134.66667,185.26675,24.315311,71.33336,1,104022,train
108.0,108.0,96.0,104.0,189.04967,22.054377,12.333332,1,104022,train
105.0,102.0,83.0,96.666664,12.684211,3.0556364,18.000015,1,104022,train
67.0,69.0,55.0,63.666668,32.472214,13.212432,1.0,1,104022,train
107.0,113.0,103.0,107.666664,152.21034,15.336525,3.6666641,1,104022,train
89.0,93.0,79.0,87.0,41.48628,7.864763,34.666664,1,104022,train
171.0,148.0,132.0,150.33333,139.14421,21.77634,16.999962,1,104022,train
112.0,116.0,102.0,110.0,182.34338,20.581322,17.333336,1,104022,train
130.0,117.0,100.0,115.666664,43.063263,8.740117,53.66667,1,104022,train
80.0,76.0,64.0,73.333336,352.63077,35.598263,88.66666,1,104022,train
169.0,155.0,142.0,155.33333,36.49656,4.4260416,17.666656,1,104022,train
101.0,112.0,95.0,102.666664,54.342537,5.340551,6.3333435,0,104022,train
55.0,60.0,53.0,56.0,164.09482,19.068506,35.33333,0,104022,train
89.0,92.0,81.0,87.333336,83.159805,9.062797,0.33332062,0,104022,train
120.0,115.0,96.0,110.333336,19.51637,2.636137,13.0,0,104022,train
82.0,99.0,91.0,90.666664,75.20342,11.329127,39.66665,0,104022,train
83.0,101.0,89.0,91.0,29.09371,4.1258287,17.0,0,104022,train
77.0,84.0,68.0,76.333336,78.322685,9.500385,7.666664,0,104022,train
80.0,91.0,77.0,82.666664,74.4297,8.368235,23.000008,0,104022,train
80.0,87.0,80.0,82.333336,12.806249,1.3966688,1.6666718,0,104022,train
108.0,103.0,84.0,98.333336,69.70731,17.387388,56.66665,0,104022,train
114.0,124.0,115.0,117.666664,6.7494926,5.98109,32.33333,0,104022,train
53.0,76.0,66.0,65.0,22.803509,2.7888327,4.0,0,104022,train
103.0,124.0,127.0,118.0,19.22961,2.3038266,5.0000076,0,104022,train
83.0,79.0,67.0,76.333336,282.66196,31.219025,41.33332,0,104022,train
102.0,116.0,101.0,106.333336,80.32434,8.778525,6.3333282,0,104022,train
69.0,81.0,71.0,73.666664,50.477715,5.6633673,5.3333282,0,104022,train
134.0,127.0,108.0,123.0,37.623867,3.8343382,5.0,0,104022,train
128.0,119.0,104.0,117.0,113.61728,12.999549,30.666656,0,104022,train
56.0,66.0,58.0,60.0,88.72679,16.473686,61.666668,0,104022,train
125.0,118.0,100.0,114.333336,33.099174,3.5246065,9.0,0,104022,train
65.0,75.0,66.0,68.666664,88.76935,9.048615,12.666672,0,104022,train
88.0,96.0,83.0,89.0,15.033288,1.731628,5.3333282,0,104022,train
113.0,111.0,96.0,106.666664,91.07019,15.043264,30.999992,0,104022,train
56.0,67.0,61.0,61.333332,74.2129,8.434172,24.666668,0,104022,train
79.0,89.0,78.0,82.0,86.09297,8.820559,6.0,0,104022,train
82.0,92.0,83.0,85.666664,20.396078,2.1998534,5.0,0,104022,train
83.0,87.0,72.0,80.666664,16.090038,2.0988743,7.6666794,0,104022,train
163.0,160.0,151.0,158.0,24.666672,7.949179,24.666672,0,104022,train
96.0,97.0,79.0,90.666664,50.990208,7.7280436,17.333344,0,104022,train
78.0,92.0,79.0,83.0,30.655792,3.9485831,4.666664,0,104022,train
81.0,89.0,78.0,82.666664,10.540929,1.4988602,0.33333588,0,104022,train
67.0,76.0,71.0,71.333336,72.85448,8.206889,12.999992,0,104022,train
144.0,123.0,102.0,123.0,66.74994,12.50781,56.333344,0,104022,train
64.0,75.0,69.0,69.333336,15.114386,1.8308606,1.3333282,0,104022,train
64.0,73.0,68.0,68.333336,56.194122,5.875208,3.6666718,0,104022,train
92.0,100.0,89.0,93.666664,42.25057,4.669549,5.333336,0,104022,train
107.0,120.0,100.0,109.0,72.82552,7.4593296,5.6666718,0,104022,train
90.0,97.0,89.0,92.0,176.8967,20.939657,57.333336,0,104022,train
123.0,116.0,97.0,112.0,154.14352,16.204323,70.66667,0,104022,train
134.0,129.0,110.0,124.333336,145.79514,18.193808,92.66669,0,104022,train
98.0,107.0,104.0,103.0,4.472136,2.3456242,5.666664,0,104022,train
67.0,82.0,79.0,76.0,100.56838,11.352334,18.0,0,104022,train
135.0,119.0,103.0,119.0,56.664696,10.753678,9.666664,0,104022,train
177.0,147.0,121.0,148.33333,45.813644,9.22071,3.9999847,0,104022,train
102.0,98.0,86.0,95.333336,24.608042,2.5144117,1.0000076,0,104022,train
95.0,90.0,68.0,84.333336,67.67898,8.622084,6.333351,0,104022,train
126.0,110.0,95.0,110.333336,95.07073,10.948789,42.000008,0,104022,train
87.0,98.0,82.0,89.0,13.1064005,1.8324602,2.6666641,0,104022,train
111.0,125.0,100.0,112.0,12.083046,1.7710785,8.0,0,104022,train
140.0,139.0,119.0,132.66667,114.76935,15.791117,19.66668,0,104022,train
61.0,68.0,61.0,63.333332,47.010635,7.1205096,10.33334,0,104022,train
109.0,115.0,105.0,109.666664,23.11806,2.97368,0.9999924,0,104022,train
120.0,116.0,104.0,113.333336,70.78763,8.083065,7.6293945e-06,0,104022,train
121.0,123.0,99.0,114.333336,17.081503,2.6718292,7.3333282,0,104022,train
138.0,132.0,120.0,130.0,59.13636,12.760872,15.999992,0,104022,train
99.0,102.0,93.0,98.0,66.84143,6.7885184,3.6666641,0,104022,train
121.0,110.0,92.0,107.666664,71.85478,11.543777,25.33332,0,104022,train
61.0,76.0,69.0,68.666664,25.460203,3.0983236,4.0,0,104022,train
147.0,140.0,124.0,137.0,13.670738,6.258042,29.333328,0,104022,train
80.0,86.0,72.0,79.333336,32.69387,4.825621,21.0,0,104022,train
75.0,83.0,72.0,76.666664,50.776196,7.4337897,21.0,0,104022,train
153.0,136.0,120.0,136.33333,38.649406,10.411926,6.666649,0,104022,train
91.0,97.0,85.0,91.0,14.560234,1.9016337,1.6666718,0,104022,train
83.0,101.0,85.0,89.666664,21.868305,2.7931626,6.0000153,0,104022,train
77.0,88.0,80.0,81.666664,65.51336,6.5847096,0.0,0,104022,train
69.0,79.0,71.0,73.0,44.666664,5.054778,6.333336,0,104022,train
85.0,92.0,84.0,87.0,50.41384,6.958653,4.6666718,0,104022,train
102.0,102.0,90.0,98.0,70.00317,7.563339,8.333336,0,104022,train
62.0,78.0,77.0,72.333336,19.350563,2.4752684,4.9999924,0,104022,train
197.0,192.0,173.0,187.33333,31.173332,24.42363,199.66666,0,104022,train
109.0,110.0,96.0,105.0,64.713036,10.671314,27.666672,0,104022,train
86.0,92.0,82.0,86.666664,29.24229,3.370005,1.6666641,0,104022,train
153.0,149.0,138.0,146.66667,43.17664,12.830323,34.333313,0,104022,train
85.0,99.0,99.0,94.333336,20.666656,2.21897,0.3333435,0,104022,train
103.0,112.0,93.0,102.666664,26.666656,2.9101117,0.66667175,0,104022,train
111.0,118.0,102.0,110.333336,44.694023,4.8774033,8.0,0,104022,train
97.0,103.0,89.0,96.333336,15.8113785,1.8320605,2.3333282,0,104022,train
56.0,66.0,58.0,60.0,3.333332,2.3610818,10.666668,0,104022,train
75.0,85.0,74.0,78.0,16.825901,2.2757854,1.6666641,0,104022,train
105.0,106.0,90.0,100.333336,256.16187,27.978455,18.999992,0,104022,train
170.0,155.0,134.0,153.0,68.00327,10.784013,60.0,0,104022,train
144.0,113.0,92.0,116.333336,123.83233,23.120861,90.99998,0,104022,train
104.0,108.0,94.0,102.0,32.98484,3.8215823,1.0,0,104022,train
100.0,107.0,99.0,102.0,154.81029,15.969881,3.6666641,0,104022,train
88.0,99.0,93.0,93.333336,42.05024,4.9742503,0.66667175,0,104022,train
126.0,126.0,114.0,122.0,15.902481,4.8730965,45.000008,0,104022,train
62.0,59.0,52.0,57.666668,150.26643,20.275856,71.0,0,104022,train
90.0,101.0,87.0,92.666664,41.325268,4.806916,0.99998474,0,104022,train
70.0,73.0,66.0,69.666664,57.047733,6.5677433,0.6666641,0,104022,train
57.0,71.0,56.0,61.333332,82.93104,8.65969,9.666672,0,104022,train
83.0,93.0,84.0,86.666664,20.677414,2.9480362,4.9999924,0,104022,train
179.0,150.0,136.0,155.0,159.53331,16.2396,10.333328,0,104022,train
94.0,97.0,86.0,92.333336,113.152794,15.107137,28.000008,0,104022,train
89.0,86.0,71.0,82.0,9.486833,10.832036,108.0,0,104022,train
92.0,105.0,87.0,94.666664,51.884487,5.1231894,0.0,0,104022,train
89.0,99.0,91.0,93.0,48.16637,5.6309,16.333328,0,104022,train
161.0,145.0,130.0,145.33333,179.6274,20.016546,5.666649,0,104022,train
128.0,121.0,103.0,117.333336,75.49686,8.0442505,21.999977,0,104022,train
112.0,124.0,102.0,112.666664,31.555956,3.3993623,3.0000076,0,104022,train
108.0,103.0,84.0,98.333336,18.535254,2.6501768,3.0,0,104022,train
87.0,99.0,87.0,91.0,80.44874,8.215838,1.0,0,104022,train
52.0,63.0,59.0,58.0,18.141418,3.1989303,7.0,0,104022,train
109.0,122.0,102.0,111.0,37.2529,3.8642745,4.333336,0,104022,train
62.0,74.0,64.0,66.666664,79.00633,8.250888,16.333347,0,104022,train
191.0,160.0,132.0,161.0,124.70857,15.931188,12.333328,0,104022,train
123.0,132.0,115.0,123.333336,45.891155,5.0989237,2.0000076,0,104022,train
83.0,85.0,71.0,79.666664,35.92894,4.616441,25.0,0,104022,train
89.0,91.0,77.0,85.666664,29.72841,3.0061786,0.33333588,0,104022,train
122.0,136.0,110.0,122.666664,1.4142028,0.76737684,4.3333282,0,104022,train
74.0,81.0,73.0,76.0,106.741646,12.001506,23.666664,0,104022,train
122.0,127.0,104.0,117.666664,34.647434,4.112671,2.3333359,0,104022,train
149.0,134.0,115.0,132.66667,47.239334,7.4110613,22.666656,0,104022,train
107.0,111.0,97.0,105.0,10.852553,2.4796042,11.666664,0,104022,train
68.0,77.0,72.0,72.333336,45.374973,5.6709065,7.6666756,0,104022,train
116.0,108.0,89.0,104.333336,26.136395,3.4784493,14.999992,0,104022,train
55.0,72.0,64.0,63.666668,43.931747,4.570466,1.0000076,0,104022,train
80.0,90.0,79.0,83.0,25.841393,2.9915245,3.3333359,0,104022,train
108.0,120.0,96.0,108.0,12.000008,1.9714763,1.6666718,0,104022,train
139.0,131.0,110.0,126.666664,183.30908,21.535128,29.666672,0,104022,train
101.0,99.0,84.0,94.666664,54.670727,5.822488,7.6666794,0,104022,train
184.0,147.0,121.0,150.66667,17.029379,9.676304,22.333374,1,105019,train
129.0,102.0,91.0,107.333336,98.34181,11.160057,12.3333435,1,105019,train
167.0,137.0,109.0,137.66667,23.29047,2.7443123,5.0000153,1,105019,train
181.0,145.0,121.0,149.0,110.18064,16.856356,36.000015,1,105019,train
163.0,135.0,113.0,137.0,245.42389,27.715668,62.000008,1,105019,train
132.0,115.0,97.0,114.666664,47.452915,8.639537,8.999992,1,105019,train
136.0,121.0,98.0,118.333336,68.86542,8.989686,27.333336,1,105019,train
183.0,161.0,140.0,161.33333,259.02594,34.428482,141.66666,1,105019,train
178.0,147.0,129.0,151.33333,116.53705,20.289555,88.66665,1,105019,train
154.0,123.0,102.0,126.333336,61.611687,8.13437,8.0,1,105019,train
72.0,56.0,43.0,57.0,209.96721,23.691313,92.33334,1,105019,train
160.0,121.0,92.0,124.333336,100.04555,17.885868,12.0,1,105019,train
165.0,128.0,102.0,131.66667,8.11037,2.9764702,10.6666565,1,105019,train
94.0,76.0,66.0,78.666664,202.4703,22.199512,34.333336,1,105019,train
89.0,73.0,60.0,74.0,316.89398,33.410816,42.33334,1,105019,train
151.0,124.0,107.0,127.333336,135.28651,14.031493,20.66668,1,105019,train
184.0,148.0,122.0,151.33333,381.84406,43.917027,8.333321,1,105019,train
95.0,76.0,62.0,77.666664,340.85022,35.121227,50.33334,1,105019,train
151.0,121.0,95.0,122.333336,38.180836,19.843283,19.666656,1,105019,train
151.0,124.0,103.0,126.0,101.066536,18.565525,41.66667,1,105019,train
191.0,146.0,117.0,151.33333,321.4692,34.24561,43.000008,1,105019,train
124.0,103.0,82.0,103.0,357.32898,36.385456,1.3333359,1,105019,train
86.0,74.0,62.0,74.0,229.66833,24.384153,22.666664,1,105019,train
183.0,148.0,120.0,150.33333,181.10341,23.140661,17.666649,1,105019,train
142.0,113.0,99.0,118.0,107.52259,14.312022,12.333336,1,105019,train
110.0,88.0,74.0,90.666664,213.83693,21.660128,2.3333435,1,105019,train
177.0,140.0,121.0,146.0,30.33519,5.279863,23.0,1,105019,train
190.0,139.0,112.0,147.0,45.47284,5.277458,14.3333435,1,105019,train
124.0,88.0,64.0,92.0,100.65784,14.706238,60.0,1,105019,train
41.0,32.0,35.0,36.0,42.366123,4.828201,7.333336,1,105019,train
144.0,116.0,92.0,117.333336,54.129475,6.1088753,15.666664,1,105019,train
186.0,133.0,99.0,139.33333,47.46462,5.9519563,6.9999695,1,105019,train
148.0,116.0,93.0,119.0,43.14575,8.036902,20.333336,1,105019,train
162.0,140.0,119.0,140.33333,53.460266,8.96118,10.333305,1,105019,train
173.0,139.0,112.0,141.33333,176.18175,18.491552,28.999985,1,105019,train
125.0,105.0,94.0,108.0,306.1227,31.668432,1.6666718,1,105019,train
135.0,112.0,98.0,115.0,202.6546,21.174751,25.666672,1,105019,train
132.0,109.0,91.0,110.666664,191.50977,24.780403,35.666656,1,105019,train
179.0,152.0,125.0,152.0,116.12733,21.927483,53.333336,1,105019,train
156.0,124.0,101.0,127.0,31.682442,3.231921,1.3333359,1,105019,train
170.0,132.0,111.0,137.66667,56.601955,11.257983,3.333313,1,105019,train
140.0,117.0,99.0,118.666664,25.267448,5.0121922,9.0,1,105019,train
182.0,144.0,123.0,149.66667,9.533549,3.4857411,1.3333588,1,105019,train
181.0,146.0,126.0,151.0,49.055527,7.286144,23.000015,1,105019,train
153.0,127.0,102.0,127.333336,18.773508,4.087782,1.3333435,1,105019,train
139.0,114.0,92.0,115.0,46.20004,5.511972,12.0,1,105019,train
116.0,95.0,76.0,95.666664,123.99373,12.331917,8.000008,1,105019,train
167.0,138.0,122.0,142.33333,84.33796,14.207447,53.666634,1,105019,train
170.0,142.0,121.0,144.33333,299.7814,34.045723,63.33332,1,105019,train
133.0,100.0,81.0,104.666664,254.37723,29.43098,47.66668,1,105019,train
77.0,62.0,55.0,64.666664,55.657692,6.8037324,0.9999924,1,105019,train
204.0,152.0,130.0,162.0,215.52057,31.734617,93.333336,1,105019,train
183.0,151.0,130.0,154.66667,82.475586,12.862099,53.66668,1,105019,train
157.0,126.0,106.0,129.66667,188.53354,23.321568,1.5258789e-05,1,105019,train
124.0,110.0,101.0,111.666664,242.66118,26.41554,87.33333,1,105019,train
146.0,123.0,109.0,126.0,180.55775,20.036467,32.66667,1,105019,train
74.0,63.0,57.0,64.666664,9.545214,5.7415442,29.666672,1,105019,train
130.0,114.0,98.0,114.0,53.67598,6.831467,21.666672,1,105019,train
163.0,126.0,99.0,129.33333,69.333336,9.447532,32.000008,1,105019,train
123.0,95.0,74.0,97.333336,176.08646,19.32635,37.999985,1,105019,train
77.0,61.0,48.0,62.0,186.07585,21.687454,24.666668,1,105019,train
110.0,81.0,63.0,84.666664,118.84256,15.139714,18.0,1,105019,train
188.0,131.0,111.0,143.33333,51.747234,5.5456204,11.9999695,1,105019,train
61.0,43.0,33.0,45.666668,214.65063,24.572895,57.33333,1,105019,train
158.0,131.0,110.0,133.0,50.466713,13.391345,49.666664,1,105019,train
178.0,137.0,105.0,140.0,236.54222,26.390213,21.000008,1,105019,train
170.0,138.0,115.0,141.0,42.05024,5.271533,14.666672,1,105019,train
51.0,43.0,40.0,44.666668,30.673914,4.5269914,7.333332,1,105019,train
161.0,121.0,95.0,125.666664,55.226814,7.2960553,17.66668,1,105019,train
194.0,140.0,106.0,146.66667,67.41745,7.530018,12.666687,1,105019,train
117.0,96.0,77.0,96.666664,182.87215,22.651293,16.000015,1,105019,train
160.0,125.0,103.0,129.33333,128.39607,14.656549,31.999977,1,105019,train
113.0,78.0,56.0,82.333336,110.97648,14.697005,72.33332,1,105019,train
186.0,146.0,120.0,150.66667,144.65668,19.725855,76.666695,1,105019,train
129.0,89.0,64.0,94.0,168.24454,23.77782,25.333336,1,105019,train
154.0,117.0,98.0,123.0,89.373116,10.181075,19.0,1,105019,train
151.0,115.0,91.0,119.0,284.96747,30.444862,14.000008,1,105019,train
37.0,32.0,36.0,35.0,8.692271,2.2717052,18.666672,1,105019,train
144.0,108.0,86.0,112.666664,30.731823,3.318391,4.6666794,1,105019,train
174.0,142.0,119.0,145.0,102.63419,10.375659,19.666664,1,105019,train
126.0,109.0,93.0,109.333336,379.47333,38.107616,30.0,1,105019,train
119.0,99.0,90.0,102.666664,405.7263,40.69519,22.333347,1,105019,train
251.0,184.0,157.0,197.33333,20.72574,10.841363,37.333313,1,105019,train
70.0,53.0,45.0,56.0,262.09457,31.18047,101.99999,1,105019,train
143.0,122.0,105.0,123.333336,283.19763,31.05052,56.00001,1,105019,train
172.0,147.0,127.0,148.66667,253.27411,33.84039,196.00002,1,105019,train
106.0,78.0,57.0,80.333336,138.14163,18.457245,63.33333,1,105019,train
147.0,125.0,104.0,125.333336,236.40125,25.93571,79.33334,1,105019,train
144.0,114.0,103.0,120.333336,169.4022,17.540077,23.66668,1,105019,train
196.0,148.0,126.0,156.66667,200.85373,29.501621,81.33335,1,105019,train
154.0,126.0,104.0,128.0,49.75493,5.774912,3.6666718,1,105019,train
148.0,126.0,102.0,125.333336,31.878244,3.231921,1.3333206,1,105019,train
163.0,136.0,109.0,136.0,78.43186,9.313444,18.333336,1,105019,train
140.0,107.0,88.0,111.666664,126.91905,12.593207,17.333351,1,105019,train
161.0,120.0,98.0,126.333336,46.592796,6.361659,24.666664,1,105019,train
53.0,42.0,38.0,44.333332,16.606562,6.762268,5.6666718,1,105019,train
68.0,55.0,47.0,56.666668,35.668224,6.539114,14.66666,1,105019,train
190.0,141.0,111.0,147.33333,84.960144,10.538619,2.9999695,1,105019,train
128.0,107.0,86.0,107.0,270.5587,27.85767,24.333332,1,105019,train
184.0,138.0,112.0,144.66667,113.51455,12.474662,19.000023,1,105019,train
118.0,103.0,82.0,101.0,94.32332,9.8792515,2.3333359,1,105019,train
168.0,133.0,111.0,137.33333,44.126083,5.619789,11.333359,1,105019,train
189.0,150.0,119.0,152.66667,426.1948,43.232136,68.66665,1,105019,train
161.0,133.0,111.0,135.0,220.46669,25.4143,28.333336,1,105019,train
46.0,38.0,35.0,39.666668,28.77113,8.929083,2.0,1,105019,train
146.0,123.0,109.0,126.0,161.63676,20.20208,73.333336,1,105019,train
123.0,104.0,87.0,104.666664,25.090942,2.8878787,6.0,1,105019,train
119.0,98.0,79.0,98.666664,410.06232,40.34474,7.3333282,1,105019,train
186.0,140.0,114.0,146.66667,65.11697,10.533985,28.000015,1,105019,train
133.0,114.0,97.0,114.666664,7.1336455,3.5207255,9.333328,1,105019,train
81.0,64.0,54.0,66.333336,281.06662,30.902885,62.33333,1,105019,train
82.0,65.0,55.0,67.333336,35.36791,5.0895786,16.66668,1,105019,train
138.0,115.0,97.0,116.666664,66.94108,11.697773,24.333328,1,105019,train
243.0,194.0,162.0,199.66667,234.28851,31.778131,116.666695,1,105019,train
93.0,71.0,57.0,73.666664,397.69806,42.60701,67.66667,1,105019,train
80.0,48.0,33.0,53.666668,240.55675,31.061888,153.33331,1,105019,train
172.0,140.0,117.0,143.0,107.63106,11.7914,20.666672,1,105019,train
141.0,122.0,107.0,123.333336,229.1225,25.164362,62.66668,1,105019,train
175.0,143.0,118.0,145.33333,40.753986,14.434997,26.333313,1,105019,train
81.0,62.0,47.0,63.333332,109.82004,16.915028,42.000004,1,105019,train
177.0,147.0,121.0,148.33333,57.98466,10.24514,51.66665,0,105019,train
196.0,157.0,126.0,159.66667,87.20984,12.308216,37.000015,0,105019,train
128.0,110.0,90.0,109.333336,7.7746067,5.048012,24.999985,0,105019,train
159.0,135.0,109.0,134.33333,18.856169,2.1046822,2.3333282,0,105019,train
150.0,122.0,101.0,124.333336,28.256742,3.8557992,6.9999847,0,105019,train
156.0,129.0,99.0,128.0,12.3737955,1.475053,0.33333588,0,105019,train
145.0,113.0,88.0,115.333336,33.796757,5.6498585,42.33332,0,105019,train
175.0,139.0,117.0,143.66667,76.595634,7.8925896,3.0000305,0,105019,train
183.0,146.0,117.0,148.66667,43.863426,5.4923596,12.333374,0,105019,train
183.0,144.0,115.0,147.33333,14.422214,2.254336,11.333313,0,105019,train
142.0,116.0,99.0,119.0,61.33695,9.28693,21.0,0,105019,train
153.0,123.0,95.0,123.666664,28.81743,4.5489955,2.999977,0,105019,train
178.0,137.0,109.0,141.33333,8.3399935,0.9468286,2.6666718,0,105019,train
75.0,58.0,42.0,58.333332,305.91104,34.642235,91.66667,0,105019,train
175.0,145.0,117.0,145.66667,13.743696,5.0588336,18.666687,0,105019,train
123.0,105.0,91.0,106.333336,21.400946,6.780746,35.333344,0,105019,train
159.0,127.0,104.0,130.0,22.236097,2.4439018,0.3333435,0,105019,train
130.0,113.0,93.0,112.0,72.228035,9.060506,26.0,0,105019,train
104.0,96.0,77.0,92.333336,21.442425,2.431282,0.6666565,0,105019,train
157.0,127.0,99.0,127.666664,14.8847275,2.1825838,6.6666794,0,105019,train
175.0,138.0,109.0,140.66667,15.297058,2.183031,3.0,0,105019,train
157.0,130.0,101.0,129.33333,25.055475,2.6108248,0.3333435,0,105019,train
132.0,110.0,87.0,109.666664,24.517572,2.6298318,0.0,0,105019,train
141.0,119.0,98.0,119.333336,102.97034,13.139315,13.666649,0,105019,train
136.0,111.0,91.0,112.666664,51.027252,6.833111,27.333344,0,105019,train
132.0,117.0,98.0,115.666664,26.874191,5.1369905,7.6666718,0,105019,train
133.0,117.0,91.0,113.666664,52.461636,6.141877,7.6666794,0,105019,train
147.0,128.0,98.0,124.333336,19.821404,4.040324,23.999977,0,105019,train
138.0,113.0,91.0,114.0,31.923515,3.2876425,4.666664,0,105019,train
142.0,122.0,98.0,120.666664,12.823609,5.370183,9.333328,0,105019,train
181.0,147.0,120.0,149.33333,32.727833,5.741672,27.999985,0,105019,train
115.0,97.0,77.0,96.333336,75.532166,14.150868,42.999992,0,105019,train
167.0,131.0,105.0,134.33333,15.355062,1.7201699,2.3333435,0,105019,train
149.0,123.0,100.0,124.0,25.789755,2.6672566,0.33333588,0,105019,train
160.0,134.0,109.0,134.33333,64.20107,10.198039,24.666649,0,105019,train
167.0,136.0,108.0,137.0,55.906685,6.9584427,12.3333435,0,105019,train
158.0,126.0,101.0,128.33333,80.974594,9.943493,31.66668,0,105019,train
153.0,123.0,97.0,124.333336,12.445433,2.0314903,3.0,0,105019,train
164.0,130.0,105.0,133.0,12.445459,1.3678793,2.3333435,0,105019,train
156.0,125.0,97.0,126.0,92.02171,9.125214,6.6666565,0,105019,train
146.0,124.0,101.0,123.666664,36.72118,6.1713805,24.999992,0,105019,train
174.0,143.0,122.0,146.33333,38.20993,6.8442492,34.99997,0,105019,train
175.0,145.0,117.0,145.66667,37.267815,9.407028,60.66668,0,105019,train
177.0,137.0,111.0,141.66667,11.333374,1.1223928,0.6666565,0,105019,train
168.0,137.0,109.0,138.0,19.888578,2.5678298,1.0,0,105019,train
169.0,138.0,110.0,139.0,79.5892,8.523062,7.6666718,0,105019,train
173.0,140.0,109.0,140.66667,24.26704,2.9993489,5.0,0,105019,train
146.0,126.0,99.0,123.666664,61.739594,6.2814054,5.666687,0,105019,train
153.0,125.0,104.0,127.333336,32.55763,3.6651866,3.3333206,0,105019,train
59.0,49.0,50.0,52.666668,22.040363,3.5916433,1.3333321,0,105019,train
157.0,133.0,107.0,132.33333,4.8073835,2.805895,20.33332,0,105019,train
134.0,108.0,91.0,111.0,97.99094,10.846992,16.0,0,105019,train
141.0,116.0,96.0,117.666664,102.97466,12.335282,3.3333511,0,105019,train
147.0,118.0,100.0,121.666664,45.41171,8.225163,13.333313,0,105019,train
183.0,143.0,117.0,147.66667,10.883206,1.5461646,6.3333435,0,105019,train
138.0,116.0,95.0,116.333336,7.845747,3.9012468,3.9999847,0,105019,train
152.0,124.0,100.0,125.333336,18.384752,1.8149229,2.3333206,0,105019,train
185.0,144.0,114.0,147.66667,49.754974,6.1686897,14.000015,0,105019,train
121.0,108.0,89.0,106.0,45.765083,5.120711,9.666664,0,105019,train
117.0,96.0,77.0,96.666664,35.33962,5.9436646,33.000008,0,105019,train
163.0,136.0,109.0,136.0,14.621151,1.9460497,8.999985,0,105019,train
155.0,128.0,99.0,127.333336,15.23155,1.5398356,0.33333588,0,105019,train
127.0,112.0,93.0,110.666664,23.026552,2.6580875,5.3333282,0,105019,train
151.0,119.0,94.0,121.333336,43.107094,4.5951314,4.666664,0,105019,train
142.0,120.0,99.0,120.333336,21.108194,3.9203496,11.999992,0,105019,train
175.0,138.0,112.0,141.66667,5.830962,1.1981431,5.666687,0,105019,train
160.0,134.0,111.0,135.0,65.07774,9.089507,3.6666641,0,105019,train
118.0,109.0,92.0,106.333336,76.252495,8.418091,19.000008,0,105019,train
174.0,144.0,110.0,142.66667,50.581078,7.1300693,3.3333282,0,105019,train
92.0,86.0,86.0,88.0,35.427555,4.291161,3.6666641,0,105019,train
177.0,140.0,113.0,143.33333,26.566517,4.1840005,0.6666565,0,105019,train
139.0,115.0,91.0,115.0,11.595015,1.3422958,3.6666641,0,105019,train
136.0,112.0,88.0,112.0,67.88878,10.689556,37.33333,0,105019,train
125.0,108.0,90.0,107.666664,37.99706,7.343617,15.999992,0,105019,train
112.0,95.0,77.0,94.666664,56.725445,6.039017,9.666672,0,105019,train
184.0,160.0,132.0,158.66667,30.782406,14.499057,107.00002,0,105019,train
139.0,115.0,91.0,115.0,68.02777,7.470842,26.333336,0,105019,train
80.0,70.0,68.0,72.666664,13.507205,2.341353,6.3333282,0,105019,train
145.0,117.0,93.0,118.333336,62.17715,7.5343614,4.3333282,0,105019,train
172.0,136.0,110.0,139.33333,55.866943,5.704816,7.3333435,0,105019,train
166.0,135.0,107.0,136.0,6.411792,1.3346348,2.6666718,0,105019,train
137.0,113.0,87.0,112.333336,12.875468,1.75,3.6666641,0,105019,train
164.0,130.0,102.0,132.0,16.363934,1.7280996,2.6666718,0,105019,train
148.0,122.0,97.0,122.333336,79.61292,8.718862,9.999985,0,105019,train
162.0,126.0,104.0,130.66667,16.492407,2.3431249,5.000023,0,105019,train
175.0,139.0,113.0,142.33333,31.001791,3.594701,1.6666718,0,105019,train
108.0,94.0,93.0,98.333336,139.73387,14.577246,4.6666718,0,105019,train
116.0,100.0,85.0,100.333336,67.757744,8.669158,29.000008,0,105019,train
157.0,131.0,106.0,131.33333,13.3416605,4.0766582,4.0000076,0,105019,train
155.0,128.0,101.0,128.0,11.595015,1.3792548,2.3333282,0,105019,train
169.0,135.0,108.0,137.33333,24.078566,2.4736898,1.6666718,0,105019,train
87.0,81.0,83.0,83.666664,28.48001,3.2961714,1.3333282,0,105019,train
159.0,128.0,100.0,129.0,11.045361,1.1549824,1.0,0,105019,train
131.0,102.0,84.0,105.666664,53.483116,8.984362,18.666672,0,105019,train
142.0,116.0,101.0,119.666664,94.09806,10.434787,27.666664,0,105019,train
186.0,147.0,116.0,149.66667,20.275894,3.3593388,6.3333435,0,105019,train
146.0,114.0,89.0,116.333336,76.50417,11.698858,30.999992,0,105019,train
172.0,136.0,110.0,139.33333,2.828427,0.73686415,4.0,0,105019,train
244.0,196.0,176.0,205.33333,159.80544,19.527124,82.33333,0,105019,train
163.0,128.0,106.0,132.33333,41.59328,7.233008,14.999977,0,105019,train
49.0,44.0,41.0,44.666668,29.230877,4.10096,18.666664,0,105019,train
169.0,135.0,108.0,137.33333,3.1622777,0.73818827,0.0,0,105019,train
124.0,104.0,80.0,102.666664,38.285492,10.928523,25.666672,0,105019,train
179.0,138.0,108.0,141.66667,13.767906,1.8593093,2.3333435,0,105019,train
159.0,128.0,110.0,132.33333,20.677437,4.6519485,20.666634,0,105019,train
112.0,95.0,77.0,94.666664,92.02174,12.478145,37.333336,0,105019,train
123.0,102.0,85.0,103.333336,132.30435,16.187922,38.999992,0,105019,train
144.0,119.0,97.0,120.0,31.076971,4.222221,3.6666718,0,105019,train
160.0,130.0,106.0,132.0,21.023796,2.2434802,2.0000153,0,105019,train
169.0,133.0,109.0,137.0,21.545815,2.2776084,2.3333282,0,105019,train
138.0,115.0,97.0,116.666664,97.49417,12.573689,40.666664,0,105019,train
146.0,116.0,92.0,118.0,26.008554,2.9235039,1.3333359,0,105019,train
134.0,112.0,91.0,112.333336,129.5205,13.534064,11.000015,0,105019,train
133.0,112.0,91.0,112.0,55.96228,5.852934,11.0,0,105019,train
183.0,147.0,115.0,148.33333,69.20824,9.037141,21.99997,0,105019,train
145.0,121.0,97.0,121.0,41.739944,5.2785683,14.333328,0,105019,train
160.0,126.0,99.0,128.33333,37.315468,4.528124,2.3333511,0,105019,train
149.0,121.0,97.0,122.333336,81.00616,9.148674,24.333313,0,105019,train
145.0,119.0,94.0,119.333336,16.034681,5.463569,20.666656,0,105019,train
147.0,130.0,104.0,127.0,1.8856217,6.055408,13.666672,0,105019,train
239.0,176.0,145.0,186.66667,134.7211,15.919537,62.333344,1,105053,train
115.0,95.0,70.0,93.333336,37.66815,8.097852,27.66668,1,105053,train
117.0,106.0,78.0,100.333336,196.06406,22.760386,5.3333282,1,105053,train
78.0,74.0,63.0,71.666664,33.08239,7.2044296,15.3333435,1,105053,train
113.0,105.0,86.0,101.333336,95.69627,9.55913,4.9999847,1,105053,train
77.0,80.0,69.0,75.333336,188.3761,19.30968,1.9999886,1,105053,train
101.0,94.0,84.0,93.0,15.441648,4.427972,19.666664,1,105053,train
105.0,99.0,83.0,95.666664,181.80148,18.851574,49.333317,1,105053,train
60.0,62.0,59.0,60.333332,72.20035,7.888072,24.666676,1,105053,train
124.0,117.0,99.0,113.333336,198.50833,22.254322,84.00001,1,105053,train
99.0,106.0,90.0,98.333336,100.89597,10.546077,20.000008,1,105053,train
139.0,121.0,109.0,123.0,58.013397,10.382527,24.666664,1,105053,train
79.0,77.0,65.0,73.666664,140.22998,14.58565,18.00002,1,105053,train
63.0,62.0,57.0,60.666668,18.012339,5.2375226,22.0,1,105053,train
93.0,100.0,84.0,92.333336,101.40458,10.632006,16.000008,1,105053,train
92.0,93.0,79.0,88.0,76.2831,7.949118,16.666664,1,105053,train
246.0,203.0,160.0,203.0,130.52116,18.093075,96.33333,1,105053,train
55.0,56.0,48.0,53.0,39.76039,5.300814,31.333332,1,105053,train
138.0,129.0,112.0,126.333336,91.39535,22.807512,73.00001,1,105053,train
138.0,111.0,84.0,111.0,128.34415,14.004777,4.0000076,1,105053,train
154.0,133.0,112.0,133.0,39.06973,6.94144,10.999992,1,105053,train
77.0,74.0,69.0,73.333336,98.06687,10.028889,3.3333473,1,105053,train
72.0,74.0,63.0,69.666664,105.7723,11.416904,28.000008,1,105053,train
196.0,164.0,125.0,161.66667,95.01462,11.317764,27.333359,1,105053,train
117.0,112.0,93.0,107.333336,151.32379,18.543972,38.66668,1,105053,train
210.0,172.0,133.0,171.66667,275.97787,27.639668,4.333313,1,105053,train
111.0,103.0,92.0,102.0,172.45998,19.409042,22.0,1,105053,train
153.0,136.0,110.0,133.0,128.59929,14.214251,15.666664,1,105053,train
132.0,112.0,88.0,110.666664,113.7805,11.866486,6.3333282,1,105053,train
142.0,113.0,83.0,112.666664,251.07458,29.911392,62.000015,1,105053,train
113.0,107.0,85.0,101.666664,88.05679,9.684022,13.6666565,1,105053,train
104.0,93.0,73.0,90.0,113.3451,11.587726,3.9999924,1,105053,train
86.0,74.0,62.0,74.0,18.856184,3.6784184,18.333336,1,105053,train
91.0,93.0,72.0,85.333336,90.78668,9.702684,4.3333206,1,105053,train
93.0,87.0,65.0,81.666664,88.1312,9.694277,14.666679,1,105053,train
79.0,82.0,71.0,77.333336,30.926434,3.4799228,4.9999924,1,105053,train
67.0,67.0,67.0,67.0,46.043453,6.077683,12.000004,1,105053,train
106.0,96.0,84.0,95.333336,271.78586,27.711376,37.33334,1,105053,train
117.0,110.0,94.0,107.0,55.31325,9.485546,17.666664,1,105053,train
82.0,79.0,64.0,75.0,250.02223,25.728403,19.000004,1,105053,train
83.0,86.0,79.0,82.666664,120.57732,13.640921,38.333324,1,105053,train
140.0,114.0,91.0,115.0,112.144745,12.212554,41.333336,1,105053,train
88.0,86.0,71.0,81.666664,36.42953,4.2204857,6.3333435,1,105053,train
92.0,93.0,79.0,88.0,19.379242,7.916249,9.333336,1,105053,train
111.0,100.0,82.0,97.666664,25.927252,2.6205318,2.0000076,1,105053,train
130.0,119.0,101.0,116.666664,101.098404,12.791904,25.999992,1,105053,train
101.0,95.0,79.0,91.666664,212.00104,21.347845,3.6666527,1,105053,train
111.0,106.0,84.0,100.333336,166.18732,17.58209,7.3333282,1,105053,train
107.0,104.0,87.0,99.333336,57.846542,9.9013195,5.0000153,1,105053,train
132.0,110.0,89.0,110.333336,116.62858,11.842637,2.0000153,1,105053,train
145.0,133.0,109.0,129.0,120.930664,13.802351,26.333328,1,105053,train
72.0,73.0,59.0,68.0,64.78854,6.6471477,18.999996,1,105053,train
77.0,74.0,67.0,72.666664,38.18085,5.693378,18.333344,1,105053,train
174.0,139.0,111.0,141.33333,140.49121,14.881039,11.666649,1,105053,train
68.0,68.0,60.0,65.333336,106.13303,11.211501,12.333324,1,105053,train
192.0,157.0,127.0,158.66667,123.263054,12.607817,5.666687,1,105053,train
59.0,58.0,53.0,56.666668,94.02127,9.910845,8.0,1,105053,train
171.0,126.0,95.0,130.66667,68.38454,10.95561,5.666687,1,105053,train
91.0,90.0,70.0,83.666664,13.131819,1.3889562,1.0000153,1,105053,train
203.0,162.0,130.0,165.0,278.86914,32.00763,64.0,1,105053,train
192.0,146.0,113.0,150.33333,103.52566,14.802343,14.999977,1,105053,train
71.0,64.0,54.0,63.0,145.54877,15.261619,27.333336,1,105053,train
93.0,89.0,77.0,86.333336,154.94801,15.775804,4.3333435,1,105053,train
131.0,113.0,99.0,114.333336,105.13272,15.244876,23.333336,1,105053,train
168.0,131.0,102.0,133.66667,37.29762,6.0542793,20.666687,1,105053,train
90.0,90.0,78.0,86.0,32.08669,3.429892,1.6666718,1,105053,train
120.0,115.0,96.0,110.333336,93.83792,11.707078,32.000015,1,105053,train
205.0,155.0,128.0,162.66667,235.68387,28.654837,77.666695,1,105053,train
176.0,142.0,115.0,144.33333,156.27896,16.411339,17.999985,1,105053,train
87.0,88.0,74.0,83.0,77.707436,10.555124,12.666664,1,105053,train
131.0,114.0,96.0,113.666664,121.37454,14.262946,38.666664,1,105053,train
100.0,94.0,78.0,90.666664,34.415768,5.0916886,5.3333206,1,105053,train
110.0,111.0,93.0,104.666664,116.58568,14.709923,32.666656,1,105053,train
89.0,86.0,77.0,84.0,23.194834,2.7800207,6.3333282,1,105053,train
117.0,100.0,84.0,100.333336,95.7891,9.74038,2.6666565,1,105053,train
98.0,107.0,90.0,98.333336,98.53368,10.79329,19.000008,1,105053,train
87.0,85.0,72.0,81.333336,127.68364,13.319229,28.666664,1,105053,train
86.0,88.0,77.0,83.666664,166.82791,16.702898,2.6666718,1,105053,train
124.0,108.0,95.0,109.0,208.85774,23.665413,23.333328,1,105053,train
174.0,140.0,113.0,142.33333,120.28484,13.919481,47.333313,1,105053,train
115.0,100.0,81.0,98.666664,102.190445,10.465438,3.3333435,1,105053,train
48.0,48.0,46.0,47.333332,7.7746043,1.4824823,5.333336,1,105053,train
123.0,112.0,92.0,109.0,18.043165,2.3097534,6.6666718,1,105053,train
59.0,60.0,54.0,57.666668,48.83077,5.566624,10.333336,1,105053,train
201.0,164.0,122.0,162.33333,98.36553,10.791435,34.33336,1,105053,train
74.0,77.0,66.0,72.333336,172.86668,17.435596,1.6666565,1,105053,train
151.0,123.0,99.0,124.333336,194.92334,19.770311,2.3333282,1,105053,train
89.0,83.0,71.0,81.0,74.966675,8.058078,7.6666718,1,105053,train
125.0,114.0,96.0,111.666664,21.499348,3.8361204,5.3333282,1,105053,train
92.0,93.0,77.0,87.333336,20.553457,2.4038136,7.6293945e-06,1,105053,train
208.0,151.0,122.0,160.33333,51.805206,6.4710894,18.0,1,105053,train
185.0,145.0,110.0,146.66667,112.7012,13.053974,28.666695,1,105053,train
75.0,77.0,64.0,72.0,212.00105,22.0566,13.0,1,105053,train
113.0,97.0,72.0,94.0,48.371254,7.9205036,9.0,1,105053,train
76.0,79.0,70.0,75.0,14.794881,3.2395415,8.0,1,105053,train
174.0,143.0,115.0,144.0,184.61372,20.50543,18.66668,1,105053,train
107.0,103.0,91.0,100.333336,120.18966,12.475249,15.3333435,1,105053,train
137.0,112.0,92.0,113.666664,32.82952,4.2854676,11.999992,1,105053,train
96.0,86.0,74.0,85.333336,44.82063,5.4721417,23.333328,1,105053,train
104.0,103.0,83.0,96.666664,11.642839,2.460032,9.666672,1,105053,train
103.0,99.0,87.0,96.333336,81.84131,9.173406,10.666679,1,105053,train
94.0,91.0,82.0,89.0,88.90945,9.107619,5.6666718,1,105053,train
118.0,106.0,92.0,105.333336,177.18039,20.901976,38.0,1,105053,train
137.0,125.0,101.0,121.0,19.821436,4.924429,17.666664,1,105053,train
102.0,90.0,74.0,88.666664,43.461346,4.642229,2.6666565,1,105053,train
96.0,91.0,69.0,85.333336,73.83615,10.495255,33.33333,1,105053,train
67.0,67.0,57.0,63.666668,31.048357,7.2459917,27.999989,1,105053,train
94.0,89.0,70.0,84.333336,12.944325,1.8400387,5.9999924,1,105053,train
105.0,99.0,73.0,92.333336,61.34963,8.126262,33.66665,1,105053,train
102.0,94.0,83.0,93.0,41.867504,5.31893,5.333336,1,105053,train
61.0,58.0,43.0,54.0,179.63542,20.716452,44.0,1,105053,train
119.0,112.0,96.0,109.0,51.419823,6.402133,7.0,1,105053,train
139.0,123.0,100.0,120.666664,28.48003,4.0747414,12.6666565,1,105053,train
127.0,118.0,101.0,115.333336,12.481091,3.1287477,4.6666718,1,105053,train
78.0,70.0,59.0,69.0,272.35474,28.039705,22.000004,1,105053,train
87.0,85.0,73.0,81.666664,141.441,14.377428,6.666664,1,105053,train
60.0,60.0,50.0,56.666668,103.73041,11.942694,29.333324,1,105053,train
118.0,105.0,86.0,103.0,71.65968,7.400314,2.0000076,1,105053,train
139.0,122.0,104.0,121.666664,281.9082,31.259562,47.33332,1,105053,train
136.0,121.0,98.0,118.333336,7.8457227,1.5110272,4.9999847,1,105053,train
92.0,70.0,56.0,72.666664,145.04636,15.712024,31.666676,0,105053,train
83.0,81.0,69.0,77.666664,52.33439,6.9495955,22.666672,0,105053,train
77.0,79.0,65.0,73.666664,16.898397,1.8861647,3.0000076,0,105053,train
128.0,121.0,103.0,117.333336,107.489525,12.753179,46.000015,0,105053,train
98.0,97.0,76.0,90.333336,23.612621,2.4139488,4.0000076,0,105053,train
125.0,112.0,93.0,110.0,18.012348,2.128444,0.33333588,0,105053,train
109.0,102.0,83.0,98.0,20.027761,2.698741,9.333336,0,105053,train
122.0,112.0,85.0,106.333336,10.338711,1.4496766,0.33333588,0,105053,train
101.0,101.0,73.0,91.666664,29.154776,3.010723,4.3333435,0,105053,train
127.0,115.0,89.0,110.333336,11.479432,1.4657549,7.3333282,0,105053,train
101.0,98.0,83.0,94.0,5.9066935,0.98771757,3.6666641,0,105053,train
134.0,119.0,98.0,117.0,26.5372,3.5363624,14.0,0,105053,train
111.0,106.0,87.0,101.333336,88.56009,9.583668,5.9999847,0,105053,train
97.0,91.0,75.0,87.666664,20.138412,2.284886,1.0,0,105053,train
138.0,97.0,75.0,103.333336,42.635406,8.451724,23.000008,0,105053,train
106.0,97.0,80.0,94.333336,27.984114,2.8722813,0.33332825,0,105053,train
149.0,128.0,97.0,124.666664,13.399829,1.4577379,1.0,0,105053,train
112.0,104.0,83.0,99.666664,74.86285,8.722054,23.000008,0,105053,train
135.0,111.0,87.0,111.0,88.46593,10.168886,24.666664,0,105053,train
99.0,95.0,83.0,92.333336,13.207734,1.9501853,9.333336,0,105053,train
128.0,119.0,90.0,112.333336,17.133472,2.1046822,7.6666718,0,105053,train
125.0,96.0,78.0,99.666664,13.572836,3.2751431,9.666679,0,105053,train
107.0,100.0,81.0,96.0,17.969095,1.9080422,1.0,0,105053,train
109.0,103.0,87.0,99.666664,20.248476,7.3172393,25.666656,0,105053,train
98.0,95.0,78.0,90.333336,12.806249,1.4742252,3.0,0,105053,train
95.0,91.0,80.0,88.666664,53.551636,9.889526,8.000008,0,105053,train
114.0,101.0,82.0,99.0,16.138283,2.3148215,0.6666641,0,105053,train
119.0,113.0,91.0,107.666664,29.981476,3.3052692,3.3333282,0,105053,train
81.0,83.0,69.0,77.666664,23.781416,2.7267303,4.0,0,105053,train
118.0,113.0,93.0,108.0,83.294655,8.567403,10.000008,0,105053,train
98.0,96.0,83.0,92.333336,80.03471,8.484936,20.0,0,105053,train
95.0,96.0,78.0,89.666664,59.510983,6.259368,4.3333435,0,105053,train
90.0,93.0,72.0,85.0,12.256529,1.4579054,2.6666718,0,105053,train
115.0,108.0,82.0,101.666664,9.70683,1.2842952,1.6666718,0,105053,train
122.0,115.0,89.0,108.666664,27.202942,3.4569054,2.3333282,0,105053,train
135.0,121.0,94.0,116.666664,7.601162,1.2778155,3.6666641,0,105053,train
108.0,101.0,83.0,97.333336,11.313708,1.2468711,2.0,0,105053,train
111.0,102.0,85.0,99.333336,4.4472017,1.1332165,2.3333282,0,105053,train
115.0,109.0,85.0,103.0,12.481092,1.3877252,2.0,0,105053,train
107.0,105.0,84.0,98.666664,24.463121,2.7307565,5.3333206,0,105053,train
99.0,96.0,77.0,90.666664,24.698183,2.8196092,2.3333435,0,105053,train
107.0,105.0,82.0,98.0,15.839471,2.060842,9.333328,0,105053,train
76.0,78.0,67.0,73.666664,51.24451,5.3286977,1.0,0,105053,train
73.0,75.0,64.0,70.666664,12.875468,1.3700194,1.3333359,0,105053,train
83.0,83.0,71.0,79.0,14.212681,1.6329433,3.3333282,0,105053,train
182.0,132.0,99.0,137.66667,59.249004,7.2448797,6.3333054,0,105053,train
102.0,95.0,76.0,91.0,15.556338,1.6779243,0.66667175,0,105053,train
94.0,95.0,81.0,90.0,31.016129,4.20687,6.6666718,0,105053,train
116.0,108.0,89.0,104.333336,56.452538,5.7035317,0.6666794,0,105053,train
149.0,112.0,86.0,115.666664,25.298222,3.1894908,6.0,0,105053,train
124.0,112.0,86.0,107.333336,5.734883,1.1105847,5.9999924,0,105053,train
131.0,122.0,91.0,114.666664,9.285595,1.3621559,0.0,0,105053,train
108.0,106.0,83.0,99.0,15.81139,1.5851483,1.3333282,0,105053,train
123.0,112.0,90.0,108.333336,73.756355,7.451864,9.666679,0,105053,train
114.0,113.0,92.0,106.333336,22.010105,5.1395564,11.333351,0,105053,train
93.0,92.0,74.0,86.333336,12.692936,1.8122306,0.33332825,0,105053,train
119.0,110.0,93.0,107.333336,40.535297,6.849313,7.9999924,0,105053,train
88.0,88.0,76.0,84.0,30.324175,3.7933047,3.0,0,105053,train
124.0,112.0,88.0,108.0,31.64034,6.055489,13.666664,0,105053,train
128.0,116.0,94.0,112.666664,51.56442,5.403359,3.0000076,0,105053,train
118.0,112.0,90.0,106.666664,29.154762,2.9540756,4.3333282,0,105053,train
107.0,102.0,83.0,97.333336,6.036939,5.164009,23.666656,0,105053,train
90.0,88.0,75.0,84.333336,17.600517,2.3935337,3.6666718,0,105053,train
220.0,167.0,136.0,174.33333,31.130547,16.992357,80.3333,0,105053,train
61.0,53.0,51.0,55.0,39.788326,4.251407,5.333332,0,105053,train
132.0,120.0,98.0,116.666664,9.006175,1.466754,0.33333588,0,105053,train
129.0,115.0,89.0,111.0,10.19803,1.0355026,1.3333282,0,105053,train
124.0,107.0,87.0,106.0,24.988903,3.751432,12.666664,0,105053,train
108.0,101.0,82.0,97.0,32.44139,3.3570123,7.666664,0,105053,train
117.0,111.0,85.0,104.333336,4.346126,1.1418016,1.6666718,0,105053,train
112.0,86.0,71.0,89.666664,69.32212,7.896115,14.333328,0,105053,train
92.0,89.0,72.0,84.333336,16.124516,1.943539,4.0,0,105053,train
133.0,122.0,90.0,115.0,4.0,0.4708287,1.0,0,105053,train
89.0,86.0,71.0,82.0,8.246211,0.94269395,0.0,0,105053,train
104.0,98.0,84.0,95.333336,31.682442,4.0092664,5.333336,0,105053,train
121.0,114.0,85.0,106.666664,18.838497,2.0575223,8.0,0,105053,train
123.0,118.0,88.0,109.666664,23.485226,2.849239,2.3333282,0,105053,train
122.0,114.0,93.0,109.666664,8.1377125,2.1030576,15.333328,0,105053,train
96.0,96.0,84.0,92.0,27.071918,7.37553,7.6293945e-06,0,105053,train
130.0,119.0,97.0,115.333336,23.94901,3.1444707,8.666672,0,105053,train
115.0,104.0,86.0,101.666664,5.676462,4.6484833,0.0,0,105053,train
125.0,113.0,91.0,109.666664,37.17229,3.8525052,1.0000076,0,105053,train
164.0,109.0,79.0,117.333336,57.690742,10.535051,24.999992,0,105053,train
207.0,152.0,113.0,157.33333,27.539906,3.5324943,8.333313,0,105053,train
110.0,104.0,80.0,98.0,11.508461,1.1655035,0.33333588,0,105053,train
90.0,88.0,73.0,83.666664,30.6413,7.102624,8.3333435,0,105053,train
118.0,112.0,90.0,106.666664,29.24229,3.197289,6.333336,0,105053,train
133.0,119.0,92.0,114.666664,5.0990195,0.6288941,4.0,0,105053,train
111.0,102.0,87.0,100.0,43.931767,4.562393,2.3333282,0,105053,train
120.0,115.0,86.0,107.0,12.649101,1.3964939,2.6666718,0,105053,train
117.0,102.0,83.0,100.666664,7.0079317,1.2417698,1.3333282,0,105053,train
104.0,97.0,81.0,94.0,27.876719,2.9606798,3.3333359,0,105053,train
137.0,125.0,101.0,121.0,75.847786,8.048316,5.0000076,0,105053,train
84.0,80.0,71.0,78.333336,72.573326,7.8959293,20.666649,0,105053,train
93.0,92.0,74.0,86.333336,3.1622584,0.77181804,2.6666565,0,105053,train
121.0,114.0,88.0,107.666664,13.274886,1.4720707,2.3333435,0,105053,train
103.0,97.0,75.0,91.666664,9.486823,1.1862658,1.3333435,0,105053,train
94.0,94.0,82.0,90.0,33.730957,3.769351,3.0,0,105053,train
83.0,87.0,70.0,80.0,65.12894,8.753292,32.666664,0,105053,train
104.0,102.0,81.0,95.666664,15.549213,2.2827477,4.333336,0,105053,train
88.0,85.0,68.0,80.333336,67.687195,9.535885,40.33333,0,105053,train
126.0,109.0,91.0,108.666664,138.46458,14.534845,5.0000076,0,105053,train
129.0,114.0,91.0,111.333336,25.995718,2.7620475,0.6666641,0,105053,train
84.0,87.0,66.0,79.0,11.661901,1.7285234,4.6666718,0,105053,train
125.0,120.0,91.0,112.0,2.0,0.66658527,1.0,0,105053,train
92.0,90.0,77.0,86.333336,45.66789,4.779156,0.66664886,0,105053,train
116.0,110.0,84.0,103.333336,24.353867,2.509941,3.3333359,0,105053,train
101.0,96.0,77.0,91.333336,6.1463785,0.81669587,0.33332825,0,105053,train
161.0,125.0,99.0,128.33333,14.391339,1.654185,6.3333054,0,105053,train
113.0,106.0,87.0,102.0,11.785104,1.426589,0.33332825,0,105053,train
119.0,109.0,84.0,104.0,26.841097,2.824108,0.0,0,105053,train
70.0,77.0,69.0,72.0,60.40603,6.3520575,4.6666718,0,105053,train
89.0,90.0,76.0,85.0,22.489502,2.6292748,3.3333359,0,105053,train
118.0,107.0,87.0,104.0,40.715828,4.623627,26.666664,0,105053,train
73.0,74.0,66.0,71.0,14.764823,8.849876,8.0,0,105053,train
128.0,114.0,88.0,110.0,6.616485,0.94424653,3.3333359,0,105053,train
101.0,94.0,76.0,90.333336,6.798691,0.77717686,1.0,0,105053,train
147.0,144.0,125.0,138.66667,337.72308,33.619335,25.999992,0,105053,train
116.0,104.0,88.0,102.666664,29.881247,3.0469952,2.6666641,0,105053,train
110.0,101.0,84.0,98.333336,7.071055,2.352276,4.6666565,0,105053,train
98.0,98.0,96.0,97.333336,41.06634,5.4184294,9.333336,1,106020,train
100.0,100.0,98.0,99.333336,56.95222,7.7338543,18.666672,1,106020,train
42.0,48.0,48.0,46.0,66.573265,14.114167,65.0,1,106020,train
113.0,119.0,119.0,117.0,46.074825,7.297059,0.66667175,1,106020,train
88.0,94.0,84.0,88.666664,10.687477,1.872394,1.9999924,1,106020,train
77.0,79.0,74.0,76.666664,334.59,34.24318,34.333344,1,106020,train
142.0,135.0,127.0,134.66667,59.271496,14.157664,62.000023,1,106020,train
97.0,99.0,96.0,97.333336,70.84412,8.836956,17.0,1,106020,train
52.0,57.0,53.0,54.0,75.04814,9.321553,3.666668,1,106020,train
125.0,126.0,128.0,126.333336,176.1975,23.896444,80.000015,1,106020,train
100.0,95.0,92.0,95.666664,341.3154,36.745056,39.66667,1,106020,train
120.0,113.0,107.0,113.333336,113.81955,15.443318,33.66667,1,106020,train
54.0,56.0,53.0,54.333332,126.281876,15.479802,16.666672,1,106020,train
92.0,94.0,89.0,91.666664,106.04923,10.860488,8.333328,1,106020,train
92.0,97.0,90.0,93.0,10.635378,2.5289342,13.0,1,106020,train
39.0,45.0,43.0,42.333332,53.63664,10.9485655,11.333336,1,106020,train
85.0,87.0,82.0,84.666664,35.358482,4.5833216,11.0,1,106020,train
89.0,91.0,90.0,90.0,79.94027,10.70252,8.0,1,106020,train
94.0,99.0,93.0,95.333336,75.5013,11.900856,30.666672,1,106020,train
54.0,60.0,50.0,54.666668,139.67024,14.278532,4.999996,1,106020,train
110.0,98.0,84.0,97.333336,103.025345,11.531102,39.000008,1,106020,train
123.0,123.0,113.0,119.666664,72.06941,14.788878,43.999992,1,106020,train
132.0,133.0,128.0,131.0,124.780685,13.210695,23.666672,1,106020,train
80.0,84.0,85.0,83.0,240.2041,29.605272,32.33333,1,106020,train
114.0,116.0,111.0,113.666664,229.32266,28.103863,69.666664,1,106020,train
54.0,59.0,53.0,55.333332,132.81984,14.8664465,44.66667,1,106020,train
97.0,99.0,96.0,97.333336,81.84131,8.899943,28.0,1,106020,train
46.0,51.0,47.0,48.0,59.533382,10.629709,43.0,1,106020,train
94.0,99.0,92.0,95.0,34.415764,3.7529936,0.9999924,1,106020,train
122.0,119.0,112.0,117.666664,52.873013,5.997884,3.6666565,1,106020,train
101.0,102.0,88.0,97.0,51.8802,7.202701,5.0,1,106020,train
136.0,136.0,134.0,135.33333,61.269882,9.805531,24.666649,1,106020,train
86.0,81.0,75.0,80.666664,159.33891,21.132048,55.66667,1,106020,train
46.0,48.0,43.0,45.666668,72.20034,26.494095,66.66666,1,106020,train
75.0,77.0,76.0,76.0,64.66667,8.23089,17.666664,1,106020,train
50.0,52.0,51.0,51.0,219.34094,25.07519,63.333336,1,106020,train
101.0,73.0,59.0,77.666664,251.26967,29.11442,13.3333435,1,106020,train
100.0,93.0,83.0,92.0,93.14386,10.624265,17.0,1,106020,train
88.0,90.0,89.0,89.0,241.35037,23.786074,16.0,1,106020,train
137.0,120.0,126.0,127.666664,236.86893,24.026413,7.3333282,1,106020,train
79.0,81.0,70.0,76.666664,27.828836,3.1111412,1.5258789e-05,1,106020,train
49.0,53.0,54.0,52.0,64.16992,9.823143,3.0,1,106020,train
100.0,101.0,85.0,95.333336,29.533405,5.183357,27.666664,1,106020,train
48.0,50.0,47.0,48.333332,183.92085,23.204824,71.33334,1,106020,train
78.0,79.0,73.0,76.666664,337.1706,33.762337,18.66668,1,106020,train
119.0,116.0,107.0,114.0,144.20125,16.889954,48.66667,1,106020,train
90.0,95.0,91.0,92.0,5.497472,2.0914166,3.3333282,1,106020,train
59.0,61.0,60.0,60.0,174.41331,20.64004,22.666668,1,106020,train
113.0,75.0,62.0,83.333336,155.79544,15.773436,18.999992,1,106020,train
86.0,88.0,83.0,85.666664,65.56762,8.076508,15.333328,1,106020,train
53.0,52.0,47.0,50.666668,13.605553,4.3691087,21.000004,1,106020,train
50.0,54.0,55.0,53.0,56.39542,7.6056843,37.666664,1,106020,train
116.0,117.0,119.0,117.333336,161.73091,17.263384,27.333344,1,106020,train
69.0,70.0,65.0,68.0,74.010506,10.373235,30.0,1,106020,train
101.0,103.0,98.0,100.666664,58.456078,10.778351,18.333328,1,106020,train
109.0,114.0,110.0,111.0,24.675676,2.5999548,6.666664,1,106020,train
90.0,92.0,87.0,89.666664,65.299286,7.68534,11.6666565,1,106020,train
124.0,114.0,102.0,113.333336,86.893295,14.537701,40.000008,1,106020,train
150.0,149.0,147.0,148.66667,257.3368,28.84827,89.000015,1,106020,train
191.0,164.0,145.0,166.66667,206.35298,25.426327,95.66668,1,106020,train
96.0,98.0,97.0,97.0,61.39852,7.612118,42.333336,1,106020,train
122.0,118.0,109.0,116.333336,35.001595,4.3009357,1.0000076,1,106020,train
72.0,74.0,71.0,72.333336,83.380005,10.216766,31.999992,1,106020,train
89.0,91.0,86.0,88.666664,59.725292,7.7996144,7.666664,1,106020,train
58.0,64.0,62.0,61.333332,20.308733,5.663389,33.333332,1,106020,train
39.0,45.0,43.0,42.333332,202.99152,24.324842,57.333336,1,106020,train
83.0,78.0,75.0,78.666664,241.35956,28.738245,54.333344,1,106020,train
55.0,61.0,61.0,59.0,34.10116,7.760452,4.0,1,106020,train
68.0,70.0,67.0,68.333336,44.14621,7.5584636,46.666656,1,106020,train
40.0,45.0,41.0,42.0,12.400714,1.8724592,0.33333206,1,106020,train
51.0,48.0,43.0,47.333332,10.33871,2.9777412,0.9999924,1,106020,train
155.0,133.0,119.0,135.66667,269.86502,29.474714,32.333344,1,106020,train
92.0,93.0,88.0,91.0,16.499155,6.003661,28.333328,1,106020,train
150.0,149.0,157.0,152.0,130.82474,16.006224,11.000008,1,106020,train
45.0,51.0,49.0,48.333332,99.17438,12.341614,40.000004,1,106020,train
135.0,136.0,130.0,133.66667,151.3796,27.11978,98.666695,1,106020,train
89.0,93.0,92.0,91.333336,159.83116,16.63168,13.333336,1,106020,train
255.0,251.0,250.0,252.0,399.0892,49.56971,79.999985,1,106020,train
82.0,79.0,74.0,78.333336,56.61765,8.865863,23.666656,1,106020,train
76.0,77.0,72.0,75.0,229.79509,22.907774,18.333332,1,106020,train
112.0,107.0,104.0,107.666664,410.80542,42.87557,35.000008,1,106020,train
77.0,82.0,88.0,82.333336,412.38953,44.417618,30.0,1,106020,train
72.0,77.0,70.0,73.0,139.52379,14.351867,1.3333282,1,106020,train
70.0,72.0,69.0,70.333336,168.16922,17.817625,1.3333168,1,106020,train
97.0,99.0,94.0,96.666664,23.851385,3.7377403,2.6666718,1,106020,train
86.0,88.0,83.0,85.666664,259.61508,26.780794,30.999996,1,106020,train
91.0,92.0,86.0,89.666664,9.055377,4.621726,10.666672,1,106020,train
96.0,99.0,92.0,95.666664,139.53575,15.676602,24.999992,1,106020,train
110.0,111.0,106.0,109.0,68.71843,9.594819,32.66667,1,106020,train
109.0,109.0,107.0,108.333336,32.472214,6.657497,24.333344,1,106020,train
53.0,57.0,58.0,56.0,22.651953,4.7945333,12.333332,1,106020,train
79.0,84.0,78.0,80.333336,167.0961,17.117214,0.6666565,1,106020,train
47.0,51.0,52.0,50.0,107.94236,20.0229,50.666664,1,106020,train
41.0,41.0,31.0,37.666668,146.53403,19.093513,70.666664,1,106020,train
49.0,55.0,53.0,52.333332,71.84706,8.726433,7.333336,1,106020,train
54.0,56.0,53.0,54.333332,192.07233,20.954645,52.333336,1,106020,train
94.0,95.0,89.0,92.666664,57.982758,8.69222,24.0,1,106020,train
54.0,56.0,53.0,54.333332,102.92716,12.391758,22.333336,1,106020,train
76.0,78.0,77.0,77.0,82.54023,10.091524,22.666672,1,106020,train
103.0,105.0,102.0,103.333336,58.35713,8.428004,31.666672,1,106020,train
66.0,70.0,71.0,69.0,79.43831,9.831913,17.333332,1,106020,train
51.0,52.0,54.0,52.333332,95.92242,10.189705,18.000004,1,106020,train
60.0,65.0,61.0,62.0,4.0276837,4.121566,12.000008,1,106020,train
85.0,86.0,81.0,84.0,99.70845,10.521532,9.0,1,106020,train
90.0,86.0,75.0,83.666664,33.80007,4.328999,17.000008,1,106020,train
65.0,67.0,62.0,64.666664,166.17326,17.109982,31.666672,1,106020,train
105.0,105.0,103.0,104.333336,29.832869,4.9091353,15.0,1,106020,train
81.0,83.0,78.0,80.666664,139.62807,16.048876,42.000008,1,106020,train
94.0,98.0,97.0,96.333336,54.644306,6.0918264,31.0,1,106020,train
79.0,82.0,75.0,78.666664,122.67119,12.794633,10.999996,1,106020,train
130.0,128.0,141.0,133.0,173.41342,20.962719,17.000008,1,106020,train
100.0,101.0,95.0,98.666664,28.678284,4.8061037,6.666664,1,106020,train
112.0,114.0,113.0,113.0,352.77722,34.79088,0.0,1,106020,train
110.0,112.0,107.0,109.666664,57.519085,6.2436686,6.9999924,1,106020,train
74.0,76.0,71.0,73.666664,132.13628,13.270253,8.000008,1,106020,train
85.0,90.0,84.0,86.333336,12.119765,2.2468512,11.0,1,106020,train
80.0,82.0,77.0,79.666664,55.74745,5.6853533,9.333328,1,106020,train
86.0,88.0,83.0,85.666664,59.6825,9.162434,38.000008,1,106020,train
105.0,106.0,100.0,103.666664,49.407608,8.994844,2.0000153,1,106020,train
87.0,90.0,83.0,86.666664,185.91812,20.393085,59.333336,1,106020,train
93.0,96.0,85.0,91.333336,7.6739073,1.0121335,2.3333435,0,106020,train
76.0,78.0,73.0,75.666664,69.28363,8.740089,5.0000076,0,106020,train
94.0,97.0,86.0,92.333336,14.552577,1.5946689,3.3333359,0,106020,train
146.0,145.0,150.0,147.0,28.031713,4.1460166,3.6666718,0,106020,train
56.0,61.0,64.0,60.333332,36.05552,8.723467,26.0,0,106020,train
39.0,48.0,47.0,44.666668,100.57832,10.33871,25.999996,0,106020,train
232.0,229.0,236.0,232.33333,35.468296,3.943943,8.0,0,106020,train
110.0,110.0,102.0,107.333336,41.965576,5.4153643,15.3333435,0,106020,train
121.0,123.0,120.0,121.333336,71.56816,9.301482,4.6666718,0,106020,train
66.0,67.0,61.0,64.666664,128.47221,14.177877,16.666676,0,106020,train
92.0,93.0,87.0,90.666664,20.2923,2.1081593,0.33333588,0,106020,train
77.0,83.0,79.0,79.666664,20.86997,2.599861,1.0,0,106020,train
76.0,80.0,79.0,78.333336,15.3333435,3.842543,15.666664,0,106020,train
89.0,97.0,82.0,89.333336,17.448332,2.0007322,0.0,0,106020,train
122.0,128.0,128.0,126.0,80.74789,8.207216,8.666672,0,106020,train
170.0,172.0,169.0,170.33333,150.01704,16.223778,16.666641,0,106020,train
101.0,101.0,91.0,97.666664,53.00105,6.3731613,5.6666718,0,106020,train
104.0,104.0,94.0,100.666664,28.134592,3.2866027,1.0,0,106020,train
30.0,38.0,40.0,36.0,26.076809,7.4750643,34.0,0,106020,train
111.0,112.0,107.0,110.0,52.717285,6.0880585,5.666664,0,106020,train
82.0,88.0,88.0,86.0,39.51089,6.6760635,3.6666641,0,106020,train
76.0,76.0,76.0,76.0,66.0,6.7017956,3.0,0,106020,train
137.0,138.0,142.0,139.0,165.06496,17.74868,11.0,0,106020,train
85.0,89.0,90.0,88.0,64.327286,7.3636036,15.0,0,106020,train
99.0,104.0,100.0,101.0,19.333344,2.1487641,3.6666641,0,106020,train
90.0,95.0,89.0,91.333336,390.45755,43.715164,42.99999,0,106020,train
70.0,78.0,80.0,76.0,57.201397,8.666679,50.0,0,106020,train
93.0,89.0,78.0,86.666664,99.46747,17.215403,63.333336,0,106020,train
88.0,94.0,84.0,88.666664,24.33105,2.6573527,0.33332825,0,106020,train
101.0,103.0,98.0,100.666664,14.173517,1.9565595,0.9999924,0,106020,train
65.0,67.0,56.0,62.666668,148.93547,15.687111,20.333328,0,106020,train
99.0,104.0,98.0,100.333336,15.441651,1.8256527,1.3333282,0,106020,train
56.0,58.0,55.0,56.333332,28.73635,4.270058,9.999996,0,106020,train
75.0,75.0,67.0,72.333336,24.444931,4.6065407,1.3333435,0,106020,train
95.0,97.0,84.0,92.0,8.110336,1.4038173,2.3333359,0,106020,train
55.0,57.0,56.0,56.0,18.773508,3.1505208,17.333332,0,106020,train
97.0,100.0,91.0,96.0,23.70654,2.698922,2.0,0,106020,train
48.0,50.0,49.0,49.0,22.847319,3.552068,13.0,0,106020,train
89.0,95.0,93.0,92.333336,248.69617,25.008142,1.0000038,0,106020,train
169.0,162.0,143.0,158.0,183.53871,18.742655,19.0,0,106020,train
90.0,92.0,87.0,89.666664,6.666664,0.90409225,0.6666641,0,106020,train
64.0,68.0,69.0,67.0,14.884746,2.141822,6.0,0,106020,train
95.0,98.0,91.0,94.666664,28.635643,2.8285997,6.0,0,106020,train
99.0,104.0,100.0,101.0,2.108177,1.0829827,7.666664,0,106020,train
66.0,68.0,65.0,66.333336,39.092484,5.890148,18.0,0,106020,train
104.0,109.0,103.0,105.333336,38.415844,5.2633758,16.000015,0,106020,train
98.0,103.0,96.0,99.0,27.018497,7.2868137,9.333336,0,106020,train
51.0,53.0,48.0,50.666668,74.1425,14.771882,35.333324,0,106020,train
91.0,93.0,88.0,90.666664,5.0990195,1.1332165,1.0,0,106020,train
80.0,85.0,78.0,81.0,13.004272,1.571381,2.6666641,0,106020,train
63.0,69.0,69.0,67.0,34.20526,9.441186,35.0,0,106020,train
99.0,102.0,107.0,102.666664,71.23359,9.873269,37.000008,0,106020,train
102.0,108.0,106.0,105.333336,14.368185,2.3383272,2.9999924,0,106020,train
102.0,106.0,109.0,105.666664,143.03532,14.695078,13.999992,0,106020,train
90.0,96.0,86.0,90.666664,52.400173,5.26588,5.333336,0,106020,train
101.0,102.0,107.0,103.333336,316.02042,35.07808,57.666664,0,106020,train
45.0,47.0,44.0,45.333332,65.526924,10.881441,6.333336,0,106020,train
65.0,67.0,66.0,66.0,25.806988,2.7116466,6.333332,0,106020,train
96.0,97.0,89.0,94.0,26.008554,3.2334313,1.3333359,0,106020,train
111.0,113.0,112.0,112.0,92.14962,9.446912,13.666672,0,106020,train
116.0,112.0,109.0,112.333336,331.8286,36.252357,41.999992,0,106020,train
241.0,239.0,240.0,240.0,366.21423,41.258427,63.999985,0,106020,train
62.0,64.0,59.0,61.666668,30.184607,3.1309319,3.3333282,0,106020,train
104.0,107.0,98.0,103.0,14.794887,2.7729864,4.6666718,0,106020,train
40.0,48.0,50.0,46.0,47.518417,5.656854,6.0,0,106020,train
89.0,94.0,87.0,90.0,20.248457,2.060842,2.0,0,106020,train
106.0,102.0,99.0,102.333336,141.98747,21.630125,4.666649,0,106020,train
209.0,200.0,201.0,203.33333,228.31995,26.185635,58.333344,0,106020,train
88.0,93.0,87.0,89.333336,12.649116,1.4692485,2.3333282,0,106020,train
75.0,80.0,73.0,76.0,16.124525,3.8936672,14.333328,0,106020,train
75.0,71.0,62.0,69.333336,96.66895,10.177142,20.66666,0,106020,train
105.0,101.0,89.0,98.333336,49.026066,4.979254,2.6666641,0,106020,train
154.0,154.0,142.0,150.0,194.16487,21.280493,11.666672,0,106020,train
86.0,92.0,82.0,86.666664,4.2426405,0.4975526,2.0,0,106020,train
83.0,91.0,80.0,84.666664,15.811388,1.8038588,3.0,0,106020,train
101.0,108.0,100.0,103.0,46.173584,4.7457833,6.0,0,106020,train
109.0,112.0,105.0,108.666664,46.595184,5.19211,7.666664,0,106020,train
227.0,225.0,230.0,227.33333,11.661903,3.18995,26.0,0,106020,train
68.0,68.0,58.0,64.666664,11.04536,3.3888605,22.000008,0,106020,train
33.0,35.0,34.0,34.0,3.6817882,1.0515288,6.0,0,106020,train
175.0,161.0,152.0,162.66667,52.059788,7.33064,36.66667,0,106020,train
102.0,95.0,79.0,92.0,190.83736,22.083448,25.666672,0,106020,train
52.0,54.0,53.0,53.0,7.2111025,2.7397714,15.0,0,106020,train
59.0,68.0,65.0,64.0,90.16158,11.8582115,30.333336,0,106020,train
121.0,122.0,126.0,123.0,293.34433,30.069468,11.333336,0,106020,train
70.0,77.0,87.0,78.0,137.77357,24.115486,80.0,0,106020,train
77.0,76.0,72.0,75.0,36.96244,4.881506,5.333336,0,106020,train
78.0,83.0,79.0,80.0,14.764826,1.5774287,2.3333282,0,106020,train
79.0,86.0,78.0,81.0,7.071068,1.054427,3.0,0,106020,train
39.0,45.0,45.0,43.0,83.0542,8.912471,5.0,0,106020,train
101.0,101.0,99.0,100.333336,33.60224,3.5,1.3333359,0,106020,train
198.0,197.0,202.0,199.0,411.96548,40.719315,12.333328,0,106020,train
121.0,125.0,134.0,126.666664,123.60601,16.28056,51.000008,0,106020,train
179.0,178.0,176.0,177.66667,393.31555,39.54682,11.999985,0,106020,train
88.0,97.0,94.0,93.0,106.92573,10.938393,13.333336,0,106020,train
67.0,69.0,66.0,67.333336,45.72868,9.013607,29.999989,0,106020,train
217.0,196.0,195.0,202.66667,250.95375,26.058453,9.999985,0,106020,train
202.0,197.0,191.0,196.66667,461.01434,46.569336,53.000023,0,106020,train
39.0,44.0,38.0,40.333332,16.499165,1.8533252,6.666668,0,106020,train
87.0,92.0,85.0,88.0,20.248457,2.356942,7.0,0,106020,train
99.0,101.0,88.0,96.0,22.17607,2.5663083,4.333336,0,106020,train
97.0,102.0,98.0,99.0,44.284443,4.4969606,2.3333359,0,106020,train
58.0,62.0,63.0,61.0,19.88858,4.761217,12.0,0,106020,train
115.0,119.0,120.0,118.0,8.353318,1.6177723,7.333336,0,106020,train
169.0,167.0,172.0,169.33333,53.520523,5.78775,1.3333282,0,106020,train
254.0,254.0,252.0,253.33333,3.8873048,0.5229125,1.3333435,0,106020,train
59.0,65.0,65.0,63.0,4.4472165,1.2765731,5.666668,0,106020,train
114.0,120.0,120.0,118.0,30.184614,4.4522204,5.6666718,0,106020,train
130.0,129.0,127.0,128.66667,314.76624,32.6106,30.666649,0,106020,train
77.0,83.0,83.0,81.0,60.64835,7.64128,25.666672,0,106020,train
108.0,113.0,109.0,110.0,12.046197,1.4990231,4.666664,0,106020,train
109.0,101.0,99.0,103.0,263.7482,34.980576,57.333336,0,106020,train
56.0,60.0,61.0,59.0,81.7435,8.368103,9.0,0,106020,train
66.0,68.0,63.0,65.666664,97.55795,9.809315,1.9999962,0,106020,train
119.0,121.0,120.0,120.0,28.944395,4.266283,3.6666641,0,106020,train
255.0,253.0,255.0,254.33333,231.90518,27.029787,97.33331,0,106020,train
32.0,36.0,35.0,34.333332,1.3333321,0.64357173,0.33333206,0,106020,train
94.0,89.0,83.0,88.666664,91.471924,12.884232,17.999985,0,106020,train
104.0,106.0,93.0,101.0,17.384535,1.860097,0.6666641,0,106020,train
103.0,108.0,102.0,104.333336,90.16528,16.026072,4.666664,0,106020,train
91.0,90.0,85.0,88.666664,712.91113,78.21101,137.66667,1,106025,train
52.0,58.0,56.0,55.333332,192.27065,22.561852,57.000008,1,106025,train
147.0,148.0,153.0,149.33333,193.72946,21.96686,20.666664,1,106025,train
58.0,39.0,35.0,44.0,202.1446,25.912008,57.0,1,106025,train
53.0,49.0,48.0,50.0,16.055464,3.2689502,5.0,1,106025,train
96.0,97.0,92.0,95.0,551.10815,61.315304,52.666668,1,106025,train
78.0,79.0,81.0,79.333336,278.1798,29.55434,42.999992,1,106025,train
84.0,81.0,74.0,79.666664,43.021957,19.135082,121.333336,1,106025,train
167.0,79.0,59.0,101.666664,16.70662,3.921346,1.6666641,1,106025,train
59.0,61.0,56.0,58.666668,148.39662,20.149103,50.666664,1,106025,train
211.0,201.0,199.0,203.66667,280.61206,31.078844,9.3333435,1,106025,train
61.0,67.0,67.0,65.0,322.97955,35.11392,69.33333,1,106025,train
91.0,60.0,55.0,68.666664,97.88542,14.029458,33.33335,1,106025,train
233.0,225.0,222.0,226.66667,266.87537,34.00804,76.33334,1,106025,train
55.0,46.0,39.0,46.666668,112.55122,13.652665,18.66666,1,106025,train
180.0,181.0,176.0,179.0,594.1081,64.37353,97.0,1,106025,train
233.0,223.0,214.0,223.33333,45.472794,16.688202,43.666687,1,106025,train
121.0,123.0,120.0,121.333336,523.49445,53.098248,27.333328,1,106025,train
47.0,53.0,49.0,49.666668,66.05216,9.999731,22.999996,1,106025,train
80.0,82.0,77.0,79.666664,354.28864,40.841167,43.00001,1,106025,train
53.0,47.0,47.0,49.0,14.422205,1.670341,8.000004,1,106025,train
179.0,179.0,181.0,179.66667,449.33633,47.590725,25.333351,1,106025,train
238.0,239.0,244.0,240.33333,206.24257,25.386389,71.0,1,106025,train
97.0,80.0,72.0,83.0,122.53797,13.424176,4.000004,1,106025,train
58.0,64.0,64.0,62.0,16.124516,1.6996812,1.0,1,106025,train
84.0,86.0,83.0,84.333336,208.75293,21.03847,29.33334,1,106025,train
68.0,70.0,65.0,67.666664,100.62583,12.154161,16.000008,1,106025,train
66.0,46.0,45.0,52.333332,15.839475,2.7507102,3.0000038,1,106025,train
220.0,210.0,200.0,210.0,21.873358,12.924812,93.33333,1,106025,train
33.0,41.0,44.0,39.333332,216.88962,25.933325,86.66667,1,106025,train
55.0,49.0,49.0,51.0,12.762797,5.501465,30.666668,1,106025,train
254.0,241.0,235.0,243.33333,255.47954,39.172344,150.66666,1,106025,train
93.0,73.0,72.0,79.333336,442.73895,44.769093,13.999989,1,106025,train
61.0,40.0,37.0,46.0,131.81891,17.612432,36.333332,1,106025,train
132.0,136.0,135.0,134.33333,304.78915,32.17433,9.333321,1,106025,train
234.0,226.0,223.0,227.66667,331.18848,36.07122,87.33334,1,106025,train
65.0,65.0,63.0,64.333336,316.27167,39.92701,76.66666,1,106025,train
145.0,143.0,146.0,144.66667,420.38742,44.875175,44.33333,1,106025,train
247.0,248.0,252.0,249.0,111.73978,11.9698515,25.0,1,106025,train
86.0,58.0,47.0,63.666668,32.9309,12.631322,46.999992,1,106025,train
54.0,58.0,59.0,57.0,289.41513,30.34737,54.333332,1,106025,train
53.0,59.0,55.0,55.666668,246.38768,27.84525,58.666664,1,106025,train
56.0,57.0,51.0,54.666668,434.09805,51.50895,157.0,1,106025,train
47.0,51.0,50.0,49.333332,40.4475,4.5569315,7.0,1,106025,train
39.0,47.0,49.0,45.0,68.94926,8.806556,30.0,1,106025,train
35.0,36.0,40.0,37.0,64.12488,6.803149,10.333334,1,106025,train
168.0,164.0,165.0,165.66667,48.300007,8.764051,10.3333435,1,106025,train
57.0,58.0,52.0,55.666668,35.668224,14.600105,1.9999924,1,106025,train
86.0,44.0,32.0,54.0,173.33463,20.028374,49.0,1,106025,train
228.0,215.0,209.0,217.33333,147.37558,16.495975,47.333344,1,106025,train
63.0,66.0,59.0,62.666668,7.615766,1.7069196,5.000004,1,106025,train
63.0,66.0,59.0,62.666668,15.297058,3.1662126,6.0,1,106025,train
56.0,58.0,53.0,55.666668,328.66666,40.715816,106.66666,1,106025,train
68.0,50.0,46.0,54.666668,13.4164095,2.0555043,2.6666603,1,106025,train
60.0,62.0,57.0,59.666668,337.3946,46.450558,99.0,1,106025,train
50.0,51.0,46.0,49.0,44.284435,10.635369,19.333332,1,106025,train
252.0,243.0,238.0,244.33333,298.04846,35.037144,131.66664,1,106025,train
126.0,126.0,124.0,125.333336,468.37976,47.968464,2.6666527,1,106025,train
66.0,69.0,62.0,65.666664,14.368185,2.3622706,7.3333282,1,106025,train
61.0,51.0,50.0,54.0,3.4318755,0.9086713,4.333336,1,106025,train
233.0,222.0,218.0,224.33333,71.336426,9.994921,22.666672,1,106025,train
151.0,151.0,161.0,154.33333,514.72626,53.77997,79.66668,1,106025,train
59.0,65.0,61.0,61.666668,249.21031,25.649788,27.333336,1,106025,train
159.0,150.0,145.0,151.33333,550.9864,56.426945,24.000008,1,106025,train
53.0,59.0,55.0,55.666668,231.70573,26.85509,51.33333,1,106025,train
56.0,61.0,55.0,57.333332,27.34553,6.734828,0.66666794,1,106025,train
169.0,170.0,175.0,171.33333,262.83453,31.737757,93.0,1,106025,train
160.0,164.0,167.0,163.66667,203.76729,27.197592,105.000015,1,106025,train
39.0,45.0,45.0,43.0,105.78489,11.970132,25.666666,1,106025,train
54.0,58.0,57.0,56.333332,19.344831,2.8893578,7.333332,1,106025,train
74.0,44.0,42.0,53.333332,338.77295,38.736874,78.00001,1,106025,train
171.0,175.0,178.0,174.66667,816.39276,83.102745,79.33334,1,106025,train
64.0,67.0,60.0,63.666668,467.89862,57.53999,138.66667,1,106025,train
77.0,81.0,82.0,80.0,263.01712,26.80433,21.0,1,106025,train
53.0,55.0,50.0,52.666668,203.48354,26.614967,82.66667,1,106025,train
108.0,110.0,105.0,107.666664,368.6672,38.093903,30.66666,1,106025,train
133.0,135.0,147.0,138.33333,236.66197,27.112469,119.33334,1,106025,train
143.0,144.0,149.0,145.33333,280.39655,29.468899,46.999992,1,106025,train
45.0,45.0,43.0,44.333332,45.87906,5.621831,3.6666718,1,106025,train
55.0,56.0,50.0,53.666668,12.94433,2.5456285,11.666672,1,106025,train
76.0,61.0,58.0,65.0,24.449501,2.9523394,10.333336,1,106025,train
134.0,135.0,137.0,135.33333,404.47388,42.37515,35.333324,1,106025,train
66.0,53.0,45.0,54.666668,21.426882,2.8157966,13.333336,1,106025,train
153.0,103.0,96.0,117.333336,70.466705,16.070372,100.66668,1,106025,train
99.0,101.0,98.0,99.333336,466.5609,48.565716,30.333324,1,106025,train
255.0,248.0,240.0,247.66667,261.8825,41.22651,157.66667,1,106025,train
234.0,233.0,238.0,235.0,400.6689,43.260296,57.33333,1,106025,train
62.0,56.0,56.0,58.0,18.408932,1.8797466,0.33333206,1,106025,train
84.0,61.0,53.0,66.0,37.53813,8.421686,25.333336,1,106025,train
64.0,66.0,61.0,63.666668,259.07742,30.442408,63.666664,1,106025,train
57.0,58.0,52.0,55.666668,214.78777,33.752834,88.66666,1,106025,train
58.0,54.0,53.0,55.0,58.887836,7.851683,16.666664,1,106025,train
103.0,107.0,106.0,105.333336,317.9605,32.57058,23.33332,1,106025,train
125.0,75.0,66.0,88.666664,152.32277,15.866724,37.333313,1,106025,train
71.0,72.0,66.0,69.666664,26.386015,3.365583,14.333328,1,106025,train
176.0,81.0,61.0,106.0,115.185844,12.56627,2.3333359,1,106025,train
71.0,42.0,38.0,50.333332,93.86751,14.418582,51.000004,1,106025,train
131.0,69.0,54.0,84.666664,169.38647,17.458055,8.333317,1,106025,train
36.0,42.0,40.0,39.333332,23.409399,4.7009444,24.0,1,106025,train
43.0,52.0,51.0,48.666668,115.87829,11.451451,6.666668,1,106025,train
185.0,184.0,190.0,186.33333,340.6823,44.31151,99.666664,1,106025,train
54.0,59.0,55.0,56.0,85.12084,14.606885,16.333336,1,106025,train
60.0,62.0,57.0,59.666668,246.75044,31.706217,70.666664,1,106025,train
60.0,66.0,66.0,64.0,53.851646,11.103325,83.0,1,106025,train
237.0,226.0,222.0,228.33333,271.2674,31.591509,39.0,1,106025,train
161.0,162.0,166.0,163.0,156.13739,20.893284,68.33334,1,106025,train
62.0,50.0,50.0,54.0,6.0,0.81654644,2.0,1,106025,train
59.0,59.0,51.0,56.333332,364.74527,45.722134,111.0,1,106025,train
65.0,67.0,64.0,65.333336,298.83368,31.853094,56.666656,1,106025,train
227.0,227.0,237.0,230.33333,249.00201,31.55594,70.0,1,106025,train
138.0,143.0,139.0,140.0,584.3935,60.096195,12.333332,1,106025,train
39.0,43.0,42.0,41.333332,7.2111025,3.5901136,16.0,1,106025,train
47.0,49.0,44.0,46.666668,222.70259,26.941633,67.33333,1,106025,train
110.0,95.0,90.0,98.333336,207.98131,22.416925,45.33334,1,106025,train
63.0,66.0,59.0,62.666668,11.125552,1.5298144,0.6666603,1,106025,train
32.0,36.0,35.0,34.333332,37.94733,4.708819,9.000002,1,106025,train
57.0,47.0,45.0,49.666668,9.153017,2.390523,3.6666603,1,106025,train
47.0,53.0,49.0,49.666668,84.117645,12.344838,32.666668,1,106025,train
122.0,115.0,109.0,115.333336,250.54828,25.786875,13.333321,1,106025,train
68.0,71.0,76.0,71.666664,46.994095,13.283254,9.000004,1,106025,train
40.0,49.0,48.0,45.666668,8.027726,1.2272341,3.333332,0,106025,train
51.0,56.0,59.0,55.333332,5.0771766,0.69280624,1.9999962,0,106025,train
48.0,52.0,51.0,50.333332,17.888544,1.8257196,0.0,0,106025,train
47.0,40.0,34.0,40.333332,74.23986,10.137874,1.0000019,0,106025,train
34.0,40.0,40.0,38.0,17.029387,3.4676764,15.0,0,106025,train
47.0,53.0,51.0,50.333332,24.083189,4.17518,4.0,0,106025,train
43.0,49.0,49.0,47.0,7.333332,0.7608268,0.33333206,0,106025,train
26.0,32.0,32.0,30.0,7.333334,1.7244933,0.66666794,0,106025,train
27.0,31.0,32.0,30.0,53.333332,6.0657206,18.333332,0,106025,train
85.0,94.0,103.0,94.0,1.4142135,0.3125,0.0,0,106025,train
84.0,95.0,101.0,93.333336,3.8872838,0.5659616,0.66667175,0,106025,train
38.0,44.0,44.0,42.0,10.19803,1.2217011,2.0,0,106025,train
42.0,46.0,47.0,45.0,11.822768,1.3220448,1.3333321,0,106025,train
60.0,62.0,59.0,60.333332,23.669016,4.6872134,12.999996,0,106025,train
83.0,96.0,105.0,94.666664,3.8872995,0.44852188,1.6666641,0,106025,train
42.0,48.0,48.0,46.0,25.495098,3.0911841,0.0,0,106025,train
74.0,88.0,99.0,87.0,5.962849,0.69877124,0.0,0,106025,train
41.0,47.0,47.0,45.0,13.928389,4.4500127,19.0,0,106025,train
37.0,46.0,45.0,42.666668,4.472136,1.2861947,4.0,0,106025,train
52.0,60.0,62.0,58.0,17.448332,1.8257196,0.33333206,0,106025,train
48.0,54.0,52.0,51.333332,6.0,0.7857682,3.0,0,106025,train
44.0,50.0,48.0,47.333332,3.1622777,0.87486047,8.0,0,106025,train
44.0,48.0,47.0,46.333332,41.231056,5.456907,4.0,0,106025,train
35.0,39.0,40.0,38.0,10.29563,1.0999267,0.0,0,106025,train
46.0,50.0,49.0,48.333332,6.0,0.8316552,2.0,0,106025,train
43.0,47.0,46.0,45.333332,26.60409,2.694803,0.33333588,0,106025,train
46.0,50.0,49.0,48.333332,2.0,0.4157542,0.0,0,106025,train
200.0,200.0,208.0,202.66667,174.92854,21.76194,20.333313,0,106025,train
50.0,56.0,56.0,54.0,4.4472194,0.6747757,2.666668,0,106025,train
49.0,57.0,59.0,55.0,9.333328,0.9558108,0.33333206,0,106025,train
43.0,47.0,46.0,45.333332,10.883215,1.1379464,1.6666679,0,106025,train
60.0,70.0,71.0,67.0,52.34501,11.742091,43.0,0,106025,train
42.0,48.0,48.0,46.0,9.899495,1.2860998,0.0,0,106025,train
34.0,38.0,37.0,36.333332,32.557636,4.9216022,13.999996,0,106025,train
40.0,46.0,46.0,44.0,8.246211,0.87486047,1.0,0,106025,train
47.0,52.0,46.0,48.333332,11.401754,1.3333536,4.0,0,106025,train
59.0,65.0,65.0,63.0,8.498367,0.86206967,0.33333588,0,106025,train
50.0,54.0,53.0,52.333332,8.055367,0.9952279,2.3333359,0,106025,train
73.0,85.0,97.0,85.0,10.6353655,1.165294,0.33333588,0,106025,train
66.0,67.0,62.0,65.0,48.270077,6.353825,17.999996,0,106025,train
49.0,53.0,52.0,51.333332,5.656854,0.6669514,2.0,0,106025,train
255.0,255.0,255.0,255.0,4.2426624,0.52663434,1.3333435,0,106025,train
49.0,51.0,50.0,50.0,11.401754,1.154771,3.0,0,106025,train
49.0,51.0,48.0,49.333332,7.8457365,1.0357383,2.0,0,106025,train
42.0,48.0,46.0,45.333332,12.073847,1.3146374,0.66666794,0,106025,train
49.0,53.0,52.0,51.333332,8.485281,0.8163969,0.0,0,106025,train
29.0,35.0,35.0,33.0,32.25592,3.3238676,4.333332,0,106025,train
44.0,48.0,47.0,46.333332,5.0990195,0.62850577,1.0,0,106025,train
48.0,54.0,52.0,51.333332,6.7986937,0.8331217,3.0,0,106025,train
135.0,141.0,141.0,139.0,58.524456,12.546204,45.999992,0,106025,train
43.0,49.0,49.0,47.0,21.260292,3.0831969,3.0,0,106025,train
48.0,57.0,56.0,53.666668,58.872738,6.550845,7.0,0,106025,train
49.0,55.0,55.0,53.0,12.083046,1.3966688,2.0,0,106025,train
78.0,88.0,97.0,87.666664,16.786228,1.8120959,0.33333588,0,106025,train
50.0,54.0,53.0,52.333332,2.0,0.875,4.0,0,106025,train
27.0,33.0,31.0,30.333334,7.071064,1.2861947,1.9999981,0,106025,train
84.0,93.0,100.0,92.333336,0.0,0.47186464,2.0,0,106025,train
43.0,47.0,46.0,45.333332,12.0,1.8857116,1.0,0,106025,train
53.0,55.0,52.0,53.333332,0.0,0.41604772,0.0,0,106025,train
42.0,51.0,50.0,47.666668,1.0540861,0.65625,3.0000038,0,106025,train
68.0,77.0,82.0,75.666664,4.2426405,1.1002042,0.0,0,106025,train
79.0,93.0,104.0,92.0,3.1622777,0.49706167,1.0,0,106025,train
47.0,51.0,50.0,49.333332,20.248457,2.024508,0.0,0,106025,train
60.0,62.0,61.0,61.0,9.486833,1.0303026,1.0,0,106025,train
239.0,241.0,238.0,239.33333,37.679943,9.434188,27.000015,0,106025,train
45.0,51.0,49.0,48.333332,4.8534074,0.59723485,2.0,0,106025,train
81.0,90.0,97.0,89.333336,7.615773,0.8160978,3.0,0,106025,train
120.0,98.0,87.0,101.666664,79.43831,8.985231,26.666664,0,106025,train
45.0,51.0,51.0,49.0,19.067131,2.120457,2.0,0,106025,train
78.0,92.0,101.0,90.333336,2.4037108,0.7609872,3.3333282,0,106025,train
46.0,50.0,49.0,48.333332,4.472136,0.49706167,2.0,0,106025,train
28.0,37.0,36.0,33.666668,48.16639,4.809988,3.9999962,0,106025,train
83.0,96.0,105.0,94.666664,1.4142135,0.5659616,3.0,0,106025,train
43.0,47.0,46.0,45.333332,6.32456,0.99938947,2.666668,0,106025,train
62.0,66.0,65.0,64.333336,10.63537,2.8588626,18.333344,0,106025,train
43.0,49.0,49.0,47.0,4.8074036,0.7371954,2.333332,0,106025,train
82.0,91.0,98.0,90.333336,2.7487192,0.43861464,0.33332825,0,106025,train
247.0,246.0,241.0,244.66667,29.34092,4.937104,16.333313,0,106025,train
44.0,48.0,47.0,46.333332,5.8309517,0.66658527,2.0,0,106025,train
85.0,94.0,103.0,94.0,7.071068,0.73620117,0.0,0,106025,train
42.0,46.0,45.0,44.333332,8.944272,1.0540797,3.0,0,106025,train
89.0,97.0,108.0,98.0,0.0,0.0,0.0,0,106025,train
42.0,48.0,48.0,46.0,13.920404,1.4739767,0.33333206,0,106025,train
87.0,96.0,105.0,96.0,5.8309517,0.6846532,2.0,0,106025,train
41.0,47.0,47.0,45.0,11.709451,1.4488344,2.333332,0,106025,train
35.0,35.0,35.0,35.0,5.333336,4.0453362,29.999996,0,106025,train
51.0,56.0,50.0,52.333332,13.8001585,1.3857887,2.3333359,0,106025,train
41.0,47.0,45.0,44.333332,13.572846,1.5792848,4.333336,0,106025,train
71.0,84.0,93.0,82.666664,13.349977,1.3879011,2.0000076,0,106025,train
38.0,44.0,44.0,42.0,30.007406,4.55811,14.666668,0,106025,train
46.0,52.0,52.0,50.0,5.270464,0.6434769,1.6666679,0,106025,train
36.0,41.0,44.0,40.333332,90.29827,10.242726,14.666668,0,106025,train
61.0,61.0,59.0,60.333332,26.436508,3.003863,2.9999924,0,106025,train
255.0,255.0,253.0,254.33333,1.6996652,0.42847842,1.0,0,106025,train
59.0,67.0,70.0,65.333336,6.342094,0.7664218,1.6666641,0,106025,train
56.0,62.0,60.0,59.333332,61.45098,6.688449,10.333332,0,106025,train
41.0,47.0,45.0,44.333332,18.439089,3.281064,13.0,0,106025,train
63.0,71.0,74.0,69.333336,7.071068,0.7856128,1.0,0,106025,train
67.0,76.0,81.0,74.666664,18.773523,2.0183485,4.6666718,0,106025,train
93.0,103.0,115.0,103.666664,6.411789,0.8184875,0.33333588,0,106025,train
43.0,49.0,49.0,47.0,7.071068,0.9428234,4.0,0,106025,train
58.0,67.0,66.0,63.666668,4.3461337,0.5075119,1.0,0,106025,train
231.0,234.0,241.0,235.33333,99.79197,10.688597,33.666656,0,106025,train
44.0,50.0,50.0,48.0,6.616474,0.7501627,1.6666679,0,106025,train
53.0,55.0,54.0,54.0,6.411799,0.6850097,1.3333321,0,106025,train
80.0,90.0,99.0,89.666664,3.1622777,0.416341,1.0,0,106025,train
137.0,137.0,139.0,137.66667,56.02579,8.61384,37.33336,0,106025,train
87.0,96.0,105.0,96.0,4.472136,0.49706167,2.0,0,106025,train
87.0,97.0,106.0,96.666664,3.887289,0.5685439,2.6666718,0,106025,train
44.0,48.0,47.0,46.333332,16.124516,1.706848,2.0,0,106025,train
76.0,86.0,95.0,85.666664,6.0,0.66658527,0.0,0,106025,train
41.0,47.0,45.0,44.333332,15.613388,2.1873605,1.6666679,0,106025,train
52.0,60.0,62.0,58.0,5.0990195,0.7370298,3.0,0,106025,train
50.0,54.0,53.0,52.333332,5.7542305,0.68483144,1.6666679,0,106025,train
50.0,56.0,54.0,53.333332,8.944272,0.95593846,3.0,0,106025,train
42.0,48.0,48.0,46.0,12.083046,1.5947454,0.0,0,106025,train
50.0,52.0,51.0,51.0,210.95445,23.262325,56.0,0,106025,train
74.0,87.0,96.0,85.666664,7.615773,0.7856128,1.0,0,106025,train
47.0,47.0,47.0,47.0,6.0,0.68483144,2.0,0,106025,train
43.0,49.0,49.0,47.0,7.2111025,0.7370298,1.0,0,106025,train
57.0,54.0,39.0,50.0,44.3045,6.014631,14.0,1,108041,train
200.0,183.0,175.0,186.0,213.39996,21.85669,7.0000153,1,108041,train
195.0,184.0,162.0,180.33333,170.17638,26.36,13.3333435,1,108041,train
129.0,125.0,113.0,122.333336,32.02776,3.2536037,1.3333359,1,108041,train
130.0,127.0,120.0,125.666664,43.086468,4.5325427,4.9999924,1,108041,train
255.0,254.0,241.0,250.0,188.24866,25.52993,46.66667,1,108041,train
168.0,157.0,137.0,154.0,209.90688,34.26733,114.333336,1,108041,train
95.0,82.0,65.0,80.666664,262.11154,39.77812,103.333336,1,108041,train
88.0,91.0,80.0,86.333336,107.36438,10.883729,15.666679,1,108041,train
244.0,241.0,226.0,237.0,421.68896,46.359035,71.33334,1,108041,train
141.0,130.0,124.0,131.66667,44.67164,6.372165,16.66668,1,108041,train
126.0,130.0,131.0,129.0,262.245,26.81596,15.0,1,108041,train
220.0,202.0,188.0,203.33333,177.49681,18.130495,1.6666412,1,108041,train
120.0,111.0,102.0,111.0,47.795845,5.3586235,20.333328,1,108041,train
202.0,184.0,174.0,186.66667,47.67015,6.329803,14.000015,1,108041,train
126.0,114.0,98.0,112.666664,55.337334,8.435359,21.000008,1,108041,train
140.0,136.0,125.0,133.66667,39.395443,4.367404,1.6666565,1,108041,train
64.0,70.0,56.0,63.333332,69.213036,7.40038,5.333336,1,108041,train
185.0,159.0,146.0,163.33333,211.0882,30.968418,45.000015,1,108041,train
123.0,119.0,110.0,117.333336,45.619205,5.0405583,6.333336,1,108041,train
210.0,190.0,166.0,188.66667,549.89044,55.970764,49.33335,1,108041,train
157.0,137.0,113.0,135.66667,227.3856,27.686478,36.333298,1,108041,train
252.0,246.0,232.0,243.33333,308.8016,35.320408,76.99997,1,108041,train
238.0,219.0,204.0,220.33333,472.72446,47.83378,82.999985,1,108041,train
147.0,136.0,130.0,137.66667,26.352331,2.824281,2.3333435,1,108041,train
65.0,73.0,62.0,66.666664,23.645527,3.6379752,16.666672,1,108041,train
193.0,157.0,135.0,161.66667,385.73276,41.990025,76.33335,1,108041,train
119.0,98.0,81.0,99.333336,268.03067,35.967434,25.999992,1,108041,train
55.0,53.0,38.0,48.666668,105.23308,11.794537,4.6666603,1,108041,train
192.0,170.0,159.0,173.66667,33.189705,3.91711,2.9999847,1,108041,train
120.0,114.0,102.0,112.0,61.744987,8.560732,31.333328,1,108041,train
170.0,157.0,151.0,159.33333,124.66664,12.760948,2.0000153,1,108041,train
201.0,183.0,173.0,185.66667,156.25763,15.925486,1.0000153,1,108041,train
136.0,125.0,121.0,127.333336,46.764187,6.253905,7.0000076,1,108041,train
135.0,133.0,120.0,129.33333,413.38547,45.485874,47.666687,1,108041,train
149.0,132.0,124.0,135.0,147.03362,15.434843,3.3333282,1,108041,train
164.0,154.0,153.0,157.0,82.02438,8.629528,1.0,1,108041,train
135.0,105.0,94.0,111.333336,255.53645,28.601553,32.666664,1,108041,train
93.0,91.0,78.0,87.333336,235.81584,24.921675,42.33332,1,108041,train
128.0,122.0,108.0,119.333336,28.859814,3.1207783,4.3333282,1,108041,train
72.0,72.0,62.0,68.666664,52.47645,16.490276,32.33333,1,108041,train
217.0,212.0,209.0,212.66667,190.6725,19.66755,18.000015,1,108041,train
107.0,104.0,89.0,100.0,423.89566,55.500862,160.0,1,108041,train
206.0,192.0,189.0,195.66667,165.4959,23.329124,83.66669,1,108041,train
183.0,180.0,171.0,178.0,590.93335,59.17895,34.999992,1,108041,train
154.0,140.0,127.0,140.33333,155.76619,16.114458,12.666641,1,108041,train
75.0,75.0,67.0,72.333336,164.43372,17.829788,18.333317,1,108041,train
78.0,61.0,53.0,64.0,77.66738,15.118267,37.33333,1,108041,train
87.0,82.0,63.0,77.333336,460.841,50.84883,94.999985,1,108041,train
72.0,73.0,65.0,70.0,17.081505,3.1815968,7.0,1,108041,train
220.0,182.0,163.0,188.33333,303.7287,40.50644,116.33331,1,108041,train
89.0,83.0,67.0,79.666664,299.41315,32.791527,50.333344,1,108041,train
116.0,109.0,91.0,105.333336,76.46205,16.081701,32.33332,1,108041,train
144.0,136.0,125.0,135.0,2.3570342,2.0131404,2.0,1,108041,train
117.0,111.0,99.0,109.0,27.014408,3.2105477,4.333336,1,108041,train
80.0,91.0,83.0,84.666664,99.20237,10.457434,38.333332,1,108041,train
142.0,131.0,125.0,132.66667,76.026344,8.027783,11.000015,1,108041,train
163.0,159.0,150.0,157.33333,121.44499,14.998632,12.999977,1,108041,train
238.0,219.0,202.0,219.66667,385.9663,41.994,58.666687,1,108041,train
156.0,128.0,104.0,129.33333,263.37848,31.595404,71.000015,1,108041,train
145.0,137.0,126.0,136.0,61.173717,6.317603,0.33332825,1,108041,train
199.0,172.0,155.0,175.33333,170.66798,17.523869,5.3333435,1,108041,train
166.0,155.0,151.0,157.33333,132.37823,13.412695,9.000015,1,108041,train
92.0,99.0,81.0,90.666664,12.165525,1.9498097,7.0,1,108041,train
131.0,124.0,116.0,123.666664,18.979525,2.4884498,2.6666718,1,108041,train
133.0,130.0,137.0,133.33333,256.23123,27.576527,39.66668,1,108041,train
134.0,120.0,107.0,120.333336,269.92178,36.519394,128.99998,1,108041,train
133.0,125.0,106.0,121.333336,218.87437,27.165257,32.66667,1,108041,train
191.0,174.0,164.0,176.33333,21.76643,4.375,10.000015,1,108041,train
222.0,207.0,188.0,205.66667,423.1128,42.337326,8.000015,1,108041,train
56.0,48.0,37.0,47.0,216.93268,27.864756,36.66667,1,108041,train
255.0,254.0,245.0,251.33333,165.76355,24.796988,18.333313,1,108041,train
125.0,117.0,98.0,113.333336,330.91452,39.773113,72.33332,1,108041,train
160.0,146.0,133.0,146.33333,90.0617,10.692159,14.000015,1,108041,train
178.0,171.0,152.0,167.0,430.08652,46.675407,34.33333,1,108041,train
192.0,179.0,160.0,177.0,385.1767,49.787243,125.999985,1,108041,train
129.0,120.0,113.0,120.666664,101.09843,12.081995,3.3333206,1,108041,train
124.0,121.0,106.0,117.0,34.130486,3.5663357,0.6666641,1,108041,train
130.0,114.0,101.0,115.0,237.9603,24.441816,12.666672,1,108041,train
79.0,76.0,61.0,72.0,173.46149,20.376366,84.33333,1,108041,train
158.0,132.0,115.0,135.0,579.8653,59.481613,12.333336,1,108041,train
186.0,173.0,164.0,174.33333,242.81908,24.780718,7.0000153,1,108041,train
80.0,78.0,66.0,74.666664,230.5091,26.952179,51.66668,1,108041,train
200.0,176.0,166.0,180.66667,195.75041,19.982365,6.0000305,1,108041,train
173.0,153.0,142.0,156.0,198.1122,20.334124,11.666672,1,108041,train
102.0,106.0,92.0,100.0,52.967495,5.633154,2.3333282,1,108041,train
255.0,254.0,247.0,252.0,105.94865,18.973562,6.3333435,1,108041,train
111.0,118.0,111.0,113.333336,244.0082,28.077911,70.66668,1,108041,train
241.0,238.0,223.0,234.0,401.38455,44.280533,60.333344,1,108041,train
220.0,207.0,188.0,205.0,485.53317,49.789085,17.333328,1,108041,train
121.0,113.0,94.0,109.333336,17.788895,2.0771263,0.66667175,1,108041,train
71.0,69.0,48.0,62.666668,39.468685,7.586577,41.333324,1,108041,train
136.0,127.0,120.0,127.666664,89.92468,8.849932,1.3333511,1,108041,train
97.0,86.0,58.0,80.333336,423.4695,45.89789,94.999985,1,108041,train
154.0,127.0,106.0,129.0,250.86739,34.71972,108.0,1,108041,train
193.0,197.0,198.0,196.0,107.37787,11.149551,11.0,1,108041,train
164.0,157.0,151.0,157.33333,74.29966,15.77082,15.6666565,1,108041,train
107.0,105.0,92.0,101.333336,197.59048,21.464155,3.0000076,1,108041,train
255.0,255.0,250.0,253.33333,165.41933,19.061373,46.66664,1,108041,train
138.0,116.0,105.0,119.666664,178.1566,22.038141,67.999985,1,108041,train
108.0,98.0,96.0,100.666664,186.88081,28.836758,127.333336,1,108041,train
157.0,128.0,94.0,126.333336,404.63455,42.608364,111.33332,1,108041,train
181.0,181.0,169.0,177.0,386.09872,46.78692,137.66669,1,108041,train
76.0,89.0,80.0,81.666664,30.261837,5.241716,20.666672,1,108041,train
113.0,99.0,70.0,94.0,427.5109,45.254284,62.333336,1,108041,train
76.0,62.0,36.0,58.0,420.3504,48.15094,84.0,1,108041,train
122.0,132.0,134.0,129.33333,238.38576,24.694183,5.6666794,1,108041,train
224.0,210.0,199.0,211.0,190.00117,19.590534,8.666672,1,108041,train
163.0,162.0,157.0,160.66667,108.65029,11.7766485,9.333359,1,108041,train
213.0,209.0,206.0,209.33333,204.91086,20.843634,1.333313,1,108041,train
187.0,170.0,160.0,172.33333,38.256424,9.700596,19.333313,1,108041,train
123.0,116.0,98.0,112.333336,24.499435,3.4431772,17.666664,1,108041,train
255.0,253.0,239.0,249.0,275.9235,40.168785,44.333344,1,108041,train
197.0,183.0,174.0,184.66667,62.17,10.236844,44.00003,1,108041,train
255.0,251.0,237.0,247.66667,363.35532,41.831272,96.00003,1,108041,train
240.0,175.0,135.0,183.33333,269.8477,31.885998,79.999985,1,108041,train
97.0,101.0,86.0,94.666664,35.077686,3.6889563,5.333336,1,108041,train
128.0,121.0,103.0,117.333336,108.20247,32.7364,28.333336,1,108041,train
169.0,141.0,120.0,143.33333,52.2983,5.6873283,9.000015,1,108041,train
123.0,116.0,97.0,112.0,230.09369,26.520187,39.0,1,108041,train
152.0,132.0,108.0,130.66667,30.858114,3.292985,1.3333435,0,108041,train
126.0,131.0,125.0,127.333336,105.973785,11.2627535,14.000023,0,108041,train
226.0,150.0,101.0,159.0,102.037025,16.338402,33.000015,0,108041,train
142.0,131.0,127.0,133.33333,34.528587,4.1372924,3.333374,0,108041,train
79.0,96.0,88.0,87.666664,23.194826,3.119057,12.0,0,108041,train
150.0,135.0,114.0,133.0,27.247824,3.9577851,17.000008,0,108041,train
100.0,105.0,98.0,101.0,142.22362,14.117773,4.0000076,0,108041,train
67.0,78.0,64.0,69.666664,18.95022,2.6010816,3.6666641,0,108041,train
79.0,79.0,67.0,75.0,25.668821,2.721622,1.0,0,108041,train
121.0,135.0,136.0,130.66667,7.601198,1.1447912,0.66664124,0,108041,train
159.0,148.0,130.0,145.66667,43.371758,6.6313353,26.666687,0,108041,train
121.0,108.0,92.0,107.0,78.662415,11.596192,39.666664,0,108041,train
159.0,130.0,122.0,137.0,14.7271385,4.245632,21.666672,0,108041,train
173.0,150.0,142.0,155.0,35.640186,4.157542,1.3333282,0,108041,train
150.0,133.0,126.0,136.33333,70.37202,7.3866434,11.999977,0,108041,train
104.0,110.0,98.0,104.0,12.44544,1.5071445,2.0,0,108041,train
78.0,79.0,65.0,74.0,27.840809,3.4462247,10.666664,0,108041,train
193.0,191.0,178.0,187.33333,153.44632,17.18966,43.666656,0,108041,train
118.0,116.0,104.0,112.666664,9.104331,0.96217525,1.0,0,108041,train
155.0,135.0,124.0,138.0,5.7542157,2.8287723,15.666672,0,108041,train
141.0,129.0,113.0,127.666664,99.86771,10.6168165,6.333336,0,108041,train
91.0,97.0,85.0,91.0,100.47997,10.7287445,13.333328,0,108041,train
114.0,102.0,88.0,101.333336,28.859804,4.730841,8.333321,0,108041,train
127.0,127.0,117.0,123.666664,8.602325,1.0303026,1.0,0,108041,train
110.0,102.0,89.0,100.333336,51.402546,6.9183292,15.0,0,108041,train
70.0,77.0,61.0,69.333336,116.39394,15.493872,28.666656,0,108041,train
20.0,41.0,42.0,34.333332,22.236105,2.8650687,4.666668,0,108041,train
119.0,130.0,136.0,128.33333,19.79899,2.6575365,7.333351,0,108041,train
23.0,28.0,34.0,28.333334,2.3570244,0.68692267,4.666664,0,108041,train
64.0,65.0,49.0,59.333332,23.02174,3.651506,8.000004,0,108041,train
147.0,124.0,110.0,127.0,3.5901346,1.5168326,13.333328,0,108041,train
99.0,98.0,80.0,92.333336,38.20413,4.8775034,16.666664,0,108041,train
77.0,51.0,24.0,50.666668,9.104338,14.1961355,48.99999,0,108041,train
69.0,88.0,82.0,79.666664,57.646442,6.445876,12.0,0,108041,train
123.0,116.0,100.0,113.0,40.666668,5.7520375,21.333328,0,108041,train
159.0,138.0,117.0,138.0,9.153006,1.938004,5.6666565,0,108041,train
126.0,120.0,104.0,116.666664,17.600492,2.416375,7.3333206,0,108041,train
164.0,121.0,105.0,130.0,195.70499,33.387405,152.0,0,108041,train
128.0,122.0,106.0,118.666664,17.492859,1.901377,7.6293945e-06,0,108041,train
215.0,203.0,191.0,203.0,122.61776,20.663979,33.000015,0,108041,train
163.0,142.0,137.0,147.33333,54.096626,5.8165307,2.0000153,0,108041,train
184.0,134.0,99.0,139.0,64.29965,36.243507,41.666664,0,108041,train
197.0,155.0,141.0,164.33333,41.00135,5.400738,1.0000153,0,108041,train
255.0,250.0,214.0,239.66667,102.84183,15.648108,32.666687,0,108041,train
120.0,134.0,143.0,132.33333,69.53334,7.306488,0.33332062,0,108041,train
68.0,75.0,59.0,67.333336,11.045361,1.2865742,3.0,0,108041,train
87.0,88.0,72.0,82.333336,32.636047,7.453567,25.666664,0,108041,train
100.0,108.0,95.0,101.0,23.213978,2.5744765,6.3333282,0,108041,train
58.0,66.0,53.0,59.0,21.081846,2.7396824,1.6666679,0,108041,train
255.0,255.0,246.0,252.0,21.73063,2.351861,0.0,0,108041,train
161.0,156.0,137.0,151.33333,340.3544,45.98553,62.666664,0,108041,train
229.0,214.0,175.0,206.0,613.1902,65.94147,121.666664,0,108041,train
192.0,148.0,123.0,154.33333,98.18916,12.09936,36.999977,0,108041,train
62.0,66.0,52.0,60.0,33.711197,4.314792,2.6666641,0,108041,train
64.0,61.0,52.0,59.0,44.103413,6.1963716,1.6666641,0,108041,train
120.0,127.0,119.0,122.0,184.7912,19.184471,6.3333282,0,108041,train
149.0,136.0,120.0,135.0,352.87833,38.176373,26.66668,0,108041,train
145.0,120.0,100.0,121.666664,26.136387,3.6472914,12.333328,0,108041,train
240.0,188.0,149.0,192.33333,156.81836,17.632092,11.666687,0,108041,train
107.0,87.0,62.0,85.333336,429.39362,49.092197,159.66666,0,108041,train
109.0,111.0,100.0,106.666664,6.3245506,2.108854,1.6666718,0,108041,train
119.0,124.0,117.0,120.0,19.646883,2.7261035,4.0,0,108041,train
144.0,118.0,95.0,119.0,8.768635,1.3001653,0.66667175,0,108041,train
100.0,119.0,125.0,114.666664,159.884,16.422224,1.6666565,0,108041,train
239.0,215.0,189.0,214.33333,87.89515,10.044238,8.999985,0,108041,train
236.0,239.0,232.0,235.66667,54.41611,6.9946966,15.666672,0,108041,train
248.0,216.0,178.0,214.0,260.363,35.686104,114.66666,0,108041,train
205.0,162.0,130.0,165.66667,243.09717,27.207464,37.66668,0,108041,train
164.0,173.0,180.0,172.33333,76.357376,8.075208,3.333313,0,108041,train
98.0,96.0,84.0,92.666664,20.923136,3.0176888,7.333336,0,108041,train
26.0,32.0,32.0,30.0,8.246209,0.9087385,0.66666794,0,108041,train
119.0,107.0,93.0,106.333336,100.1388,10.68686,6.6666718,0,108041,train
201.0,163.0,152.0,172.0,84.00133,10.756721,4.6666565,0,108041,train
68.0,79.0,71.0,72.666664,56.59995,5.876205,1.6666641,0,108041,train
98.0,117.0,121.0,112.0,46.21929,4.697801,2.6666641,0,108041,train
77.0,92.0,85.0,84.666664,16.418142,1.9717239,4.0,0,108041,train
93.0,90.0,75.0,86.0,32.338497,4.4149957,12.666664,0,108041,train
117.0,115.0,103.0,111.666664,47.253456,6.1924696,10.6666565,0,108041,train
214.0,168.0,135.0,172.33333,64.20278,6.9269347,19.000015,0,108041,train
98.0,90.0,69.0,85.666664,15.231556,2.72216,10.333321,0,108041,train
28.0,34.0,34.0,32.0,9.439867,1.1415877,1.666666,0,108041,train
236.0,159.0,113.0,169.33333,111.15255,12.022115,0.66667175,0,108041,train
186.0,183.0,176.0,181.66667,386.96222,40.93745,21.666656,0,108041,train
94.0,100.0,88.0,94.0,60.55484,8.642589,25.0,0,108041,train
174.0,149.0,129.0,150.66667,128.33376,15.372332,23.333313,0,108041,train
64.0,75.0,58.0,65.666664,12.69295,1.75,1.6666718,0,108041,train
120.0,134.0,143.0,132.33333,11.78515,1.4320549,0.99998474,0,108041,train
127.0,124.0,105.0,118.666664,170.74025,17.794453,25.66668,0,108041,train
144.0,130.0,121.0,131.66667,87.68629,9.137727,9.333359,0,108041,train
87.0,89.0,75.0,83.666664,63.639626,6.6625924,5.0000076,0,108041,train
255.0,254.0,250.0,253.0,14.251709,1.6007811,0.6666565,0,108041,train
255.0,255.0,226.0,245.33333,118.063065,22.508852,14.9999695,0,108041,train
153.0,154.0,149.0,152.0,22.21608,2.740395,5.6666718,0,108041,train
153.0,142.0,138.0,144.33333,65.06065,7.3131676,34.00003,0,108041,train
213.0,210.0,193.0,205.33333,84.07005,10.439933,26.333328,0,108041,train
136.0,117.0,103.0,118.666664,79.34875,7.8211827,9.999985,0,108041,train
65.0,75.0,66.0,68.666664,3.1622777,2.1604352,3.0,0,108041,train
66.0,72.0,58.0,65.333336,56.50761,7.274373,10.6666565,0,108041,train
196.0,164.0,151.0,170.33333,44.61439,4.994333,5.6666565,0,108041,train
89.0,99.0,88.0,92.0,19.607244,3.1309319,1.6666641,0,108041,train
145.0,130.0,109.0,128.0,11.999992,3.2193568,9.0,0,108041,train
151.0,149.0,128.0,142.66667,473.38144,56.8784,217.33331,0,108041,train
253.0,206.0,152.0,203.66667,79.66736,10.543437,13.6666565,0,108041,train
127.0,117.0,107.0,117.0,44.701492,5.073291,6.333336,0,108041,train
86.0,92.0,80.0,86.0,55.445675,6.343596,21.333328,0,108041,train
231.0,157.0,118.0,168.66667,107.34473,16.529152,39.666687,0,108041,train
145.0,125.0,100.0,123.333336,31.457186,3.3299952,0.66667175,0,108041,train
216.0,198.0,178.0,197.33333,453.364,46.60267,13.333351,0,108041,train
94.0,105.0,97.0,98.666664,30.731802,4.0473275,0.33332825,0,108041,train
163.0,154.0,139.0,152.0,119.00514,16.967224,7.6666718,0,108041,train
61.0,71.0,63.0,65.0,11.005046,1.165294,1.3333359,0,108041,train
143.0,137.0,123.0,134.33333,75.33626,10.557507,16.333344,0,108041,train
102.0,89.0,72.0,87.666664,22.533936,2.4038136,2.3333359,0,108041,train
147.0,135.0,119.0,133.66667,9.9889,2.2776084,7.6666565,0,108041,train
94.0,107.0,100.0,100.333336,34.000015,3.5304203,4.3333435,0,108041,train
128.0,122.0,106.0,118.666664,22.8035,2.3188257,1.3333435,0,108041,train
132.0,129.0,120.0,127.0,13.992082,2.357667,8.666672,0,108041,train
82.0,65.0,47.0,64.666664,55.283115,6.4261127,1.6666527,0,108041,train
138.0,121.0,114.0,124.333336,50.25489,7.3233094,14.666649,0,108041,train
180.0,148.0,137.0,155.0,53.849598,5.7055,5.0,0,108041,train
54.0,58.0,44.0,52.0,60.42994,8.165135,3.333332,1,108073,train
38.0,67.0,36.0,47.0,101.46153,23.969519,25.333332,1,108073,train
92.0,133.0,91.0,105.333336,78.34397,20.864307,83.66667,1,108073,train
39.0,61.0,40.0,46.666668,55.817158,6.314366,7.0000076,1,108073,train
34.0,40.0,28.0,34.0,427.78864,53.519226,178.66667,1,108073,train
154.0,109.0,68.0,110.333336,276.6229,29.834112,25.666656,1,108073,train
244.0,197.0,145.0,195.33333,524.6989,57.694798,104.66665,1,108073,train
178.0,154.0,126.0,152.66667,514.75134,55.418278,27.333359,1,108073,train
55.0,69.0,36.0,53.333332,42.67188,6.9444294,7.000004,1,108073,train
75.0,94.0,64.0,77.666664,275.33292,27.251514,4.6666756,1,108073,train
141.0,117.0,89.0,115.666664,689.7848,68.07694,38.000008,1,108073,train
60.0,63.0,46.0,56.333332,11.469773,14.164896,24.333332,1,108073,train
46.0,58.0,48.0,50.666668,203.18408,27.53215,21.666664,1,108073,train
38.0,56.0,42.0,45.333332,50.94659,5.7437124,7.333336,1,108073,train
243.0,192.0,149.0,194.66667,77.48408,40.137264,146.33336,1,108073,train
28.0,54.0,17.0,33.0,499.63766,57.264416,197.0,1,108073,train
75.0,82.0,51.0,69.333336,72.70795,7.9775686,21.666676,1,108073,train
51.0,84.0,41.0,58.666668,383.0712,43.640514,67.66666,1,108073,train
30.0,39.0,34.0,34.333332,49.54908,4.97182,10.000004,1,108073,train
45.0,51.0,49.0,48.333332,17.088009,6.208308,31.33333,1,108073,train
52.0,75.0,57.0,61.333332,245.74785,30.249353,45.000008,1,108073,train
75.0,69.0,43.0,62.333332,119.33519,16.590925,22.000011,1,108073,train
57.0,56.0,36.0,49.666668,234.661,34.160282,47.33333,1,108073,train
52.0,80.0,40.0,57.333332,154.31929,15.894811,20.666676,1,108073,train
30.0,55.0,26.0,37.0,127.17529,24.65371,19.000002,1,108073,train
240.0,181.0,149.0,190.0,299.7718,48.076885,141.66667,1,108073,train
55.0,49.0,37.0,47.0,89.57802,12.572204,40.0,1,108073,train
167.0,123.0,86.0,125.333336,575.5972,58.834366,38.00002,1,108073,train
64.0,34.0,6.0,34.666668,455.89304,56.04322,142.0,1,108073,train
37.0,49.0,47.0,44.333332,7.673907,1.7762402,7.999996,1,108073,train
124.0,132.0,117.0,124.333336,256.33487,31.847538,107.66667,1,108073,train
9.0,33.0,9.0,17.0,277.67688,42.282124,119.33333,1,108073,train
52.0,63.0,49.0,54.666668,14.126417,4.685156,0.9999924,1,108073,train
51.0,54.0,45.0,50.0,501.00012,55.842617,133.66666,1,108073,train
62.0,70.0,46.0,59.333332,20.138418,6.4433756,21.33334,1,108073,train
50.0,64.0,39.0,51.0,299.70245,33.886154,102.333336,1,108073,train
65.0,66.0,50.0,60.333332,88.4094,9.969093,5.9999924,1,108073,train
52.0,67.0,38.0,52.333332,327.14594,36.11234,99.00001,1,108073,train
45.0,51.0,37.0,44.333332,35.742912,4.047418,12.000004,1,108073,train
55.0,70.0,47.0,57.333332,2.8674414,5.02365,27.333328,1,108073,train
70.0,96.0,61.0,75.666664,115.36705,12.391167,13.333321,1,108073,train
56.0,59.0,50.0,55.0,204.66777,25.790283,10.333336,1,108073,train
171.0,162.0,133.0,155.33333,435.45328,48.910843,159.66664,1,108073,train
14.0,37.0,11.0,20.666666,124.45883,16.749756,95.66667,1,108073,train
96.0,106.0,79.0,93.666664,80.72037,10.831383,30.333328,1,108073,train
152.0,145.0,137.0,144.66667,757.8074,78.95786,142.99998,1,108073,train
100.0,109.0,88.0,99.0,237.50745,24.408611,41.0,1,108073,train
26.0,54.0,29.0,36.333332,160.51654,24.12661,52.333336,1,108073,train
91.0,60.0,29.0,60.0,500.27768,54.945038,124.0,1,108073,train
239.0,213.0,186.0,212.66667,390.76447,45.861225,261.6667,1,108073,train
69.0,39.0,13.0,40.333332,349.70236,42.85432,113.0,1,108073,train
249.0,223.0,148.0,206.66667,39.60918,5.0385237,25.999985,1,108073,train
80.0,71.0,40.0,63.666668,344.78113,38.761303,98.333336,1,108073,train
27.0,36.0,31.0,31.333334,148.2378,15.481561,57.666664,1,108073,train
78.0,105.0,74.0,85.666664,101.388145,14.521183,30.666656,1,108073,train
22.0,41.0,22.0,28.333334,29.683521,9.66745,28.666664,1,108073,train
39.0,41.0,27.0,35.666668,286.24814,37.322422,115.33333,1,108073,train
141.0,169.0,121.0,143.66667,264.3264,39.55934,276.33337,1,108073,train
37.0,50.0,43.0,43.333332,25.68613,3.9471917,11.666664,1,108073,train
40.0,51.0,45.0,45.333332,37.070507,7.609463,4.999996,1,108073,train
34.0,47.0,40.0,40.333332,12.018507,4.0673347,16.33334,1,108073,train
157.0,119.0,82.0,119.333336,437.01028,45.223392,41.33335,1,108073,train
52.0,91.0,36.0,59.666668,255.22845,37.311172,27.666656,1,108073,train
51.0,68.0,34.0,51.0,337.14224,37.97334,136.33334,1,108073,train
80.0,92.0,82.0,84.666664,135.07198,27.921167,90.33333,1,108073,train
81.0,80.0,52.0,71.0,227.81084,29.8941,29.333336,1,108073,train
27.0,50.0,34.0,37.0,77.70743,10.331274,1.6666679,1,108073,train
58.0,69.0,39.0,55.333332,109.33028,11.845708,34.666668,1,108073,train
36.0,47.0,39.0,40.666668,8.806563,2.2302191,3.3333359,1,108073,train
65.0,62.0,43.0,56.666668,353.21036,42.625854,85.33333,1,108073,train
57.0,56.0,36.0,49.666668,48.060154,5.603017,17.666664,1,108073,train
30.0,39.0,38.0,35.666668,11.785117,3.5513291,6.999996,1,108073,train
250.0,235.0,206.0,230.33333,66.421196,10.250381,31.000015,1,108073,train
36.0,45.0,24.0,35.0,109.171616,14.619824,36.33333,1,108073,train
233.0,225.0,204.0,220.66667,664.33093,71.0425,203.00002,1,108073,train
252.0,236.0,210.0,232.66667,349.55368,54.696304,221.6667,1,108073,train
207.0,191.0,168.0,188.66667,624.43024,66.840836,21.000023,1,108073,train
191.0,138.0,98.0,142.33333,559.4507,59.187927,58.33332,1,108073,train
38.0,43.0,39.0,40.0,4.9216127,0.9911104,1.0,1,108073,train
120.0,124.0,97.0,113.666664,259.41177,33.480434,80.33331,1,108073,train
80.0,78.0,53.0,70.333336,116.2851,18.385294,56.33332,1,108073,train
60.0,72.0,52.0,61.333332,15.902477,8.799233,37.999996,1,108073,train
60.0,58.0,46.0,54.666668,531.27625,65.55947,125.333336,1,108073,train
37.0,39.0,34.0,36.666668,79.559906,8.413689,10.999998,1,108073,train
211.0,194.0,164.0,189.66667,489.6831,57.7547,119.33335,1,108073,train
80.0,60.0,36.0,58.666668,389.07983,47.732826,103.66666,1,108073,train
46.0,49.0,38.0,44.333332,117.49232,18.863226,59.33334,1,108073,train
163.0,157.0,141.0,153.66667,511.62704,52.217976,16.00003,1,108073,train
172.0,168.0,159.0,166.33333,502.28366,55.422726,203.66664,1,108073,train
55.0,66.0,60.0,60.333332,85.06337,10.23162,27.666668,1,108073,train
80.0,119.0,75.0,91.333336,574.4147,59.877674,13.333324,1,108073,train
57.0,84.0,41.0,60.666668,220.10098,23.840397,5.0,1,108073,train
63.0,101.0,54.0,72.666664,19.607254,5.1062922,23.666672,1,108073,train
103.0,92.0,64.0,86.333336,251.54811,33.10817,18.666672,1,108073,train
59.0,66.0,50.0,58.333332,8.498363,5.4041047,3.3333282,1,108073,train
44.0,52.0,37.0,44.333332,64.12662,8.027373,15.333336,1,108073,train
33.0,54.0,35.0,40.666668,55.122097,8.530263,34.999996,1,108073,train
80.0,118.0,71.0,89.666664,136.24162,14.417905,2.6666641,1,108073,train
106.0,113.0,97.0,105.333336,321.39972,39.044483,72.00001,1,108073,train
57.0,81.0,59.0,65.666664,120.569016,13.586501,22.666656,1,108073,train
245.0,182.0,128.0,185.0,401.0525,48.560127,105.666664,1,108073,train
58.0,74.0,64.0,65.333336,69.24675,9.940571,21.666676,1,108073,train
80.0,94.0,61.0,78.333336,104.20706,16.282299,18.666676,1,108073,train
24.0,49.0,28.0,33.666668,64.69759,7.8443336,3.3333378,1,108073,train
53.0,54.0,36.0,47.666668,408.09833,50.77744,128.0,1,108073,train
53.0,61.0,50.0,54.666668,154.11539,21.256868,34.333324,1,108073,train
173.0,223.0,138.0,178.0,129.57794,46.415665,80.00001,1,108073,train
161.0,205.0,128.0,164.66667,537.23926,57.243484,192.66669,1,108073,train
57.0,35.0,11.0,34.333332,413.48007,52.427963,197.0,1,108073,train
181.0,171.0,159.0,170.33333,575.4513,59.236797,84.66664,1,108073,train
82.0,67.0,36.0,61.666668,246.926,28.905617,102.333336,1,108073,train
20.0,46.0,21.0,29.0,121.10693,18.439611,73.0,1,108073,train
65.0,66.0,50.0,60.333332,97.82751,14.090337,19.000008,1,108073,train
32.0,40.0,17.0,29.666666,98.15407,14.560882,42.66667,1,108073,train
60.0,61.0,43.0,54.666668,65.55067,7.070101,2.333332,1,108073,train
67.0,52.0,31.0,50.0,31.878244,5.694814,6.666664,1,108073,train
89.0,93.0,58.0,80.0,174.43304,18.067068,16.333332,1,108073,train
52.0,75.0,47.0,58.0,69.33653,7.3870068,0.33333206,1,108073,train
153.0,154.0,140.0,149.0,276.702,39.48181,179.0,1,108073,train
149.0,176.0,141.0,155.33333,108.61961,47.635128,290.0,1,108073,train
70.0,90.0,62.0,74.0,14.360437,2.5530505,13.666664,0,108073,train
82.0,66.0,32.0,60.0,79.902725,8.423947,19.333336,0,108073,train
72.0,103.0,62.0,79.0,102.507454,18.367983,5.333336,0,108073,train
249.0,186.0,142.0,192.33333,365.91953,44.02778,147.99997,0,108073,train
26.0,41.0,36.0,34.333332,39.015663,4.3897767,13.333332,0,108073,train
27.0,40.0,33.0,33.333332,13.03841,2.1314814,3.3333302,0,108073,train
114.0,92.0,51.0,85.666664,85.01109,8.49319,2.6666565,0,108073,train
73.0,65.0,42.0,60.0,16.606556,3.381143,16.333332,0,108073,train
56.0,80.0,56.0,64.0,39.746414,4.789362,1.3333359,0,108073,train
39.0,62.0,46.0,49.0,24.04163,4.3236666,31.333336,0,108073,train
153.0,115.0,68.0,112.0,94.75701,10.309279,22.333328,0,108073,train
30.0,41.0,37.0,36.0,13.106402,1.7708372,4.333334,0,108073,train
43.0,48.0,41.0,44.0,27.28043,2.9855406,1.3333321,0,108073,train
59.0,89.0,51.0,66.333336,59.367043,6.172409,5.3333435,0,108073,train
99.0,88.0,60.0,82.333336,47.347412,6.15268,14.999992,0,108073,train
32.0,45.0,36.0,37.666668,71.58523,7.752339,5.333334,0,108073,train
71.0,72.0,41.0,61.333332,89.954315,11.977477,40.666676,0,108073,train
26.0,55.0,33.0,38.0,64.299644,6.7502894,1.333334,0,108073,train
63.0,87.0,63.0,71.0,8.602314,3.6041968,10.0,0,108073,train
79.0,90.0,58.0,75.666664,112.586754,12.77441,14.666679,0,108073,train
54.0,90.0,52.0,65.333336,207.6541,25.9273,1.3333435,0,108073,train
36.0,42.0,30.0,36.0,29.589787,4.4391775,1.0,0,108073,train
44.0,75.0,43.0,54.0,15.441644,2.8327827,2.333332,0,108073,train
232.0,150.0,76.0,152.66667,259.73535,27.123451,15.666649,0,108073,train
92.0,88.0,50.0,76.666664,32.058975,5.721951,13.6666565,0,108073,train
120.0,97.0,56.0,91.0,34.66665,5.8297377,27.666664,0,108073,train
19.0,36.0,28.0,27.666666,24.698185,3.8586159,14.000002,0,108073,train
248.0,153.0,89.0,163.33333,65.74195,9.0917635,9.333359,0,108073,train
112.0,93.0,53.0,86.0,12.229278,5.367364,24.666664,0,108073,train
51.0,79.0,54.0,61.333332,63.933994,7.834874,21.333332,0,108073,train
71.0,99.0,58.0,76.0,106.437256,11.328373,15.333328,0,108073,train
229.0,172.0,117.0,172.66667,477.7917,51.651985,138.33334,0,108073,train
20.0,42.0,30.0,30.666666,41.59327,5.291491,25.000008,0,108073,train
94.0,80.0,43.0,72.333336,3.1622777,6.232162,37.0,0,108073,train
42.0,72.0,44.0,52.666668,32.509834,3.903155,0.66667175,0,108073,train
53.0,57.0,34.0,48.0,12.823593,2.3028727,19.0,0,108073,train
47.0,48.0,16.0,37.0,165.01581,31.15473,127.66667,0,108073,train
255.0,253.0,169.0,225.66667,47.199337,4.83275,5.666687,0,108073,train
60.0,89.0,61.0,70.0,16.034683,7.6771398,28.999996,0,108073,train
97.0,133.0,95.0,108.333336,113.33529,27.84083,99.66668,0,108073,train
39.0,64.0,42.0,48.333332,11.401754,2.8673897,9.0,0,108073,train
17.0,37.0,26.0,26.666666,26.008549,4.1574025,11.66667,0,108073,train
54.0,57.0,40.0,50.333332,21.343748,3.112867,0.3333435,0,108073,train
113.0,103.0,68.0,94.666664,46.571327,5.3436584,26.0,0,108073,train
22.0,39.0,29.0,30.0,6.000002,2.7171218,7.0,0,108073,train
219.0,165.0,118.0,167.33333,274.02393,37.180565,37.000015,0,108073,train
241.0,150.0,93.0,161.33333,98.333885,14.402351,31.99997,0,108073,train
95.0,80.0,51.0,75.333336,78.77535,8.753152,17.33332,0,108073,train
247.0,238.0,143.0,209.33333,65.05385,10.455635,38.33336,0,108073,train
116.0,123.0,81.0,106.666664,335.65228,40.93601,27.999992,0,108073,train
33.0,53.0,41.0,42.333332,38.873013,4.2429714,3.333332,0,108073,train
31.0,55.0,39.0,41.666668,40.1995,4.6333327,2.3333359,0,108073,train
255.0,182.0,109.0,182.0,35.14099,5.9373355,19.666672,0,108073,train
22.0,44.0,32.0,32.666668,15.5492115,1.7497907,0.33333588,0,108073,train
123.0,69.0,23.0,71.666664,209.92326,38.18506,144.33334,0,108073,train
36.0,53.0,35.0,41.333332,59.524036,8.712139,16.666658,0,108073,train
56.0,62.0,52.0,56.666668,20.357908,2.5098438,7.000004,0,108073,train
242.0,174.0,93.0,169.66667,16.200129,6.048631,37.333313,0,108073,train
36.0,64.0,42.0,47.333332,60.699623,6.7111783,14.333332,0,108073,train
46.0,74.0,49.0,56.333332,13.416403,2.503172,7.333336,0,108073,train
87.0,83.0,48.0,72.666664,24.585445,4.589337,11.333336,0,108073,train
47.0,70.0,52.0,56.333332,42.99095,5.266042,3.6666641,0,108073,train
24.0,34.0,26.0,28.0,29.936972,4.377594,9.0,0,108073,train
20.0,32.0,30.0,27.333334,15.391194,2.6387522,7.999998,0,108073,train
61.0,86.0,46.0,64.333336,507.98865,51.695396,94.666664,0,108073,train
48.0,61.0,43.0,50.666668,30.48132,3.1894908,1.6666679,0,108073,train
33.0,53.0,41.0,42.333332,28.480017,3.654864,8.333332,0,108073,train
74.0,66.0,45.0,61.666668,13.038404,3.0020337,3.666668,0,108073,train
34.0,59.0,38.0,43.666668,3.431872,2.0427558,7.666664,0,108073,train
39.0,74.0,44.0,52.333332,20.709642,2.8109372,4.6666718,0,108073,train
22.0,33.0,29.0,28.0,34.97936,3.695172,4.333334,0,108073,train
213.0,203.0,150.0,188.66667,335.79523,51.378307,121.66669,0,108073,train
94.0,74.0,37.0,68.333336,68.22837,8.194832,46.33332,0,108073,train
240.0,163.0,93.0,165.33333,38.873016,6.272148,43.333344,0,108073,train
77.0,76.0,55.0,69.333336,43.01164,4.645384,1.9999962,0,108073,train
100.0,86.0,59.0,81.666664,119.704254,12.777371,49.666653,0,108073,train
25.0,46.0,41.0,37.333332,16.343536,3.130893,0.33333588,0,108073,train
110.0,97.0,53.0,86.666664,28.666664,4.5974154,4.0,0,108073,train
94.0,111.0,79.0,94.666664,32.564457,7.18536,34.33333,0,108073,train
95.0,95.0,59.0,83.0,78.18639,11.647554,12.333336,0,108073,train
39.0,68.0,48.0,51.666668,78.590355,8.4180765,5.6666603,0,108073,train
19.0,35.0,25.0,26.333334,24.517563,4.911012,15.666664,0,108073,train
115.0,89.0,52.0,85.333336,50.190754,5.5558686,10.333328,0,108073,train
27.0,37.0,36.0,33.333332,46.372883,4.7945333,1.3333282,0,108073,train
72.0,86.0,51.0,69.666664,76.08913,8.328316,4.0000114,0,108073,train
32.0,55.0,37.0,41.333332,28.538477,3.7449348,4.333332,0,108073,train
49.0,58.0,37.0,48.0,28.031721,3.9465113,0.66666794,0,108073,train
29.0,49.0,37.0,38.333332,28.0,3.9565666,4.0,0,108073,train
23.0,46.0,28.0,32.333332,8.246219,2.5196252,11.666676,0,108073,train
53.0,76.0,48.0,59.0,28.460499,3.0952096,1.6666641,0,108073,train
208.0,116.0,51.0,125.0,47.199333,22.272593,101.66667,0,108073,train
255.0,208.0,124.0,195.66667,73.87225,9.789184,37.333344,0,108073,train
66.0,89.0,69.0,74.666664,92.5839,10.542117,24.333324,0,108073,train
133.0,100.0,57.0,96.666664,47.37556,5.523918,7.666664,0,108073,train
22.0,39.0,31.0,30.666666,34.0,5.1207585,26.000008,0,108073,train
58.0,64.0,38.0,53.333332,20.275873,3.2575784,22.33334,0,108073,train
83.0,78.0,40.0,67.0,31.906113,3.9094362,0.0,0,108073,train
42.0,44.0,31.0,39.0,105.93498,13.346394,30.666664,0,108073,train
190.0,133.0,90.0,137.66667,191.45291,19.72536,10.000023,0,108073,train
24.0,29.0,33.0,28.666666,10.198037,1.141561,1.9999981,0,108073,train
20.0,37.0,29.0,28.666666,30.463099,3.4569674,4.000002,0,108073,train
83.0,84.0,50.0,72.333336,78.0,8.369576,17.66668,0,108073,train
96.0,92.0,55.0,81.0,61.031864,6.7732167,2.3333435,0,108073,train
29.0,38.0,33.0,33.333332,18.384773,2.9101746,6.999996,0,108073,train
182.0,110.0,60.0,117.333336,92.11828,14.37629,7.9999924,0,108073,train
56.0,61.0,39.0,52.0,38.787178,6.406879,5.333332,0,108073,train
23.0,35.0,31.0,29.666666,3.4318755,0.6666768,1.0000019,0,108073,train
57.0,55.0,43.0,51.666668,215.71019,22.429588,45.999992,0,108073,train
55.0,63.0,40.0,52.666668,109.84939,12.332837,14.66666,0,108073,train
52.0,75.0,55.0,60.666668,1.4142082,1.7284527,7.999996,0,108073,train
41.0,69.0,47.0,52.333332,60.157204,6.456794,6.666664,0,108073,train
26.0,46.0,35.0,35.666668,11.556622,1.5555706,7.0000057,0,108073,train
34.0,62.0,40.0,45.333332,14.802396,3.5416398,17.333336,0,108073,train
28.0,48.0,37.0,37.666668,16.12451,2.0006714,3.6666718,0,108073,train
31.0,49.0,35.0,38.333332,66.70165,6.8439374,6.66667,0,108073,train
94.0,94.0,58.0,82.0,71.18365,7.965931,1.0,0,108073,train
53.0,66.0,48.0,55.666668,32.526905,7.1561136,7.0,0,108073,train
33.0,53.0,41.0,42.333332,86.33397,9.723346,12.000004,0,108073,train
54.0,79.0,49.0,60.666668,33.47303,3.5311809,2.3333282,0,108073,train
63.0,83.0,55.0,67.0,31.640343,4.169299,17.333332,0,108073,train
102.0,79.0,61.0,80.666664,43.091656,12.752911,41.333344,1,109034,train
93.0,73.0,66.0,77.333336,52.425613,24.921675,118.99999,1,109034,train
188.0,141.0,123.0,150.66667,270.6051,41.996395,48.333344,1,109034,train
77.0,67.0,55.0,66.333336,48.488266,8.301567,10.999992,1,109034,train
112.0,92.0,85.0,96.333336,35.182076,5.7349496,7.3333435,1,109034,train
115.0,93.0,82.0,96.666664,84.72308,12.426581,50.999985,1,109034,train
190.0,143.0,137.0,156.66667,62.227207,11.638685,19.333344,1,109034,train
115.0,113.0,124.0,117.333336,54.918133,8.462117,11.3333435,1,109034,train
85.0,94.0,109.0,96.0,54.456917,9.182769,33.666664,1,109034,train
255.0,242.0,228.0,241.66667,523.2516,60.098713,290.6667,1,109034,train
175.0,172.0,199.0,182.0,154.7737,19.707182,17.333313,1,109034,train
69.0,80.0,102.0,83.666664,34.153248,10.685627,111.00001,1,109034,train
150.0,130.0,123.0,134.33333,126.56575,15.623656,81.333305,1,109034,train
188.0,132.0,115.0,145.0,366.31805,42.973057,92.33333,1,109034,train
230.0,169.0,164.0,187.66667,95.154816,20.260897,108.000015,1,109034,train
69.0,47.0,33.0,49.666668,27.73286,11.081221,74.0,1,109034,train
109.0,86.0,70.0,88.333336,27.406418,14.672666,14.666672,1,109034,train
87.0,96.0,105.0,96.0,55.571785,7.001186,21.333328,1,109034,train
168.0,121.0,101.0,130.0,295.8757,33.362373,73.666664,1,109034,train
97.0,83.0,70.0,83.333336,181.26715,20.437859,88.66666,1,109034,train
88.0,61.0,44.0,64.333336,15.606284,11.695769,103.33332,1,109034,train
123.0,97.0,80.0,100.0,176.19243,20.854008,31.999992,1,109034,train
143.0,112.0,107.0,120.666664,334.3348,35.342216,38.666664,1,109034,train
184.0,136.0,114.0,144.66667,259.32773,29.423895,54.33336,1,109034,train
98.0,93.0,99.0,96.666664,19.22961,7.4852066,37.000015,1,109034,train
154.0,107.0,89.0,116.666664,66.31911,15.965845,21.666664,1,109034,train
67.0,66.0,61.0,64.666664,71.1368,7.7777977,7.333317,1,109034,train
125.0,102.0,94.0,107.0,85.37498,19.021112,8.0,1,109034,train
116.0,85.0,65.0,88.666664,111.40017,20.655754,28.33334,1,109034,train
99.0,105.0,117.0,107.0,143.9784,15.739456,3.0000076,1,109034,train
52.0,57.0,60.0,56.333332,62.767647,7.243734,11.333328,1,109034,train
203.0,139.0,114.0,152.0,141.9867,24.280184,28.000008,1,109034,train
132.0,100.0,85.0,105.666664,253.66339,25.633574,2.0000076,1,109034,train
161.0,125.0,113.0,133.0,306.05917,33.1545,5.3333206,1,109034,train
55.0,56.0,58.0,56.333332,17.518248,3.4178414,9.0,1,109034,train
248.0,193.0,172.0,204.33333,437.93707,52.742058,129.99998,1,109034,train
101.0,82.0,68.0,83.666664,15.391196,16.132236,23.66668,1,109034,train
223.0,170.0,152.0,181.66667,357.73734,44.38981,19.666641,1,109034,train
93.0,84.0,85.0,87.333336,25.88864,13.168455,33.999992,1,109034,train
123.0,103.0,104.0,110.0,222.41603,24.212418,37.0,1,109034,train
133.0,128.0,134.0,131.66667,287.84717,31.075764,99.666695,1,109034,train
218.0,171.0,155.0,181.33333,184.6107,26.722094,33.333313,1,109034,train
137.0,102.0,83.0,107.333336,465.48895,48.473587,71.66666,1,109034,train
110.0,107.0,114.0,110.333336,279.33292,28.897413,10.6666565,1,109034,train
86.0,74.0,62.0,74.0,54.573082,7.1664095,9.333328,1,109034,train
81.0,77.0,66.0,74.666664,46.8093,11.166312,53.66667,1,109034,train
110.0,107.0,118.0,111.666664,157.62753,18.722818,33.000008,1,109034,train
210.0,198.0,172.0,193.33333,768.025,80.558624,137.99997,1,109034,train
88.0,65.0,49.0,67.333336,194.93703,31.830584,39.666656,1,109034,train
98.0,71.0,54.0,74.333336,150.06148,31.933111,117.33333,1,109034,train
90.0,62.0,48.0,66.666664,414.07056,55.769608,212.0,1,109034,train
227.0,170.0,143.0,180.0,28.53456,20.794662,14.0,1,109034,train
123.0,90.0,75.0,96.0,107.70844,11.319706,16.0,1,109034,train
97.0,79.0,67.0,81.0,33.747433,4.073363,8.0,1,109034,train
234.0,187.0,167.0,196.0,406.90976,42.623028,97.666664,1,109034,train
67.0,71.0,82.0,73.333336,54.22996,16.73393,54.999992,1,109034,train
173.0,125.0,105.0,134.33333,91.53625,12.538457,4.666687,1,109034,train
209.0,152.0,141.0,167.33333,221.67494,28.360542,40.999977,1,109034,train
98.0,55.0,38.0,63.666668,474.13074,56.50902,149.99998,1,109034,train
79.0,69.0,67.0,71.666664,72.616196,9.232431,34.000015,1,109034,train
120.0,93.0,74.0,95.666664,59.630325,8.16947,27.333344,1,109034,train
221.0,165.0,152.0,179.33333,266.13696,33.173843,25.999985,1,109034,train
95.0,73.0,60.0,76.0,79.68968,24.351341,25.0,1,109034,train
209.0,163.0,139.0,170.33333,506.23227,55.969143,55.66665,1,109034,train
123.0,100.0,94.0,105.666664,216.25551,21.915096,36.666656,1,109034,train
182.0,140.0,126.0,149.33333,511.10446,50.902843,27.999985,1,109034,train
255.0,213.0,190.0,219.33333,61.842087,43.223732,180.66664,1,109034,train
97.0,87.0,86.0,90.0,23.002417,9.073081,26.666672,1,109034,train
191.0,149.0,135.0,158.33333,621.42267,65.35618,41.666645,1,109034,train
201.0,154.0,136.0,163.66667,358.71158,38.253395,14.000023,1,109034,train
114.0,91.0,73.0,92.666664,220.30333,22.10197,29.333351,1,109034,train
106.0,82.0,82.0,90.0,311.83792,32.109005,56.333336,1,109034,train
138.0,127.0,133.0,132.66667,125.74134,16.176306,38.000023,1,109034,train
81.0,63.0,49.0,64.333336,133.6172,16.337849,30.999989,1,109034,train
56.0,52.0,51.0,53.0,27.365837,6.946011,28.333332,1,109034,train
91.0,72.0,65.0,76.0,14.015869,7.065783,42.999992,1,109034,train
98.0,70.0,56.0,74.666664,602.9899,68.41542,130.0,1,109034,train
152.0,117.0,113.0,127.333336,59.136356,8.5,14.999992,1,109034,train
205.0,147.0,127.0,159.66667,372.60464,44.07686,50.000023,1,109034,train
133.0,108.0,101.0,114.0,47.79586,11.818368,43.333344,1,109034,train
209.0,165.0,154.0,176.0,405.0495,55.02162,90.66667,1,109034,train
108.0,86.0,73.0,89.0,117.3267,11.45874,15.333336,1,109034,train
79.0,50.0,32.0,53.666668,188.43509,30.266348,97.666664,1,109034,train
96.0,84.0,70.0,83.333336,56.666664,8.495145,0.6666641,1,109034,train
129.0,83.0,67.0,93.0,580.6376,60.8003,80.66667,1,109034,train
50.0,55.0,59.0,54.666668,280.6663,31.463877,91.33333,1,109034,train
133.0,133.0,169.0,145.0,100.80786,11.72329,9.333336,1,109034,train
120.0,98.0,87.0,101.666664,316.4589,31.624012,5.3333397,1,109034,train
82.0,81.0,86.0,83.0,265.34338,28.065962,27.333328,1,109034,train
79.0,87.0,98.0,88.0,47.72374,7.983014,25.333336,1,109034,train
74.0,73.0,68.0,71.666664,17.845016,7.6076584,26.333317,1,109034,train
239.0,187.0,174.0,200.0,153.28694,32.967224,58.0,1,109034,train
230.0,177.0,159.0,188.66667,263.16238,35.670967,35.333344,1,109034,train
102.0,73.0,57.0,77.333336,552.01044,61.84967,107.666664,1,109034,train
84.0,67.0,59.0,70.0,9.439864,10.046911,38.0,1,109034,train
119.0,103.0,103.0,108.333336,184.01086,18.315805,14.666649,1,109034,train
127.0,99.0,88.0,104.666664,290.0766,31.420053,42.66667,1,109034,train
107.0,96.0,90.0,97.666664,74.92366,7.808061,16.000015,1,109034,train
69.0,79.0,89.0,79.0,12.8754835,5.921277,49.33333,1,109034,train
107.0,89.0,75.0,90.333336,87.79015,9.910045,17.666672,1,109034,train
188.0,137.0,118.0,147.66667,99.35792,14.593985,42.333344,1,109034,train
143.0,149.0,181.0,157.66667,173.19225,18.21213,15.666641,1,109034,train
228.0,172.0,147.0,182.33333,137.26941,28.950794,145.66666,1,109034,train
87.0,86.0,84.0,85.666664,45.7651,6.7072577,27.666656,1,109034,train
88.0,82.0,84.0,84.666664,88.67669,12.320905,56.000008,1,109034,train
132.0,109.0,101.0,114.0,45.082634,6.782546,40.000008,1,109034,train
111.0,92.0,78.0,93.666664,21.186998,16.51337,19.33332,1,109034,train
86.0,68.0,56.0,70.0,91.983086,9.677515,30.333336,1,109034,train
69.0,83.0,94.0,82.0,38.87302,5.946375,28.999992,1,109034,train
131.0,137.0,169.0,145.66667,141.89981,14.910475,2.6666412,1,109034,train
232.0,178.0,154.0,188.0,104.8438,14.552571,68.33333,1,109034,train
255.0,204.0,185.0,214.66667,285.50348,45.0015,126.33336,1,109034,train
171.0,116.0,96.0,127.666664,375.87735,39.439938,20.000008,1,109034,train
60.0,66.0,64.0,63.333332,83.26798,8.942893,12.666664,1,109034,train
103.0,93.0,92.0,96.0,150.55525,17.960705,39.666664,1,109034,train
104.0,82.0,69.0,85.0,255.36247,46.02811,32.0,1,109034,train
152.0,125.0,116.0,131.0,193.32988,23.62101,6.3333435,1,109034,train
164.0,157.0,173.0,164.66667,174.37189,21.222916,54.666695,1,109034,train
138.0,101.0,82.0,107.0,74.74104,15.737811,41.66667,1,109034,train
138.0,125.0,109.0,124.0,110.6988,17.361422,103.33333,1,109034,train
160.0,140.0,151.0,150.33333,88.25466,10.87536,8.333313,0,109034,train
63.0,53.0,54.0,56.666668,268.89816,31.113028,120.33333,0,109034,train
179.0,129.0,120.0,142.66667,81.64016,15.109496,59.999985,0,109034,train
159.0,120.0,113.0,130.66667,171.8197,20.646816,25.666649,0,109034,train
236.0,206.0,214.0,218.66667,62.852577,9.838938,58.66664,0,109034,train
234.0,210.0,232.0,225.33333,103.74008,21.045244,30.333344,0,109034,train
177.0,140.0,148.0,155.0,77.232666,8.750223,14.666672,0,109034,train
189.0,141.0,139.0,156.33333,155.47491,15.847848,23.999985,0,109034,train
164.0,129.0,125.0,139.33333,74.5535,9.186649,28.333313,0,109034,train
83.0,96.0,115.0,98.0,90.29828,11.75619,11.999992,0,109034,train
77.0,63.0,54.0,64.666664,92.20749,9.357105,8.999992,0,109034,train
248.0,180.0,159.0,195.66667,63.45954,12.282641,46.000015,0,109034,train
57.0,66.0,81.0,68.0,91.58482,12.41166,29.666664,0,109034,train
255.0,254.0,255.0,254.66667,1.9436419,0.293151,0.6666565,0,109034,train
180.0,125.0,122.0,142.33333,121.5136,18.745937,59.666687,0,109034,train
172.0,127.0,121.0,140.0,63.75125,8.1842785,6.0,0,109034,train
199.0,179.0,204.0,194.0,222.30513,24.955273,90.0,0,109034,train
92.0,82.0,73.0,82.333336,71.71084,8.051955,11.333328,0,109034,train
145.0,131.0,144.0,140.0,41.731953,7.297929,22.666664,0,109034,train
113.0,105.0,116.0,111.333336,79.81228,9.576787,10.333336,0,109034,train
84.0,71.0,63.0,72.666664,99.47864,10.300561,2.000019,0,109034,train
194.0,179.0,210.0,194.33333,144.73961,17.96557,44.66664,0,109034,train
182.0,141.0,135.0,152.66667,154.5955,19.566143,35.00003,0,109034,train
111.0,92.0,86.0,96.333336,310.12866,30.465849,20.33332,0,109034,train
86.0,79.0,73.0,79.333336,33.572464,5.9748416,25.333344,0,109034,train
210.0,170.0,194.0,191.33333,59.682476,10.669759,7.0000153,0,109034,train
143.0,125.0,137.0,135.0,147.70845,15.421803,6.0000076,0,109034,train
153.0,155.0,176.0,161.33333,156.64326,18.058498,55.999977,0,109034,train
250.0,216.0,232.0,232.66667,180.20851,30.472773,125.66667,0,109034,train
143.0,111.0,96.0,116.666664,465.45078,50.607174,19.333344,0,109034,train
234.0,160.0,135.0,176.33333,164.57892,23.581598,139.99997,0,109034,train
181.0,130.0,126.0,145.66667,115.70461,19.560204,8.666695,0,109034,train
219.0,181.0,194.0,198.0,149.37053,21.665245,92.66667,0,109034,train
254.0,252.0,253.0,253.0,13.727502,2.5685904,2.6666718,0,109034,train
201.0,140.0,121.0,154.0,115.65946,24.201021,67.666664,0,109034,train
250.0,166.0,129.0,181.66667,58.442772,8.180101,6.0000305,0,109034,train
145.0,122.0,130.0,132.33333,91.75452,16.950006,98.66667,0,109034,train
148.0,133.0,138.0,139.66667,294.05063,29.770214,15.666687,0,109034,train
64.0,64.0,62.0,63.333332,32.24904,4.416544,4.000004,0,109034,train
160.0,140.0,142.0,147.33333,24.02313,8.105265,22.333313,0,109034,train
211.0,169.0,179.0,186.33333,71.25856,13.949686,64.000015,0,109034,train
189.0,173.0,200.0,187.33333,289.92914,32.033184,1.3333588,0,109034,train
112.0,88.0,76.0,92.0,139.95634,15.046445,48.0,0,109034,train
238.0,194.0,211.0,214.33333,212.35295,23.117989,82.66664,0,109034,train
230.0,209.0,240.0,226.33333,105.25104,16.558844,79.66664,0,109034,train
235.0,199.0,225.0,219.66667,100.72184,13.898488,77.33334,0,109034,train
142.0,137.0,157.0,145.33333,97.26137,16.439936,28.999985,0,109034,train
80.0,60.0,51.0,63.666668,241.11823,28.52722,79.666664,0,109034,train
255.0,254.0,253.0,254.0,8.768635,1.299038,4.0,0,109034,train
131.0,105.0,106.0,114.0,287.67343,48.614353,56.33333,0,109034,train
222.0,161.0,166.0,183.0,60.796577,9.738375,15.0,0,109034,train
104.0,79.0,74.0,85.666664,389.98148,46.25964,106.66669,0,109034,train
67.0,62.0,56.0,61.666668,40.400772,7.036855,18.000008,0,109034,train
87.0,77.0,68.0,77.333336,144.5122,14.937811,10.333336,0,109034,train
148.0,128.0,130.0,135.33333,17.770123,4.8405232,32.333313,0,109034,train
189.0,168.0,187.0,181.33333,300.23178,32.46621,4.6667023,0,109034,train
182.0,145.0,153.0,160.0,76.80854,8.891709,6.0,0,109034,train
128.0,120.0,141.0,129.66667,111.06054,21.128004,51.66664,0,109034,train
81.0,81.0,79.0,80.333336,39.623226,5.2915487,20.0,0,109034,train
202.0,164.0,187.0,184.33333,70.01744,15.786169,92.66669,0,109034,train
173.0,132.0,130.0,145.0,160.84843,22.629662,34.333344,0,109034,train
253.0,163.0,128.0,181.33333,80.13879,8.882039,12.333298,0,109034,train
65.0,62.0,57.0,61.333332,66.340866,6.906975,6.0,0,109034,train
255.0,252.0,250.0,252.33333,113.6173,14.528259,21.333313,0,109034,train
211.0,166.0,171.0,182.66667,275.4713,30.507492,57.000008,0,109034,train
192.0,167.0,186.0,181.66667,151.6143,24.330048,34.333344,0,109034,train
155.0,143.0,145.0,147.66667,189.90642,24.974752,102.000015,0,109034,train
71.0,73.0,70.0,71.333336,58.174072,6.7117333,14.000008,0,109034,train
182.0,152.0,180.0,171.33333,160.16797,18.378082,81.000015,0,109034,train
120.0,121.0,139.0,126.666664,55.009098,7.2299695,3.3333282,0,109034,train
214.0,181.0,212.0,202.33333,66.31911,11.760136,20.666687,0,109034,train
162.0,150.0,170.0,160.66667,57.1703,12.735669,47.33336,0,109034,train
43.0,47.0,50.0,46.666668,11.045361,3.467659,10.0,0,109034,train
158.0,146.0,168.0,157.33333,56.586197,9.78679,60.666656,0,109034,train
170.0,149.0,158.0,159.0,80.677704,11.982817,39.0,0,109034,train
204.0,142.0,117.0,154.33333,89.498604,11.162945,15.999985,0,109034,train
206.0,164.0,178.0,182.66667,108.124435,20.03688,31.666672,0,109034,train
109.0,99.0,100.0,102.666664,267.94235,29.116617,62.0,0,109034,train
170.0,126.0,123.0,139.66667,57.05748,10.392023,39.999985,0,109034,train
117.0,107.0,116.0,113.333336,97.6126,11.052123,46.333313,0,109034,train
240.0,191.0,210.0,213.66667,117.63693,12.69381,16.333313,0,109034,train
125.0,118.0,136.0,126.333336,70.25824,12.516707,83.999985,0,109034,train
163.0,139.0,153.0,151.66667,131.99327,14.868171,36.000015,0,109034,train
151.0,116.0,112.0,126.333336,233.50137,36.66969,73.33334,0,109034,train
215.0,154.0,149.0,172.66667,162.1919,17.823517,4.666687,0,109034,train
150.0,137.0,157.0,148.0,74.9533,9.699186,5.3333282,0,109034,train
151.0,137.0,162.0,150.0,23.57022,13.233702,37.333344,0,109034,train
168.0,149.0,168.0,161.66667,162.19673,17.730457,16.000015,0,109034,train
236.0,214.0,235.0,228.33333,219.62898,23.68651,24.666641,0,109034,train
67.0,60.0,54.0,60.333332,107.93413,12.6508665,21.000008,0,109034,train
205.0,182.0,211.0,199.33333,94.0378,15.523043,69.33331,0,109034,train
180.0,153.0,172.0,168.33333,110.91238,13.377117,4.6666718,0,109034,train
154.0,123.0,128.0,135.0,113.67398,19.401142,8.666664,0,109034,train
255.0,254.0,255.0,254.66667,89.75271,16.8684,10.666687,0,109034,train
158.0,118.0,116.0,130.66667,70.980415,11.009583,9.999977,0,109034,train
133.0,131.0,152.0,138.66667,60.140564,10.255905,2.3333511,0,109034,train
222.0,189.0,216.0,209.0,153.102,17.430553,21.000015,0,109034,train
76.0,63.0,55.0,64.666664,23.856056,4.5081306,10.666676,0,109034,train
155.0,135.0,146.0,145.33333,159.88676,17.10246,14.666687,0,109034,train
189.0,150.0,168.0,169.0,55.218746,15.617249,29.0,0,109034,train
106.0,120.0,149.0,125.0,42.373993,5.9305882,16.0,0,109034,train
255.0,228.0,210.0,231.0,94.733536,10.4476,18.999985,0,109034,train
198.0,135.0,117.0,150.0,95.872604,10.471688,16.333328,0,109034,train
196.0,129.0,110.0,145.0,96.44917,10.677078,17.333328,0,109034,train
245.0,179.0,167.0,197.0,65.82977,15.150353,61.0,0,109034,train
157.0,122.0,120.0,133.0,77.53136,11.8281145,19.666664,0,109034,train
201.0,130.0,110.0,147.0,90.08269,16.89033,1.3333359,0,109034,train
113.0,109.0,123.0,115.0,188.23683,19.90782,45.66667,0,109034,train
255.0,255.0,251.0,253.66667,5.0110974,0.6434769,0.9999695,0,109034,train
217.0,202.0,199.0,206.0,43.949474,16.950294,146.0,0,109034,train
57.0,57.0,55.0,56.333332,15.811388,2.0787122,5.0,0,109034,train
197.0,161.0,161.0,173.0,451.43768,51.728275,45.0,0,109034,train
200.0,154.0,165.0,173.0,96.63909,12.081106,19.333344,0,109034,train
179.0,137.0,139.0,151.66667,131.48215,16.247114,4.333313,0,109034,train
197.0,142.0,137.0,158.66667,70.75625,8.625453,1.3333588,0,109034,train
175.0,156.0,186.0,172.33333,78.52245,14.9005165,31.0,0,109034,train
140.0,129.0,137.0,135.33333,91.2384,12.181729,74.33332,0,109034,train
80.0,71.0,62.0,71.0,97.617165,13.432139,44.666664,0,109034,train
162.0,136.0,149.0,149.0,285.46454,33.57306,36.0,0,109034,train
255.0,254.0,255.0,254.66667,15.620478,2.6435359,7.666687,0,109034,train
67.0,76.0,49.0,64.0,45.648415,17.019304,45.66667,1,112082,train
174.0,255.0,255.0,228.0,39.533386,6.9101377,31.000015,1,112082,train
130.0,127.0,108.0,121.666664,13.333311,9.018536,20.666672,1,112082,train
194.0,255.0,255.0,234.66667,71.08369,7.8864007,20.000015,1,112082,train
182.0,150.0,125.0,152.33333,177.68196,29.05383,9.333313,1,112082,train
146.0,139.0,113.0,132.66667,126.42431,21.212627,1.3333588,1,112082,train
161.0,255.0,255.0,223.66667,60.745354,11.671446,28.333344,1,112082,train
63.0,57.0,45.0,55.0,81.655106,13.900877,10.66666,1,112082,train
176.0,162.0,149.0,162.33333,69.0008,18.687187,106.33333,1,112082,train
255.0,238.0,194.0,229.0,30.30583,5.860354,13.333328,1,112082,train
158.0,254.0,253.0,221.66667,5.51766,0.6643841,0.33332825,1,112082,train
79.0,191.0,215.0,161.66667,51.66777,21.642063,99.999985,1,112082,train
84.0,78.0,64.0,75.333336,318.3265,33.61184,49.666653,1,112082,train
63.0,61.0,48.0,57.333332,69.23069,10.683365,53.333336,1,112082,train
171.0,246.0,251.0,222.66667,153.85204,17.44657,14.000015,1,112082,train
109.0,106.0,89.0,101.333336,246.04651,25.0189,13.333351,1,112082,train
72.0,66.0,52.0,63.333332,293.90552,30.693125,58.000004,1,112082,train
69.0,72.0,53.0,64.666664,67.2673,10.088209,57.333347,1,112082,train
117.0,115.0,100.0,110.666664,120.389175,12.86506,28.666656,1,112082,train
101.0,103.0,81.0,95.0,77.06851,11.811301,19.0,1,112082,train
133.0,137.0,120.0,130.0,15.267976,4.830324,27.333336,1,112082,train
155.0,252.0,255.0,220.66667,25.342098,3.087905,7.0000305,1,112082,train
114.0,120.0,92.0,108.666664,107.47196,16.098816,64.66665,1,112082,train
199.0,175.0,149.0,174.33333,314.5826,33.13125,36.33336,1,112082,train
152.0,255.0,255.0,220.66667,5.9628453,1.8519416,3.666687,1,112082,train
78.0,66.0,52.0,65.333336,318.49786,39.73931,112.66666,1,112082,train
128.0,233.0,239.0,200.0,139.37158,19.118973,11.666672,1,112082,train
164.0,147.0,127.0,146.0,312.11288,42.002094,2.6666641,1,112082,train
242.0,215.0,194.0,217.0,451.4884,52.602264,227.33333,1,112082,train
104.0,105.0,74.0,94.333336,92.00121,12.826592,9.6666565,1,112082,train
133.0,127.0,111.0,123.666664,215.64424,21.936522,37.33332,1,112082,train
83.0,84.0,66.0,77.666664,278.65112,35.16172,72.000015,1,112082,train
101.0,85.0,69.0,85.0,203.7275,26.375795,123.666664,1,112082,train
255.0,228.0,198.0,227.0,262.19458,40.697914,117.66666,1,112082,train
65.0,59.0,45.0,56.333332,280.3744,34.570065,93.33334,1,112082,train
99.0,97.0,85.0,93.666664,10.121474,2.6010816,9.666664,1,112082,train
161.0,150.0,122.0,144.33333,100.77477,15.472632,16.666641,1,112082,train
138.0,140.0,127.0,135.0,65.39113,9.589117,52.0,1,112082,train
101.0,107.0,81.0,96.333336,166.97174,18.723066,33.33334,1,112082,train
120.0,115.0,96.0,110.333336,73.69908,10.323715,6.0000076,1,112082,train
65.0,65.0,53.0,61.0,7.9021807,2.9689555,2.333332,1,112082,train
68.0,67.0,62.0,65.666664,71.74801,8.5192795,7.333336,1,112082,train
155.0,234.0,239.0,209.33333,57.08864,6.9058967,28.666687,1,112082,train
162.0,143.0,128.0,144.33333,434.0855,45.751205,92.66664,1,112082,train
61.0,61.0,49.0,57.0,12.875474,2.6855917,2.333332,1,112082,train
147.0,134.0,100.0,127.0,86.312096,12.193909,6.666664,1,112082,train
156.0,144.0,118.0,139.33333,126.82972,24.27411,49.66668,1,112082,train
67.0,63.0,52.0,60.666668,16.275406,3.7144146,2.9999962,1,112082,train
112.0,108.0,83.0,101.0,107.6672,15.036706,33.333336,1,112082,train
142.0,250.0,250.0,214.0,55.477688,6.2139587,5.0,1,112082,train
152.0,252.0,254.0,219.33333,53.66563,9.010844,5.666641,1,112082,train
154.0,255.0,254.0,221.0,7.3181434,1.0476909,1.6666718,1,112082,train
135.0,122.0,103.0,120.0,137.87756,21.479824,7.333336,1,112082,train
169.0,182.0,173.0,174.66667,282.22372,31.912846,44.333313,1,112082,train
136.0,137.0,123.0,132.0,243.28174,30.048512,68.333336,1,112082,train
79.0,72.0,66.0,72.333336,94.666664,10.128929,25.000011,1,112082,train
103.0,96.0,88.0,95.666664,132.44788,13.076025,14.666679,1,112082,train
136.0,129.0,101.0,122.0,159.48042,24.679726,31.666664,1,112082,train
71.0,65.0,49.0,61.666668,13.928389,1.5981098,6.3333435,1,112082,train
56.0,54.0,41.0,50.333332,93.37618,18.262222,22.666668,1,112082,train
146.0,132.0,106.0,128.0,155.39627,23.46952,33.0,1,112082,train
136.0,233.0,249.0,206.0,6.8637376,5.75645,3.6666718,1,112082,train
85.0,94.0,77.0,85.333336,209.19156,21.942753,12.666672,1,112082,train
99.0,92.0,76.0,89.0,32.045097,9.240018,28.0,1,112082,train
162.0,147.0,124.0,144.33333,50.881107,13.423903,3.6666565,1,112082,train
130.0,126.0,114.0,123.333336,230.09032,23.342056,44.33335,1,112082,train
155.0,249.0,248.0,217.33333,75.92394,8.669721,1.6666412,1,112082,train
151.0,132.0,115.0,132.66667,624.04504,63.762745,2.3333511,1,112082,train
93.0,118.0,115.0,108.666664,296.63748,45.00054,91.33334,1,112082,train
255.0,241.0,201.0,232.33333,71.44539,17.762539,19.666641,1,112082,train
130.0,181.0,182.0,164.33333,172.11948,22.230505,109.000015,1,112082,train
231.0,213.0,191.0,211.66667,291.1651,63.11898,197.00002,1,112082,train
82.0,80.0,68.0,76.666664,140.12851,15.721142,8.000011,1,112082,train
111.0,94.0,78.0,94.333336,375.49405,38.44662,21.33332,1,112082,train
74.0,71.0,56.0,67.0,57.71385,7.2929926,36.666668,1,112082,train
157.0,127.0,99.0,127.666664,244.8446,30.173326,60.000015,1,112082,train
116.0,115.0,94.0,108.333336,98.83094,11.897142,34.000008,1,112082,train
138.0,126.0,100.0,121.333336,164.43098,20.949343,33.33333,1,112082,train
62.0,53.0,36.0,50.333332,401.14645,48.75346,132.33334,1,112082,train
86.0,87.0,81.0,84.666664,78.937386,11.676131,50.999996,1,112082,train
61.0,62.0,54.0,59.0,19.804602,4.868084,1.3333321,1,112082,train
91.0,89.0,76.0,85.333336,18.141418,7.0613246,13.333336,1,112082,train
61.0,54.0,36.0,50.333332,378.87845,45.255318,121.33334,1,112082,train
193.0,252.0,250.0,231.66667,211.58975,28.75557,41.666687,1,112082,train
145.0,129.0,96.0,123.333336,137.2443,22.834364,101.66665,1,112082,train
194.0,255.0,255.0,234.66667,8.666659,1.0771055,4.666687,1,112082,train
114.0,108.0,82.0,101.333336,234.10585,25.622618,58.999985,1,112082,train
178.0,255.0,255.0,229.33333,27.333359,6.190025,18.333313,1,112082,train
143.0,135.0,122.0,133.33333,93.497475,24.2056,209.33331,1,112082,train
156.0,255.0,255.0,222.0,81.60611,9.962037,33.66667,1,112082,train
56.0,48.0,35.0,46.333332,108.24048,14.943505,54.000008,1,112082,train
255.0,227.0,188.0,223.33333,56.10505,7.230307,19.666641,1,112082,train
87.0,81.0,57.0,75.0,306.0588,37.283306,164.66667,1,112082,train
200.0,181.0,149.0,176.66667,157.1164,16.466703,14.999985,1,112082,train
109.0,241.0,255.0,201.66667,38.832947,5.1474357,17.000015,1,112082,train
122.0,118.0,89.0,109.666664,51.103363,14.20731,45.333336,1,112082,train
235.0,201.0,164.0,200.0,118.30659,16.862148,24.0,1,112082,train
117.0,245.0,254.0,205.33333,2.3570168,1.1162857,2.0,1,112082,train
132.0,119.0,100.0,117.0,23.290438,11.186365,67.00001,1,112082,train
153.0,247.0,255.0,218.33333,97.369835,12.992937,17.99997,1,112082,train
169.0,250.0,254.0,224.33333,54.20127,6.650599,7.333313,1,112082,train
171.0,164.0,145.0,160.0,359.41217,38.52462,76.00001,1,112082,train
122.0,104.0,84.0,103.333336,354.18298,41.989117,11.333317,1,112082,train
91.0,82.0,67.0,80.0,174.99843,28.294748,77.333336,1,112082,train
58.0,49.0,40.0,49.0,191.08696,27.543015,44.666668,1,112082,train
46.0,149.0,168.0,121.0,222.15959,29.433287,181.66666,1,112082,train
89.0,76.0,59.0,74.666664,83.90603,21.889973,110.66667,1,112082,train
65.0,65.0,57.0,62.333332,34.528572,4.8832564,13.666676,1,112082,train
113.0,115.0,93.0,107.0,183.23633,19.606081,6.3333282,1,112082,train
194.0,253.0,255.0,234.0,4.242619,0.84779125,0.0,1,112082,train
146.0,133.0,101.0,126.666664,315.58063,36.15397,116.33336,1,112082,train
208.0,191.0,171.0,190.0,489.19095,60.304855,181.33334,1,112082,train
67.0,65.0,52.0,61.333332,241.83418,25.866234,46.333336,1,112082,train
66.0,74.0,61.0,67.0,56.72937,9.782948,15.0,1,112082,train
182.0,247.0,249.0,226.0,89.0755,9.743989,19.0,1,112082,train
97.0,112.0,83.0,97.333336,51.01851,6.9296126,35.999992,1,112082,train
173.0,159.0,130.0,154.0,279.16583,33.99908,94.66667,1,112082,train
136.0,115.0,96.0,115.666664,434.0778,44.88901,37.333344,1,112082,train
216.0,191.0,151.0,186.0,18.979525,9.406821,40.33333,1,112082,train
178.0,144.0,116.0,146.0,151.97441,20.544445,65.0,1,112082,train
172.0,165.0,147.0,161.33333,40.718555,5.384258,0.6666565,0,112082,train
115.0,250.0,254.0,206.33333,4.3158372e-05,0.3125,0.666687,0,112082,train
58.0,55.0,46.0,53.0,6.863751,0.8313616,3.333332,0,112082,train
149.0,140.0,123.0,137.33333,9.152988,1.920795,2.3333435,0,112082,train
82.0,98.0,88.0,89.333336,102.6461,21.073532,15.666672,0,112082,train
131.0,129.0,114.0,124.666664,47.539463,5.5830903,24.333328,0,112082,train
114.0,169.0,174.0,152.33333,348.2531,36.86851,27.333305,0,112082,train
181.0,160.0,133.0,158.0,331.53647,38.189903,55.000008,0,112082,train
127.0,255.0,254.0,212.0,1.8856324,0.49212548,1.3333282,0,112082,train
123.0,146.0,126.0,131.66667,75.00517,12.7143345,53.33336,0,112082,train
156.0,154.0,139.0,149.66667,109.25607,25.545933,101.66668,0,112082,train
127.0,101.0,74.0,100.666664,169.85748,20.230001,61.000008,0,112082,train
254.0,233.0,188.0,225.0,60.759995,13.339321,30.333328,0,112082,train
150.0,126.0,100.0,125.333336,51.33982,10.156779,12.666672,0,112082,train
83.0,93.0,68.0,81.333336,158.964,18.986979,6.6666718,0,112082,train
91.0,149.0,161.0,133.66667,269.94858,31.388474,126.66666,0,112082,train
189.0,160.0,128.0,159.0,14.681823,10.195357,21.333328,0,112082,train
97.0,95.0,80.0,90.666664,78.22759,12.513821,22.66668,0,112082,train
205.0,173.0,134.0,170.66667,117.353226,12.992636,59.666656,0,112082,train
213.0,183.0,149.0,181.66667,97.05208,12.938934,6.3333435,0,112082,train
192.0,162.0,128.0,160.66667,56.269184,7.1482625,2.3333282,0,112082,train
80.0,80.0,68.0,76.0,104.048065,14.967478,66.0,0,112082,train
199.0,254.0,251.0,234.66667,60.347153,7.616286,7.333313,0,112082,train
171.0,248.0,255.0,224.66667,101.71091,13.111898,19.333359,0,112082,train
142.0,141.0,110.0,131.0,30.58687,10.421957,20.333328,0,112082,train
120.0,151.0,154.0,141.66667,189.24706,24.931547,31.666649,0,112082,train
66.0,62.0,51.0,59.666668,3.431872,0.76975924,0.6666641,0,112082,train
110.0,113.0,92.0,105.0,72.401665,21.748182,67.333336,0,112082,train
109.0,106.0,89.0,101.333336,112.02875,14.074856,68.33332,0,112082,train
54.0,92.0,103.0,83.0,219.82266,47.58154,155.33331,0,112082,train
112.0,249.0,255.0,205.33333,1.9436629,0.49607837,2.0000153,0,112082,train
131.0,124.0,108.0,121.0,33.286633,3.6344166,6.0,0,112082,train
181.0,151.0,117.0,149.66667,210.90388,25.14835,71.33333,0,112082,train
104.0,82.0,58.0,81.333336,209.19316,22.443375,48.33333,0,112082,train
165.0,134.0,105.0,134.66667,24.585466,5.7217374,16.333328,0,112082,train
143.0,136.0,120.0,133.0,36.05551,4.2802234,2.0,0,112082,train
189.0,160.0,128.0,159.0,109.83825,17.583729,62.33333,0,112082,train
109.0,174.0,202.0,161.66667,338.01776,36.434982,63.666695,0,112082,train
106.0,132.0,133.0,123.666664,62.64006,7.9876614,32.000015,0,112082,train
55.0,51.0,39.0,48.333332,101.46155,12.199774,30.000008,0,112082,train
164.0,150.0,137.0,150.33333,25.342064,3.8737397,12.666687,0,112082,train
140.0,255.0,255.0,216.66667,3.0184762,0.375,0.66667175,0,112082,train
132.0,254.0,255.0,213.66667,1.943621,0.293151,1.6666412,0,112082,train
207.0,195.0,179.0,193.66667,76.95597,10.703569,22.0,0,112082,train
204.0,171.0,140.0,171.66667,40.936275,5.5817785,1.9999847,0,112082,train
155.0,255.0,255.0,221.66667,0.666687,0.39031237,1.6666718,0,112082,train
193.0,163.0,129.0,161.66667,47.22054,4.883806,9.333328,0,112082,train
119.0,164.0,170.0,151.0,77.66593,12.468241,42.666656,0,112082,train
158.0,155.0,140.0,151.0,111.10456,15.273675,90.66667,0,112082,train
118.0,130.0,110.0,119.333336,195.03616,21.317951,18.000008,0,112082,train
153.0,255.0,255.0,221.0,31.340433,5.7601814,37.66667,0,112082,train
186.0,255.0,254.0,231.66667,5.6764636,0.5896238,0.333313,0,112082,train
113.0,110.0,95.0,106.0,27.345518,4.4666734,16.333336,0,112082,train
191.0,163.0,139.0,164.33333,69.36217,9.162487,47.33333,0,112082,train
158.0,141.0,123.0,140.66667,154.05121,21.073114,40.33335,0,112082,train
70.0,64.0,50.0,61.333332,37.676983,4.302638,3.0,0,112082,train
178.0,156.0,132.0,155.33333,71.61626,10.125289,2.333313,0,112082,train
126.0,255.0,255.0,212.0,4.0,0.4677072,1.0,0,112082,train
74.0,72.0,60.0,68.666664,138.08612,15.018511,3.3333168,0,112082,train
146.0,170.0,172.0,162.66667,135.27669,18.199791,43.333344,0,112082,train
116.0,107.0,90.0,104.333336,150.80598,16.709578,52.333344,0,112082,train
77.0,81.0,56.0,71.333336,212.51353,34.306923,53.999985,0,112082,train
93.0,124.0,106.0,107.666664,229.83908,24.793837,5.333336,0,112082,train
151.0,133.0,113.0,132.33333,100.277405,11.825927,39.999977,0,112082,train
99.0,104.0,84.0,95.666664,124.337364,12.655363,2.3333282,0,112082,train
135.0,254.0,252.0,213.66667,5.4974866,1.2151389,8.6666565,0,112082,train
210.0,184.0,151.0,181.66667,91.278534,10.860263,45.33336,0,112082,train
61.0,59.0,47.0,55.666668,2.828427,1.8323935,2.0,0,112082,train
172.0,161.0,143.0,158.66667,189.44656,23.083366,36.33335,0,112082,train
219.0,185.0,147.0,183.66667,159.68648,18.094425,36.66667,0,112082,train
77.0,79.0,68.0,74.666664,161.86137,18.728073,32.333347,0,112082,train
122.0,113.0,98.0,111.0,128.14227,22.671438,47.33333,0,112082,train
81.0,73.0,62.0,72.0,37.623882,21.980604,8.666672,0,112082,train
170.0,153.0,135.0,152.66667,33.0824,4.9588146,25.333328,0,112082,train
69.0,70.0,56.0,65.0,272.58963,28.598581,117.33333,0,112082,train
195.0,166.0,132.0,164.33333,48.61187,6.3359714,25.999985,0,112082,train
220.0,189.0,145.0,184.66667,152.40663,18.721645,6.0000153,0,112082,train
127.0,255.0,254.0,212.0,2.1081722,0.286411,0.33332825,0,112082,train
185.0,155.0,117.0,152.33333,180.40758,24.621113,122.33334,0,112082,train
158.0,132.0,105.0,131.66667,109.73199,15.900263,12.333351,0,112082,train
69.0,69.0,61.0,66.333336,21.730661,3.2751431,1.6666794,0,112082,train
120.0,117.0,102.0,113.0,52.036304,5.3536096,15.0,0,112082,train
126.0,254.0,253.0,211.0,0.0,0.4677072,2.0,0,112082,train
219.0,187.0,149.0,185.0,80.23577,10.895366,40.000015,0,112082,train
146.0,139.0,123.0,136.0,25.612497,4.4330964,3.0,0,112082,train
202.0,195.0,176.0,191.0,67.675674,7.210561,17.666656,0,112082,train
86.0,83.0,68.0,79.0,23.404646,10.530393,2.6666641,0,112082,train
186.0,162.0,126.0,158.0,39.11519,5.9977207,34.0,0,112082,train
124.0,112.0,96.0,110.666664,40.672123,5.6483026,28.33332,0,112082,train
221.0,196.0,165.0,194.0,227.48576,29.316963,98.666664,0,112082,train
183.0,150.0,117.0,150.0,60.97903,6.718532,12.666672,0,112082,train
107.0,107.0,71.0,95.0,183.79822,27.43556,50.666664,0,112082,train
172.0,146.0,111.0,143.0,48.56383,11.938236,6.3333282,0,112082,train
79.0,82.0,63.0,74.666664,81.79378,11.307665,57.66668,0,112082,train
62.0,60.0,48.0,56.666668,3.2998297,0.7027777,2.6666641,0,112082,train
113.0,244.0,254.0,203.66667,2.867444,0.42847842,1.0,0,112082,train
142.0,111.0,90.0,114.333336,188.01004,20.105751,15.666649,0,112082,train
138.0,163.0,159.0,153.33333,437.0561,46.823494,5.666687,0,112082,train
159.0,251.0,255.0,221.66667,55.176487,14.335544,45.666687,0,112082,train
130.0,111.0,96.0,112.333336,203.8327,21.953075,16.666656,0,112082,train
66.0,60.0,46.0,57.333332,28.38231,3.879156,15.666668,0,112082,train
95.0,78.0,58.0,77.0,462.91953,50.79223,81.0,0,112082,train
73.0,80.0,64.0,72.333336,88.56887,10.434716,37.00001,0,112082,train
124.0,129.0,97.0,116.666664,57.008778,14.666641,122.666664,0,112082,train
226.0,192.0,154.0,190.66667,118.79487,14.970544,7.6666718,0,112082,train
88.0,96.0,72.0,85.333336,57.094475,9.9952135,14.666672,0,112082,train
62.0,56.0,44.0,54.0,19.436508,2.1068273,1.9999962,0,112082,train
134.0,254.0,253.0,213.66667,2.7487729,0.5625,1.6666565,0,112082,train
90.0,101.0,67.0,86.0,44.793358,17.40653,49.666664,0,112082,train
117.0,252.0,255.0,208.0,7.071055,0.82205915,1.6666718,0,112082,train
67.0,60.0,42.0,56.333332,3.0184612,0.4157542,2.666668,0,112082,train
65.0,66.0,61.0,64.0,66.57493,11.319619,20.333328,0,112082,train
161.0,159.0,144.0,154.66667,83.82256,9.924127,2.666687,0,112082,train
56.0,53.0,44.0,51.0,6.6666627,1.0305395,5.333332,0,112082,train
130.0,204.0,217.0,183.66667,175.1983,18.785904,7.3333282,0,112082,train
118.0,111.0,95.0,108.0,253.00371,29.491623,25.666672,0,112082,train
83.0,90.0,57.0,76.666664,53.75872,16.753847,98.66669,0,112082,train
130.0,149.0,129.0,136.0,117.781334,17.748432,112.0,0,112082,train
226.0,193.0,152.0,190.33333,141.77998,15.391886,1.5258789e-05,0,112082,train
92.0,121.0,101.0,104.666664,187.79718,27.683002,2.3333435,0,112082,train
87.0,71.0,38.0,65.333336,263.7516,29.483658,81.33333,1,113009,train
82.0,85.0,68.0,78.333336,167.41498,18.158266,89.33334,1,113009,train
75.0,67.0,31.0,57.666668,159.10655,23.93806,70.0,1,113009,train
74.0,67.0,48.0,63.0,98.49648,10.414974,9.999996,1,113009,train
156.0,129.0,99.0,128.0,463.77606,46.816193,3.6666718,1,113009,train
255.0,215.0,183.0,217.66667,86.821655,14.549753,41.00003,1,113009,train
255.0,220.0,184.0,219.66667,26.098124,3.0471554,6.9999847,1,113009,train
99.0,94.0,56.0,83.0,82.036575,9.983972,32.666664,1,113009,train
42.0,59.0,53.0,51.333332,134.8217,14.93562,12.000004,1,113009,train
83.0,94.0,62.0,79.666664,78.47435,10.6386175,1.6666641,1,113009,train
54.0,73.0,43.0,56.666668,9.4751215,7.3531523,29.333328,1,113009,train
147.0,125.0,112.0,128.0,386.8896,39.556637,4.0,1,113009,train
63.0,65.0,51.0,59.666668,13.498969,1.7124174,2.0000038,1,113009,train
240.0,197.0,178.0,205.0,109.83827,12.054401,19.0,1,113009,train
71.0,85.0,60.0,72.0,116.55519,16.184883,39.0,1,113009,train
38.0,39.0,33.0,36.666668,16.660004,1.987602,8.666664,1,113009,train
52.0,44.0,31.0,42.333332,32.348797,6.3163085,9.666672,1,113009,train
180.0,150.0,112.0,147.33333,559.62286,57.673447,49.33332,1,113009,train
250.0,211.0,178.0,213.0,68.69094,7.3718214,9.666672,1,113009,train
168.0,130.0,107.0,135.0,89.22007,9.189307,0.9999924,1,113009,train
77.0,78.0,47.0,67.333336,37.41955,10.7103195,6.9999886,1,113009,train
104.0,91.0,57.0,84.0,147.40721,14.885681,18.666664,1,113009,train
52.0,48.0,36.0,45.333332,176.16217,24.148214,57.000008,1,113009,train
65.0,56.0,39.0,53.333332,530.2285,62.90592,172.66667,1,113009,train
187.0,172.0,143.0,167.33333,781.016,79.4418,42.66665,1,113009,train
240.0,200.0,175.0,205.0,552.78204,59.456623,122.99999,1,113009,train
73.0,81.0,44.0,66.0,50.314564,5.714266,28.0,1,113009,train
231.0,179.0,158.0,189.33333,183.28906,19.730211,12.000015,1,113009,train
73.0,70.0,39.0,60.666668,138.11429,15.233245,26.333332,1,113009,train
76.0,80.0,55.0,70.333336,18.773493,1.8842221,1.6666718,1,113009,train
85.0,82.0,63.0,76.666664,62.15393,7.2520537,24.66666,1,113009,train
83.0,83.0,55.0,73.666664,19.350574,2.7215323,2.6666565,1,113009,train
75.0,54.0,37.0,55.333332,472.89413,58.1448,144.33334,1,113009,train
131.0,114.0,86.0,110.333336,317.47687,32.894436,11.666649,1,113009,train
145.0,124.0,107.0,125.333336,711.30804,73.05369,18.333317,1,113009,train
255.0,218.0,189.0,220.66667,443.0914,54.06962,134.00002,1,113009,train
151.0,132.0,100.0,127.666664,125.7025,13.007885,13.6666565,1,113009,train
62.0,48.0,35.0,48.333332,206.63492,37.324223,66.333336,1,113009,train
70.0,71.0,63.0,68.0,75.43209,8.566035,13.666664,1,113009,train
255.0,236.0,211.0,234.0,463.633,58.705967,169.66666,1,113009,train
55.0,72.0,64.0,63.666668,154.1673,16.263103,11.333332,1,113009,train
64.0,56.0,45.0,55.0,104.66561,12.874279,31.333336,1,113009,train
117.0,100.0,70.0,95.666664,137.7155,17.346846,61.33332,1,113009,train
227.0,201.0,178.0,202.0,648.9152,70.78964,175.66667,1,113009,train
81.0,81.0,53.0,71.666664,124.73082,13.743749,0.33334732,1,113009,train
95.0,85.0,60.0,80.0,139.0899,14.227796,33.000004,1,113009,train
244.0,190.0,166.0,200.0,128.04597,17.022963,5.6666565,1,113009,train
85.0,103.0,77.0,88.333336,144.29907,20.840961,89.33335,1,113009,train
69.0,59.0,49.0,59.0,29.154764,4.4935665,8.666668,1,113009,train
88.0,72.0,47.0,69.0,64.01389,6.604202,25.333332,1,113009,train
29.0,37.0,24.0,30.0,15.902479,5.0253143,19.66667,1,113009,train
59.0,59.0,31.0,49.666668,88.790634,13.050701,61.33332,1,113009,train
30.0,32.0,21.0,27.666666,69.033005,11.395254,33.333336,1,113009,train
255.0,234.0,210.0,233.0,523.82404,61.792686,168.33333,1,113009,train
186.0,151.0,132.0,156.33333,274.56714,30.860226,61.66664,1,113009,train
40.0,49.0,32.0,40.333332,40.110962,6.1121516,19.333336,1,113009,train
89.0,105.0,66.0,86.666664,45.891174,5.9834976,12.6666565,1,113009,train
85.0,103.0,63.0,83.666664,38.600517,4.3997626,0.6666565,1,113009,train
94.0,85.0,70.0,83.0,117.144745,13.127194,50.33333,1,113009,train
72.0,66.0,54.0,64.0,180.39955,20.243572,34.0,1,113009,train
132.0,93.0,62.0,95.666664,476.60492,52.960728,117.000015,1,113009,train
220.0,196.0,172.0,196.0,721.30865,75.30134,155.0,1,113009,train
100.0,84.0,69.0,84.333336,232.20157,23.99766,58.33333,1,113009,train
28.0,37.0,20.0,28.333334,1.9999962,8.470724,51.0,1,113009,train
83.0,73.0,48.0,68.0,75.68942,9.876706,32.0,1,113009,train
77.0,54.0,40.0,57.0,49.127953,12.333936,9.333328,1,113009,train
100.0,77.0,59.0,78.666664,643.34717,70.06354,109.66667,1,113009,train
64.0,54.0,45.0,54.333332,29.612303,9.479161,24.666672,1,113009,train
81.0,84.0,63.0,76.0,43.62467,6.2440596,12.333328,1,113009,train
100.0,69.0,38.0,69.0,84.54847,35.190636,173.66667,1,113009,train
72.0,75.0,58.0,68.333336,99.368004,11.748161,32.333344,1,113009,train
89.0,62.0,32.0,61.0,215.01678,42.193554,166.66667,1,113009,train
97.0,64.0,47.0,69.333336,495.19736,57.156925,170.66666,1,113009,train
139.0,117.0,103.0,119.666664,404.63675,41.40361,2.0000153,1,113009,train
81.0,80.0,52.0,71.0,110.86027,12.392527,5.0,1,113009,train
193.0,152.0,132.0,159.0,452.76263,50.0578,36.333336,1,113009,train
38.0,42.0,27.0,35.666668,43.949463,7.7509136,36.0,1,113009,train
132.0,116.0,90.0,112.666664,553.724,58.238766,50.66668,1,113009,train
78.0,91.0,61.0,76.666664,116.98813,13.051674,4.333336,1,113009,train
80.0,83.0,56.0,73.0,33.482998,5.5019083,19.000008,1,113009,train
84.0,65.0,51.0,66.666664,395.83725,43.235218,42.33335,1,113009,train
66.0,62.0,33.0,53.666668,91.56903,14.166663,73.33333,1,113009,train
204.0,163.0,141.0,169.33333,354.0072,36.57174,10.9999695,1,113009,train
233.0,207.0,184.0,208.0,673.00146,75.09836,134.33333,1,113009,train
150.0,131.0,114.0,131.66667,334.34116,40.42511,13.333351,1,113009,train
133.0,109.0,97.0,113.0,411.79636,41.965584,9.000008,1,113009,train
65.0,63.0,42.0,56.666668,57.975094,7.822821,12.999996,1,113009,train
107.0,106.0,76.0,96.333336,177.70135,19.132046,7.3333282,1,113009,train
196.0,179.0,151.0,175.33333,768.68085,79.08778,113.99997,1,113009,train
62.0,60.0,48.0,56.666668,3.7712433,0.6085732,3.0000038,1,113009,train
169.0,132.0,103.0,134.66667,591.30365,60.647934,74.66663,1,113009,train
63.0,60.0,29.0,50.666668,31.446617,13.79745,58.999996,1,113009,train
240.0,193.0,167.0,200.0,117.58025,13.942684,13.666672,1,113009,train
233.0,187.0,164.0,194.66667,253.56876,26.14585,8.000015,1,113009,train
120.0,98.0,75.0,97.666664,666.0414,71.23735,80.00001,1,113009,train
243.0,213.0,189.0,215.0,421.35367,47.36927,93.66667,1,113009,train
54.0,51.0,32.0,45.666668,79.71337,10.711846,33.66666,1,113009,train
222.0,172.0,147.0,180.33333,390.74857,42.5051,37.33332,1,113009,train
69.0,71.0,58.0,66.0,115.66716,13.8688755,30.333328,1,113009,train
237.0,196.0,168.0,200.33333,275.1941,28.820498,30.999985,1,113009,train
73.0,80.0,49.0,67.333336,73.40148,9.980792,37.33332,1,113009,train
80.0,84.0,59.0,74.333336,19.533445,2.113942,3.3333435,1,113009,train
84.0,78.0,62.0,74.666664,264.27258,31.182451,7.3333244,1,113009,train
70.0,80.0,56.0,68.666664,134.04643,15.496274,7.3333244,1,113009,train
54.0,66.0,46.0,55.333332,123.98298,12.364263,9.000008,1,113009,train
69.0,71.0,60.0,66.666664,14.015849,1.7554324,2.3333282,1,113009,train
62.0,64.0,51.0,59.0,6.000004,1.7878851,10.333332,1,113009,train
66.0,76.0,49.0,63.666668,217.46059,21.38465,22.000008,1,113009,train
81.0,85.0,50.0,72.0,56.64118,9.083945,32.666664,1,113009,train
115.0,105.0,103.0,107.666664,244.30807,24.950321,0.9999924,1,113009,train
77.0,72.0,43.0,64.0,146.11792,17.884245,44.999996,1,113009,train
83.0,90.0,56.0,76.333336,19.350555,4.8381014,9.3333435,1,113009,train
90.0,91.0,59.0,80.0,89.38928,10.393972,29.333336,1,113009,train
81.0,71.0,46.0,66.0,45.208145,5.006441,3.333332,1,113009,train
115.0,106.0,101.0,107.333336,235.89075,24.158432,10.666679,1,113009,train
107.0,107.0,71.0,95.0,76.85194,7.9831367,6.333336,1,113009,train
217.0,201.0,178.0,198.66667,772.4767,77.61769,195.00003,1,113009,train
189.0,162.0,141.0,164.0,567.7991,59.471764,48.33333,1,113009,train
71.0,56.0,37.0,54.666668,174.89679,18.602402,34.999992,1,113009,train
77.0,54.0,36.0,55.666668,376.02158,44.057137,95.99999,1,113009,train
113.0,107.0,91.0,103.666664,17.035906,2.9481192,9.999985,0,113009,train
70.0,87.0,51.0,69.333336,37.668144,4.0033555,2.9999924,0,113009,train
43.0,56.0,49.0,49.333332,29.427883,3.22201,3.6666641,0,113009,train
77.0,83.0,73.0,77.666664,24.046263,2.7069607,3.6666718,0,113009,train
255.0,216.0,181.0,217.33333,26.305893,3.2301073,9.333313,0,113009,train
87.0,92.0,86.0,88.333336,135.53186,13.940881,1.9999924,0,113009,train
103.0,97.0,81.0,93.666664,23.113247,3.0875885,3.6666565,0,113009,train
29.0,49.0,40.0,39.333332,16.336733,1.653816,0.6666641,0,113009,train
91.0,114.0,72.0,92.333336,47.5371,7.1440263,37.333344,0,113009,train
114.0,65.0,48.0,75.666664,8.485281,1.2470669,1.0,0,113009,train
112.0,69.0,53.0,78.0,12.578641,1.3027915,0.33332825,0,113009,train
24.0,44.0,43.0,37.0,14.149992,1.4315434,1.3333321,0,113009,train
24.0,42.0,42.0,36.0,8.393117,1.1805925,3.666668,0,113009,train
71.0,86.0,57.0,71.333336,28.007925,5.6330237,26.000008,0,113009,train
133.0,123.0,121.0,125.666664,25.333336,2.5483603,5.666664,0,113009,train
48.0,74.0,45.0,55.666668,8.856877,1.1306282,3.9999962,0,113009,train
59.0,79.0,42.0,60.0,21.954498,3.6446798,21.0,0,113009,train
41.0,57.0,46.0,48.0,11.671425,1.7029816,2.6666718,0,113009,train
55.0,75.0,48.0,59.333332,20.401524,2.5407326,8.666664,0,113009,train
68.0,79.0,47.0,64.666664,90.6299,13.9786215,40.00001,0,113009,train
66.0,90.0,54.0,70.0,68.78145,10.500372,12.666668,0,113009,train
39.0,46.0,38.0,41.0,8.027726,2.5984051,7.666668,0,113009,train
29.0,56.0,49.0,44.666668,15.441648,1.6178101,2.666668,0,113009,train
69.0,77.0,53.0,66.333336,11.125545,1.2447153,1.5258789e-05,0,113009,train
110.0,116.0,116.0,114.0,55.411587,6.518903,6.3333282,0,113009,train
73.0,75.0,62.0,70.0,20.09975,2.3093307,5.0,0,113009,train
64.0,79.0,48.0,63.666668,20.7418,3.3608644,2.9999962,0,113009,train
52.0,52.0,44.0,49.333332,67.452034,6.823672,3.3333244,0,113009,train
188.0,129.0,95.0,137.33333,45.80395,8.102613,34.000015,0,113009,train
56.0,72.0,45.0,57.666668,41.997356,4.4638305,12.000004,0,113009,train
139.0,119.0,95.0,117.666664,376.9586,39.723053,7.3333206,0,113009,train
59.0,69.0,42.0,56.666668,38.438988,5.331011,3.6666565,0,113009,train
57.0,72.0,43.0,57.333332,57.197517,6.01323,5.3333397,0,113009,train
52.0,66.0,41.0,53.0,18.979523,2.3366036,1.6666679,0,113009,train
80.0,95.0,62.0,79.0,43.863426,8.130167,60.0,0,113009,train
72.0,85.0,55.0,70.666664,25.931532,5.9919786,18.333324,0,113009,train
247.0,191.0,168.0,202.0,57.629093,6.0298734,5.6666718,0,113009,train
66.0,72.0,60.0,66.0,28.585152,2.9763882,4.333336,0,113009,train
66.0,83.0,49.0,66.0,8.498363,1.2247449,3.6666641,0,113009,train
55.0,79.0,45.0,59.666668,20.709625,2.9978833,12.333324,0,113009,train
246.0,172.0,147.0,188.33333,54.291393,5.545268,3.0517578e-05,0,113009,train
84.0,55.0,41.0,60.0,36.796745,5.213976,16.666672,0,113009,train
104.0,57.0,41.0,67.333336,39.743618,4.025917,2.9999924,0,113009,train
54.0,73.0,45.0,57.333332,47.43416,8.373659,52.666676,0,113009,train
63.0,72.0,55.0,63.333332,49.03515,6.126435,2.6666565,0,113009,train
82.0,45.0,27.0,51.333332,36.249126,11.237167,75.333336,0,113009,train
80.0,66.0,55.0,67.0,58.76696,6.922845,17.666668,0,113009,train
66.0,85.0,83.0,78.0,28.802004,3.812884,18.333328,0,113009,train
78.0,95.0,63.0,78.666664,19.871807,8.540603,47.999992,0,113009,train
47.0,73.0,44.0,54.666668,1.943655,0.9443758,5.3333282,0,113009,train
45.0,49.0,32.0,42.0,85.77619,8.717798,15.333336,0,113009,train
50.0,73.0,44.0,55.666668,6.749482,1.2614708,1.3333282,0,113009,train
83.0,76.0,60.0,73.0,36.817867,7.725231,4.999996,0,113009,train
64.0,74.0,66.0,68.0,20.30872,2.76664,3.6666641,0,113009,train
229.0,184.0,161.0,191.33333,250.96614,26.009012,18.333328,0,113009,train
76.0,74.0,59.0,69.666664,47.800503,4.9915943,4.6666794,0,113009,train
101.0,64.0,46.0,70.333336,27.194769,3.2700703,3.3333282,0,113009,train
92.0,109.0,101.0,100.666664,23.870024,3.691867,3.9999924,0,113009,train
35.0,52.0,46.0,44.333332,20.248457,2.1685002,0.9999924,0,113009,train
55.0,68.0,51.0,58.0,44.36465,4.3907084,1.3333321,0,113009,train
60.0,73.0,45.0,59.333332,39.600792,4.150813,1.6666718,0,113009,train
43.0,55.0,41.0,46.333332,20.933752,2.2117517,3.8146973e-06,0,113009,train
48.0,57.0,52.0,52.333332,27.202942,2.7933376,2.0,0,113009,train
68.0,77.0,48.0,64.333336,28.480022,7.9597683,51.666656,0,113009,train
37.0,49.0,29.0,38.333332,3.3333373,2.7216668,18.333344,0,113009,train
88.0,90.0,68.0,82.0,39.642853,4.0,2.9999924,0,113009,train
33.0,50.0,44.0,42.333332,22.36068,2.7206576,1.3333435,0,113009,train
251.0,211.0,186.0,216.0,193.79314,20.098682,14.333328,0,113009,train
240.0,210.0,182.0,210.66667,249.46164,25.912111,22.333359,0,113009,train
41.0,56.0,49.0,48.666668,2.5385864,1.251659,1.9999924,0,113009,train
65.0,76.0,60.0,67.0,65.60827,11.188613,61.333332,0,113009,train
50.0,42.0,40.0,44.0,29.940678,3.1653256,6.666668,0,113009,train
49.0,61.0,41.0,50.333332,7.6739073,1.7388035,8.666672,0,113009,train
67.0,74.0,56.0,65.666664,44.04543,4.6401253,2.0000038,0,113009,train
77.0,93.0,57.0,75.666664,58.3971,7.0939565,6.333336,0,113009,train
120.0,124.0,89.0,111.0,154.74854,24.718542,76.33333,0,113009,train
84.0,82.0,67.0,77.666664,18.110779,2.7356694,7.6666565,0,113009,train
96.0,117.0,76.0,96.333336,44.434723,10.7536335,58.000015,0,113009,train
75.0,89.0,53.0,72.333336,13.743682,1.4915124,2.3333282,0,113009,train
87.0,103.0,56.0,82.0,205.42099,21.898436,4.999996,0,113009,train
64.0,80.0,54.0,66.0,43.62466,5.691684,18.333332,0,113009,train
255.0,203.0,170.0,209.33333,6.146329,1.2086924,3.9999847,0,113009,train
34.0,34.0,34.0,34.0,9.999997,2.4399776,6.666668,0,113009,train
57.0,74.0,42.0,57.666668,47.928173,6.55863,18.333328,0,113009,train
57.0,73.0,47.0,59.0,14.802405,2.5675921,13.333332,0,113009,train
51.0,78.0,45.0,58.0,24.675676,4.1507835,1.3333359,0,113009,train
35.0,54.0,50.0,46.333332,17.999992,1.9443554,4.3333282,0,113009,train
25.0,45.0,36.0,35.333332,6.6999145,0.81310076,0.9999962,0,113009,train
68.0,70.0,57.0,65.0,26.081064,2.756739,2.666668,0,113009,train
61.0,66.0,46.0,57.666668,12.000004,1.7150528,2.3333282,0,113009,train
67.0,82.0,51.0,66.666664,33.46971,5.017158,5.9999924,0,113009,train
87.0,85.0,64.0,78.666664,17.91958,2.0852206,5.3333282,0,113009,train
47.0,57.0,46.0,50.0,11.79454,1.3887804,4.333336,0,113009,train
200.0,157.0,138.0,165.0,351.28363,35.894867,0.33333588,0,113009,train
63.0,87.0,55.0,68.333336,24.698174,6.3150134,14.000011,0,113009,train
139.0,87.0,65.0,97.0,45.619194,6.2389355,29.333328,0,113009,train
92.0,83.0,68.0,81.0,6.146362,1.0423175,0.0,0,113009,train
88.0,58.0,47.0,64.333336,13.19933,1.8122306,8.6666565,0,113009,train
52.0,57.0,50.0,53.0,29.966654,3.0969443,3.0,0,113009,train
58.0,62.0,48.0,56.0,10.687477,1.5635153,7.0,0,113009,train
86.0,84.0,63.0,77.666664,198.15259,21.877344,38.000015,0,113009,train
55.0,43.0,29.0,42.333332,68.71843,10.240063,54.333336,0,113009,train
59.0,61.0,47.0,55.666668,25.647177,2.5277753,2.0,0,113009,train
64.0,78.0,52.0,64.666664,22.939535,3.2168531,7.9999886,0,113009,train
252.0,194.0,170.0,205.33333,126.84197,13.2091055,9.999985,0,113009,train
78.0,100.0,64.0,80.666664,41.231045,6.4106693,29.333328,0,113009,train
66.0,81.0,50.0,65.666664,62.95148,8.142934,0.9999962,0,113009,train
255.0,236.0,214.0,235.0,121.0996,31.865623,66.66667,0,113009,train
54.0,75.0,36.0,55.0,111.000496,15.815912,25.333332,0,113009,train
86.0,83.0,66.0,78.333336,59.113846,6.1663938,6.3333282,0,113009,train
75.0,92.0,58.0,75.0,36.48135,4.960144,12.333336,0,113009,train
254.0,216.0,180.0,216.66667,5.0110993,1.1370878,3.0000153,0,113009,train
49.0,64.0,41.0,51.333332,31.531292,5.654912,20.666672,0,113009,train
90.0,85.0,63.0,79.333336,207.569,22.830002,41.666656,0,113009,train
45.0,44.0,40.0,43.0,20.789957,2.2776887,9.333332,0,113009,train
131.0,115.0,89.0,111.666664,341.84372,35.035793,18.333344,0,113009,train
153.0,125.0,101.0,126.333336,120.20907,12.663771,11.0,0,113009,train
248.0,194.0,170.0,204.0,45.276924,6.040553,2.6666565,0,113009,train
46.0,54.0,39.0,46.333332,28.362732,3.2053726,4.0000076,0,113009,train
80.0,88.0,47.0,71.666664,36.08016,5.546149,25.666672,0,113009,train
167.0,185.0,101.0,151.0,67.105225,7.918407,29.333344,1,113016,train
60.0,57.0,50.0,55.666668,36.590824,6.421647,10.999992,1,113016,train
158.0,156.0,131.0,148.33333,242.92157,27.441149,97.99998,1,113016,train
61.0,63.0,52.0,58.666668,6.036927,2.938788,3.0000038,1,113016,train
188.0,175.0,83.0,148.66667,466.68597,47.757362,26.000023,1,113016,train
146.0,136.0,83.0,121.666664,228.3005,23.638245,9.666679,1,113016,train
153.0,142.0,76.0,123.666664,324.94037,35.56541,67.33334,1,113016,train
192.0,165.0,120.0,159.0,180.31577,19.895283,7.3333282,1,113016,train
218.0,231.0,125.0,191.33333,86.67818,13.59084,31.666641,1,113016,train
114.0,106.0,21.0,80.333336,286.06952,44.015934,127.33333,1,113016,train
141.0,166.0,127.0,144.66667,345.72595,39.909603,141.33336,1,113016,train
146.0,143.0,98.0,129.0,47.983807,6.827678,14.6666565,1,113016,train
65.0,54.0,0.0,39.666668,178.81711,32.032692,114.66666,1,113016,train
60.0,57.0,6.0,41.0,302.88867,41.32281,136.33334,1,113016,train
239.0,239.0,89.0,189.0,122.80065,12.789002,23.0,1,113016,train
151.0,142.0,101.0,131.33333,421.19327,43.083652,22.666687,1,113016,train
200.0,166.0,120.0,162.0,111.67911,14.962845,58.33333,1,113016,train
75.0,69.0,43.0,62.333332,16.719912,6.3953032,37.66667,1,113016,train
181.0,199.0,141.0,173.66667,289.88464,41.42666,133.66669,1,113016,train
58.0,57.0,1.0,38.666668,403.86853,54.365467,167.0,1,113016,train
120.0,133.0,80.0,111.0,405.0166,45.722744,50.000004,1,113016,train
219.0,217.0,168.0,201.33333,537.15326,59.6448,69.66664,1,113016,train
232.0,234.0,124.0,196.66667,638.0813,73.13481,146.66667,1,113016,train
135.0,146.0,26.0,102.333336,380.61935,45.81563,217.66666,1,113016,train
133.0,139.0,105.0,125.666664,186.63452,21.58995,35.666664,1,113016,train
154.0,183.0,125.0,154.0,90.315506,19.488478,50.0,1,113016,train
177.0,196.0,107.0,160.0,165.13025,17.789623,5.0000153,1,113016,train
69.0,69.0,33.0,57.0,9.910697,9.747596,33.999996,1,113016,train
183.0,176.0,132.0,163.66667,141.73294,15.767909,17.666687,1,113016,train
193.0,210.0,130.0,177.66667,468.73068,54.819126,165.33336,1,113016,train
64.0,71.0,30.0,55.0,321.74698,37.028217,91.33333,1,113016,train
66.0,86.0,37.0,63.0,478.70685,52.670048,91.33333,1,113016,train
253.0,255.0,149.0,219.0,55.15435,26.90311,127.0,1,113016,train
131.0,115.0,79.0,108.333336,142.4024,20.925976,30.333313,1,113016,train
86.0,76.0,51.0,71.0,125.40157,12.327264,4.666664,1,113016,train
221.0,220.0,68.0,169.66667,60.216263,22.072899,44.33335,1,113016,train
134.0,151.0,97.0,127.333336,566.767,57.859726,30.666683,1,113016,train
255.0,253.0,107.0,205.0,229.35902,34.048306,83.0,1,113016,train
195.0,205.0,119.0,173.0,537.40216,57.0124,106.33334,1,113016,train
144.0,148.0,89.0,127.0,236.79057,23.987179,25.666672,1,113016,train
193.0,189.0,126.0,169.33333,147.15677,17.884394,23.333313,1,113016,train
243.0,239.0,142.0,208.0,579.01544,66.208496,159.99998,1,113016,train
146.0,179.0,134.0,153.0,300.12482,39.199535,108.666664,1,113016,train
247.0,232.0,137.0,205.33333,574.2731,63.568108,220.99997,1,113016,train
70.0,82.0,46.0,66.0,423.6154,46.86995,85.33334,1,113016,train
116.0,126.0,76.0,106.0,258.7856,28.054808,14.0,1,113016,train
130.0,145.0,102.0,125.666664,388.0693,41.151337,38.666653,1,113016,train
51.0,65.0,42.0,52.666668,16.719915,6.353998,8.33334,1,113016,train
121.0,148.0,95.0,121.333336,144.00616,19.550516,40.66667,1,113016,train
175.0,178.0,97.0,150.0,534.5357,59.680016,102.99999,1,113016,train
141.0,158.0,106.0,135.0,269.96622,31.563026,62.66667,1,113016,train
238.0,211.0,130.0,193.0,42.218994,12.651504,87.33334,1,113016,train
119.0,147.0,99.0,121.666664,56.96003,5.9317408,17.666672,1,113016,train
237.0,244.0,106.0,195.66667,83.354645,10.6585865,18.999985,1,113016,train
195.0,205.0,144.0,181.33333,243.58253,31.649725,106.99997,1,113016,train
95.0,102.0,69.0,88.666664,146.04489,15.632967,21.66668,1,113016,train
70.0,71.0,53.0,64.666664,59.16831,5.817748,11.666676,1,113016,train
208.0,212.0,138.0,186.0,248.35905,34.664803,188.33334,1,113016,train
138.0,166.0,118.0,140.66667,374.8093,38.813923,93.666695,1,113016,train
83.0,96.0,40.0,73.0,557.3247,56.8307,115.66667,1,113016,train
180.0,150.0,78.0,136.0,153.28694,24.144423,72.00001,1,113016,train
135.0,119.0,57.0,103.666664,176.1193,31.655956,122.33334,1,113016,train
57.0,64.0,23.0,48.0,113.38234,17.442064,65.33333,1,113016,train
53.0,64.0,34.0,50.333332,72.56874,15.635512,44.000004,1,113016,train
101.0,106.0,76.0,94.333336,435.53387,44.03393,9.999996,1,113016,train
190.0,153.0,108.0,150.33333,114.65214,11.795375,8.666687,1,113016,train
234.0,225.0,120.0,193.0,375.39252,41.912926,74.666664,1,113016,train
48.0,49.0,15.0,37.333332,276.78552,39.48478,125.0,1,113016,train
152.0,157.0,101.0,136.66667,257.24396,26.44773,9.000015,1,113016,train
164.0,183.0,128.0,158.33333,492.4481,50.182404,104.33332,1,113016,train
66.0,72.0,34.0,57.333332,57.472702,7.628713,16.999992,1,113016,train
127.0,113.0,76.0,105.333336,232.20345,22.750364,17.333344,1,113016,train
131.0,173.0,109.0,137.66667,19.556213,10.230832,8.666641,1,113016,train
98.0,80.0,66.0,81.333336,793.00415,82.76643,184.66666,1,113016,train
240.0,239.0,97.0,192.0,197.58655,21.18455,12.0,1,113016,train
109.0,127.0,85.0,107.0,396.2474,41.391838,44.333324,1,113016,train
134.0,164.0,112.0,136.66667,38.66669,4.59173,11.666679,1,113016,train
98.0,116.0,64.0,92.666664,485.81592,50.155422,83.66667,1,113016,train
249.0,249.0,153.0,217.0,633.89185,73.475945,213.33333,1,113016,train
179.0,197.0,111.0,162.33333,104.69002,10.485761,4.666641,1,113016,train
151.0,165.0,104.0,140.0,233.81378,29.122553,52.666664,1,113016,train
133.0,141.0,82.0,118.666664,276.6534,29.04492,34.999985,1,113016,train
167.0,160.0,108.0,145.0,19.646883,7.414618,20.666672,1,113016,train
129.0,158.0,110.0,132.33333,193.05383,24.945585,74.66665,1,113016,train
234.0,243.0,136.0,204.33333,422.84174,48.40513,134.66664,1,113016,train
161.0,184.0,102.0,149.0,60.092503,8.087413,9.0,1,113016,train
219.0,227.0,126.0,190.66667,525.4977,62.04977,161.33334,1,113016,train
143.0,135.0,52.0,110.0,327.24744,45.048714,83.0,1,113016,train
150.0,137.0,105.0,130.66667,37.632744,4.3943768,17.333328,1,113016,train
181.0,149.0,110.0,146.66667,96.77697,10.781838,15.666687,1,113016,train
166.0,178.0,102.0,148.66667,24.083168,5.0074162,29.666641,1,113016,train
69.0,70.0,39.0,59.333332,102.52913,11.092198,10.0,1,113016,train
142.0,128.0,101.0,123.666664,15.114376,6.133763,32.666664,1,113016,train
57.0,78.0,39.0,58.0,404.09955,49.743565,144.33334,1,113016,train
72.0,72.0,60.0,68.0,54.219707,7.2044635,4.0,1,113016,train
217.0,219.0,118.0,184.66667,199.44925,29.472313,95.66667,1,113016,train
120.0,147.0,94.0,120.333336,26.373405,5.9616284,26.33332,1,113016,train
214.0,219.0,101.0,178.0,64.94441,18.692986,31.666672,1,113016,train
54.0,60.0,46.0,53.333332,39.171986,4.6315675,9.66666,1,113016,train
168.0,167.0,103.0,146.0,172.66086,19.56245,25.66668,1,113016,train
193.0,197.0,110.0,166.66667,326.77548,33.821598,53.66668,1,113016,train
120.0,124.0,73.0,105.666664,360.47192,38.283585,64.33335,1,113016,train
143.0,148.0,94.0,128.33333,98.681335,14.654684,25.333313,1,113016,train
161.0,177.0,114.0,150.66667,70.73268,7.9489336,4.0000305,1,113016,train
134.0,154.0,105.0,131.0,61.219086,7.606792,23.0,1,113016,train
42.0,54.0,34.0,43.333332,77.42668,16.864841,101.66667,1,113016,train
113.0,130.0,94.0,112.333336,486.7628,48.70508,7.3333244,1,113016,train
49.0,68.0,22.0,46.333332,325.8582,46.630157,134.0,1,113016,train
144.0,155.0,112.0,137.0,53.320827,8.830323,13.3333435,1,113016,train
74.0,68.0,46.0,62.666668,93.11045,11.979179,11.666676,1,113016,train
67.0,64.0,21.0,50.666668,53.254112,22.730364,71.33333,1,113016,train
231.0,190.0,100.0,173.66667,78.0313,13.3361,33.66664,1,113016,train
196.0,217.0,138.0,183.66667,81.0336,11.687333,38.666687,1,113016,train
134.0,139.0,81.0,118.0,46.019333,18.260885,15.999992,1,113016,train
57.0,62.0,42.0,53.666668,37.243942,4.681924,7.0000076,1,113016,train
255.0,202.0,182.0,213.0,60.09067,29.189106,125.000015,1,113016,train
156.0,166.0,70.0,130.66667,181.19664,28.813042,35.33332,1,113016,train
42.0,51.0,30.0,41.0,157.99086,22.351894,68.66667,1,113016,train
222.0,228.0,122.0,190.66667,621.7761,71.58987,156.00002,1,113016,train
70.0,68.0,43.0,60.333332,87.520164,14.744752,40.666668,1,113016,train
137.0,197.0,127.0,153.66667,11.785117,4.4414597,7.666641,0,113016,train
108.0,152.0,93.0,117.666664,28.126705,3.096905,6.0000076,0,113016,train
154.0,174.0,103.0,143.66667,112.32196,14.469256,30.333298,0,113016,train
60.0,58.0,45.0,54.333332,12.373803,2.1430187,8.666668,0,113016,train
255.0,254.0,113.0,207.33333,24.962189,5.8869557,11.666641,0,113016,train
144.0,170.0,109.0,141.0,5.8309464,1.7388035,10.000015,0,113016,train
234.0,164.0,164.0,187.33333,123.53495,14.963236,48.999985,0,113016,train
97.0,82.0,63.0,80.666664,88.39935,8.767393,4.9999924,0,113016,train
57.0,60.0,51.0,56.0,8.353305,1.0999823,1.6666679,0,113016,train
164.0,118.0,102.0,128.0,28.288193,3.348128,5.333336,0,113016,train
167.0,183.0,110.0,153.33333,19.692064,2.334356,0.33335876,0,113016,train
81.0,125.0,72.0,92.666664,24.734125,2.939494,7.0000076,0,113016,train
134.0,100.0,75.0,103.0,60.929825,6.7527485,11.666664,0,113016,train
141.0,169.0,120.0,143.33333,44.20407,4.629643,3.0,0,113016,train
255.0,246.0,248.0,249.66667,91.681816,12.607041,7.333359,0,113016,train
215.0,232.0,152.0,199.66667,55.31727,11.454649,92.00003,0,113016,train
113.0,147.0,96.0,118.666664,22.090721,2.5584953,4.9999847,0,113016,train
172.0,194.0,112.0,159.33333,79.48303,14.501347,35.999985,0,113016,train
50.0,51.0,43.0,48.0,7.601172,1.0553528,2.666668,0,113016,train
128.0,169.0,99.0,132.0,37.336304,4.695618,3.0,0,113016,train
113.0,163.0,92.0,122.666664,15.297058,3.166598,19.333344,0,113016,train
48.0,56.0,45.0,49.666668,7.1802216,1.1415877,3.0,0,113016,train
118.0,167.0,102.0,129.0,40.110962,4.307515,4.3333206,0,113016,train
173.0,106.0,80.0,119.666664,43.14574,5.591218,22.666672,0,113016,train
147.0,170.0,100.0,139.0,49.37385,6.1784973,10.000015,0,113016,train
193.0,136.0,116.0,148.33333,277.86526,28.578735,17.33332,0,113016,train
140.0,153.0,100.0,131.0,39.67927,4.15096,9.999992,0,113016,train
175.0,210.0,106.0,163.66667,302.97818,40.93936,30.66668,0,113016,train
130.0,166.0,102.0,132.66667,34.16297,3.8035243,4.0000305,0,113016,train
117.0,152.0,94.0,121.0,26.436504,2.7084935,4.6666565,0,113016,train
126.0,148.0,101.0,125.0,22.454895,2.308273,1.0,0,113016,train
255.0,251.0,97.0,201.0,56.00796,5.8249197,6.0,0,113016,train
191.0,205.0,120.0,172.0,61.761173,7.0478277,6.6666718,0,113016,train
215.0,219.0,80.0,171.33333,58.370453,12.965625,17.666687,0,113016,train
143.0,156.0,48.0,115.666664,253.23898,32.49426,57.66667,0,113016,train
141.0,178.0,109.0,142.66667,30.818474,4.346784,1.3333435,0,113016,train
126.0,156.0,58.0,113.333336,78.63982,20.364021,118.666664,0,113016,train
144.0,160.0,115.0,139.66667,60.796574,6.233572,1.333374,0,113016,train
192.0,203.0,101.0,165.33333,368.59973,41.74794,44.66665,0,113016,train
135.0,162.0,67.0,121.333336,147.10916,18.363277,11.666679,0,113016,train
234.0,255.0,123.0,204.0,166.54195,22.90077,88.33334,0,113016,train
116.0,147.0,69.0,110.666664,174.95648,31.574472,84.66667,0,113016,train
134.0,165.0,108.0,135.66667,25.961481,2.7400389,3.3333588,0,113016,train
45.0,50.0,43.0,46.0,23.175663,2.6713266,9.333332,0,113016,train
175.0,192.0,121.0,162.66667,93.76685,14.810654,105.66669,0,113016,train
149.0,163.0,76.0,129.33333,217.37119,28.98181,2.6666946,0,113016,train
43.0,48.0,42.0,44.333332,9.999994,1.0709682,1.3333359,0,113016,train
102.0,134.0,61.0,99.0,134.76068,17.581535,91.00001,0,113016,train
128.0,157.0,99.0,128.0,20.869967,3.0916975,0.33333588,0,113016,train
151.0,178.0,99.0,142.66667,46.62143,6.149822,28.333344,0,113016,train
165.0,175.0,88.0,142.66667,253.12447,27.459772,25.333359,0,113016,train
163.0,183.0,70.0,138.66667,162.43495,26.148613,14.666649,0,113016,train
236.0,251.0,134.0,207.0,128.20123,21.530954,17.333344,0,113016,train
162.0,182.0,121.0,155.0,84.80698,9.162168,8.333328,0,113016,train
108.0,84.0,74.0,88.666664,2.6666565,2.1243105,7.0000076,0,113016,train
140.0,161.0,96.0,132.33333,38.580345,3.9098732,1.5258789e-05,0,113016,train
71.0,57.0,44.0,57.333332,34.11418,7.1935434,71.00001,0,113016,train
154.0,176.0,65.0,131.66667,271.4263,37.38173,7.666687,0,113016,train
206.0,215.0,72.0,164.33333,230.16759,26.58925,30.666672,0,113016,train
137.0,172.0,104.0,137.66667,3.800591,0.62967,2.3333435,0,113016,train
142.0,179.0,112.0,144.33333,30.644905,3.2451887,16.666656,0,113016,train
167.0,185.0,101.0,151.0,146.10954,17.565363,87.33334,0,113016,train
170.0,218.0,134.0,174.0,116.372,11.3747425,3.0,0,113016,train
220.0,206.0,131.0,185.66667,47.2558,7.4686847,10.666687,0,113016,train
254.0,254.0,78.0,195.33333,49.79069,4.833962,0.333313,0,113016,train
113.0,162.0,96.0,123.666664,14.907126,1.9080422,2.3333282,0,113016,train
223.0,228.0,99.0,183.33333,19.32758,5.610746,13.333298,0,113016,train
134.0,154.0,103.0,130.33333,93.29523,10.248475,1.3333054,0,113016,train
147.0,205.0,131.0,161.0,73.14674,10.281202,3.3333282,0,113016,train
64.0,62.0,47.0,57.666668,2.8674476,0.6850097,3.6666718,0,113016,train
138.0,171.0,92.0,133.66667,92.189415,20.556087,13.666641,0,113016,train
144.0,174.0,112.0,143.33333,36.22463,3.9973135,0.66667175,0,113016,train
62.0,48.0,35.0,48.333332,54.456913,9.09893,51.333336,0,113016,train
130.0,152.0,103.0,128.33333,0.6666641,1.5385667,0.6666336,0,113016,train
102.0,136.0,75.0,104.333336,291.31732,31.548418,43.33334,0,113016,train
253.0,255.0,79.0,195.66667,32.795662,4.7405334,7.666687,0,113016,train
133.0,156.0,100.0,129.66667,63.45953,7.002929,13.333321,0,113016,train
140.0,165.0,108.0,137.66667,42.80447,4.880806,8.0000305,0,113016,train
75.0,78.0,61.0,71.333336,27.920513,4.3151035,19.333344,0,113016,train
215.0,227.0,103.0,181.66667,118.12799,15.323401,56.000015,0,113016,train
131.0,105.0,78.0,104.666664,24.988869,6.6933384,30.33332,0,113016,train
120.0,152.0,102.0,124.666664,55.29115,5.769244,1.3333359,0,113016,train
98.0,115.0,63.0,92.0,209.96138,22.944077,44.66667,0,113016,train
249.0,252.0,109.0,203.33333,177.73515,24.344692,90.99997,0,113016,train
132.0,155.0,103.0,130.0,22.251085,3.1284356,3.9999924,0,113016,train
230.0,240.0,128.0,199.33333,181.7281,20.27487,44.66664,0,113016,train
222.0,227.0,83.0,177.33333,42.084587,7.1681805,27.000015,0,113016,train
124.0,162.0,105.0,130.33333,31.38297,3.2430816,1.6666489,0,113016,train
184.0,192.0,89.0,155.0,264.33014,33.145042,23.666664,0,113016,train
213.0,221.0,73.0,169.0,229.85843,26.285578,40.666664,0,113016,train
103.0,94.0,85.0,94.0,62.128914,6.5319977,5.333336,0,113016,train
210.0,227.0,112.0,183.0,147.75732,23.06089,62.000015,0,113016,train
104.0,147.0,91.0,114.0,12.481103,1.5712256,0.33332825,0,113016,train
159.0,179.0,120.0,152.66667,32.55764,3.6869702,4.6666565,0,113016,train
156.0,93.0,76.0,108.333336,77.68455,14.214491,61.666656,0,113016,train
164.0,186.0,113.0,154.33333,139.56279,15.548374,25.999977,0,113016,train
53.0,56.0,45.0,51.333332,12.481092,2.0607238,7.666668,0,113016,train
136.0,177.0,107.0,140.0,63.933994,7.0445013,9.333328,0,113016,train
133.0,164.0,105.0,134.0,19.002924,2.103754,6.0,0,113016,train
108.0,149.0,89.0,115.333336,29.34091,3.8095531,5.3333435,0,113016,train
125.0,90.0,84.0,99.666664,37.54701,8.573556,3.6666794,0,113016,train
49.0,57.0,46.0,50.666668,76.41989,7.927143,6.0,0,113016,train
180.0,201.0,110.0,163.66667,8.232726,2.5093575,22.666687,0,113016,train
125.0,165.0,103.0,131.0,7.5571833,1.6984597,3.6666718,0,113016,train
97.0,123.0,36.0,85.333336,268.6228,40.407036,221.66666,0,113016,train
65.0,74.0,57.0,65.333336,8.110348,2.9485745,8.000015,0,113016,train
250.0,249.0,73.0,190.66667,79.2689,9.449082,12.0000305,0,113016,train
117.0,148.0,91.0,118.666664,30.644928,3.0629783,6.0,0,113016,train
167.0,201.0,117.0,161.66667,152.14978,28.52757,107.6667,0,113016,train
119.0,150.0,108.0,125.666664,24.895342,2.906082,16.000008,0,113016,train
142.0,178.0,116.0,145.33333,119.34078,12.619817,12.0000305,0,113016,train
121.0,155.0,105.0,127.0,23.418894,2.6518345,1.6666641,0,113016,train
69.0,67.0,54.0,63.333332,21.374966,5.7019906,12.333328,0,113016,train
124.0,150.0,102.0,125.333336,36.672726,3.8807921,10.6666565,0,113016,train
165.0,184.0,77.0,142.0,132.29683,24.268599,106.66666,0,113016,train
69.0,66.0,57.0,64.0,16.719925,2.0634468,3.6666718,0,113016,train
131.0,171.0,101.0,134.33333,28.585138,4.050222,16.666702,0,113016,train
177.0,195.0,96.0,156.0,112.84699,12.700424,11.666672,0,113016,train
94.0,79.0,58.0,77.0,175.61636,18.01097,7.6666718,0,113016,train
129.0,153.0,101.0,127.666664,26.874214,2.6871367,3.3333511,0,113016,train
179.0,174.0,110.0,154.33333,89.38432,14.08623,73.66663,1,113044,train
178.0,186.0,103.0,155.66667,209.77977,26.043571,16.333351,1,113044,train
120.0,118.0,69.0,102.333336,219.90956,38.06599,105.66665,1,113044,train
63.0,67.0,30.0,53.333332,21.050203,5.1424055,12.666672,1,113044,train
150.0,162.0,114.0,142.0,538.6113,55.29378,51.666668,1,113044,train
142.0,132.0,81.0,118.333336,281.14453,32.873543,112.99999,1,113044,train
86.0,84.0,59.0,76.333336,81.52027,15.276888,26.000011,1,113044,train
116.0,102.0,67.0,95.0,114.586205,15.108688,35.0,1,113044,train
189.0,195.0,105.0,163.0,132.32454,21.858564,154.33334,1,113044,train
77.0,77.0,43.0,65.666664,86.38545,10.383327,23.666656,1,113044,train
199.0,205.0,141.0,181.66667,54.853333,8.312853,24.00003,1,113044,train
108.0,122.0,69.0,99.666664,503.3281,59.587696,61.66668,1,113044,train
186.0,197.0,141.0,174.66667,184.8777,25.280922,21.999985,1,113044,train
74.0,65.0,36.0,58.333332,28.051544,11.657789,5.3333397,1,113044,train
162.0,147.0,64.0,124.333336,486.0695,50.122936,54.33332,1,113044,train
221.0,227.0,127.0,191.66667,31.87822,15.329328,10.0000305,1,113044,train
57.0,68.0,26.0,50.333332,346.1663,47.893784,173.33334,1,113044,train
174.0,112.0,97.0,127.666664,27.816858,4.7165766,18.333351,1,113044,train
157.0,109.0,69.0,111.666664,43.931744,24.104752,38.66668,1,113044,train
179.0,185.0,139.0,167.66667,46.69047,8.602552,6.333374,1,113044,train
128.0,141.0,85.0,118.0,163.9573,18.687004,46.333336,1,113044,train
138.0,128.0,75.0,113.666664,320.3252,38.714676,109.00001,1,113044,train
58.0,61.0,8.0,42.333332,460.75903,56.35141,183.66666,1,113044,train
164.0,180.0,118.0,154.0,77.064186,9.183141,3.3333282,1,113044,train
72.0,72.0,20.0,54.666668,588.5396,68.856804,174.66666,1,113044,train
166.0,194.0,133.0,164.33333,51.224995,15.757749,41.666656,1,113044,train
212.0,225.0,120.0,185.66667,227.66838,28.704515,8.666687,1,113044,train
188.0,207.0,118.0,171.0,68.64078,11.824234,51.333344,1,113044,train
143.0,127.0,78.0,116.0,261.02573,36.968395,126.33334,1,113044,train
168.0,195.0,126.0,163.0,45.871807,5.7331614,31.333344,1,113044,train
191.0,213.0,141.0,181.66667,55.071674,6.152045,1.0000153,1,113044,train
255.0,255.0,173.0,227.66667,563.3302,70.31043,183.33336,1,113044,train
164.0,162.0,105.0,143.66667,304.29883,33.528614,22.666695,1,113044,train
51.0,49.0,11.0,37.0,171.67474,26.187565,108.33333,1,113044,train
237.0,255.0,141.0,211.0,184.67752,24.014645,73.0,1,113044,train
254.0,230.0,130.0,204.66667,362.35345,39.375496,156.66669,1,113044,train
82.0,99.0,57.0,79.333336,384.68747,46.91804,68.999985,1,113044,train
208.0,157.0,126.0,163.66667,125.86499,15.877645,23.333351,1,113044,train
165.0,143.0,85.0,131.0,40.584614,11.272287,18.666664,1,113044,train
94.0,92.0,18.0,68.0,637.7713,70.190575,148.33333,1,113044,train
56.0,60.0,25.0,47.0,186.01912,38.141743,98.0,1,113044,train
114.0,102.0,78.0,98.0,167.10942,17.748184,35.666664,1,113044,train
210.0,228.0,126.0,188.0,109.224525,16.764977,103.66666,1,113044,train
166.0,157.0,114.0,145.66667,64.70789,9.911917,48.666695,1,113044,train
177.0,191.0,112.0,160.0,613.85626,67.41398,71.33333,1,113044,train
151.0,133.0,67.0,117.0,327.26205,38.75184,25.333344,1,113044,train
216.0,194.0,137.0,182.33333,89.84431,12.002522,30.999985,1,113044,train
212.0,194.0,130.0,178.66667,193.20515,24.258938,65.33334,1,113044,train
135.0,138.0,85.0,119.333336,100.481064,13.585091,28.666672,1,113044,train
61.0,81.0,32.0,58.0,457.9551,52.28928,163.66667,1,113044,train
210.0,144.0,110.0,154.66667,18.867968,8.3578415,0.33329773,1,113044,train
68.0,69.0,37.0,58.0,410.0629,58.182976,145.66667,1,113044,train
186.0,203.0,135.0,174.66667,177.52122,20.612543,31.333344,1,113044,train
204.0,150.0,124.0,159.33333,124.408844,15.261267,1.666687,1,113044,train
83.0,89.0,27.0,66.333336,659.3822,71.73559,210.0,1,113044,train
195.0,120.0,101.0,138.66667,39.171978,6.030845,17.333351,1,113044,train
208.0,214.0,124.0,182.0,215.44012,25.958426,5.6666565,1,113044,train
89.0,76.0,21.0,62.0,350.31067,52.45999,243.33334,1,113044,train
108.0,92.0,59.0,86.333336,39.001423,12.336549,63.999992,1,113044,train
122.0,130.0,91.0,114.333336,197.12714,20.808252,31.33332,1,113044,train
71.0,71.0,35.0,59.0,56.146645,27.563183,29.333332,1,113044,train
188.0,159.0,101.0,149.33333,208.25465,28.35007,38.66667,1,113044,train
70.0,61.0,0.0,43.666668,435.86185,57.90189,225.66666,1,113044,train
179.0,160.0,130.0,156.33333,88.13751,11.539674,19.333359,1,113044,train
134.0,150.0,88.0,124.0,58.63825,14.483523,29.666672,1,113044,train
169.0,171.0,108.0,149.33333,248.9395,26.366556,18.66668,1,113044,train
65.0,71.0,11.0,49.0,593.55725,71.393616,166.66667,1,113044,train
64.0,58.0,26.0,49.333332,108.423035,14.011557,79.66667,1,113044,train
123.0,125.0,101.0,116.333336,166.17325,18.81128,6.0000076,1,113044,train
85.0,85.0,25.0,65.0,420.67514,53.83972,189.0,1,113044,train
86.0,88.0,64.0,79.333336,285.4898,35.881996,45.333313,1,113044,train
115.0,104.0,86.0,101.666664,211.06819,21.499409,34.333324,1,113044,train
98.0,82.0,59.0,79.666664,160.30875,16.680023,12.999989,1,113044,train
255.0,202.0,160.0,205.66667,133.90709,20.768911,44.000015,1,113044,train
62.0,63.0,19.0,48.0,312.7285,45.485027,117.0,1,113044,train
71.0,95.0,45.0,70.333336,318.32373,35.877857,112.33333,1,113044,train
217.0,211.0,151.0,193.0,225.36539,26.99338,80.66667,1,113044,train
162.0,139.0,105.0,135.33333,190.3097,21.641342,59.666695,1,113044,train
179.0,214.0,148.0,180.33333,116.95107,29.85152,79.33331,1,113044,train
61.0,69.0,30.0,53.333332,156.23416,33.640076,84.66667,1,113044,train
184.0,208.0,134.0,175.33333,58.7348,7.5652113,22.666626,1,113044,train
161.0,153.0,78.0,130.66667,667.00854,68.01195,6.3333244,1,113044,train
201.0,192.0,151.0,181.33333,186.9712,22.168125,49.333313,1,113044,train
60.0,69.0,50.0,59.666668,46.016907,6.758856,16.666672,1,113044,train
90.0,101.0,61.0,84.0,492.1147,52.21241,114.33333,1,113044,train
81.0,93.0,31.0,68.333336,282.26266,42.828236,200.33333,1,113044,train
180.0,204.0,142.0,175.33333,250.72786,34.32206,59.66664,1,113044,train
106.0,102.0,73.0,93.666664,401.54422,52.307514,86.000015,1,113044,train
137.0,137.0,101.0,125.0,287.37628,51.226883,120.666664,1,113044,train
250.0,254.0,143.0,215.66667,116.722855,25.154911,51.333344,1,113044,train
81.0,70.0,40.0,63.666668,83.29464,14.164819,6.999996,1,113044,train
212.0,158.0,114.0,161.33333,111.762665,13.5919895,32.66664,1,113044,train
159.0,154.0,98.0,137.0,476.78674,53.655857,9.6666565,1,113044,train
166.0,130.0,108.0,134.66667,133.415,16.71875,50.33335,1,113044,train
167.0,185.0,133.0,161.66667,200.31087,28.019873,33.333313,1,113044,train
201.0,210.0,167.0,192.66667,346.42685,34.097515,50.666656,1,113044,train
95.0,85.0,32.0,70.666664,528.65326,60.66899,132.33334,1,113044,train
205.0,203.0,100.0,169.33333,473.2981,61.013653,31.99997,1,113044,train
230.0,213.0,123.0,188.66667,235.74939,31.599699,10.666695,1,113044,train
109.0,84.0,62.0,85.0,312.66208,31.611828,44.000008,1,113044,train
95.0,104.0,57.0,85.333336,591.88025,61.189796,121.33333,1,113044,train
101.0,93.0,18.0,70.666664,504.4101,59.801968,197.0,1,113044,train
160.0,180.0,109.0,149.66667,47.35915,7.933562,46.333313,1,113044,train
178.0,168.0,117.0,154.33333,93.77513,12.656906,39.33336,1,113044,train
216.0,229.0,115.0,186.66667,138.04428,17.843393,0.66664124,1,113044,train
238.0,228.0,141.0,202.33333,275.7817,31.286291,40.999985,1,113044,train
163.0,170.0,102.0,145.0,108.93528,11.318196,22.0,1,113044,train
211.0,212.0,132.0,185.0,106.785355,13.050682,3.0,1,113044,train
182.0,194.0,112.0,162.66667,513.0157,59.605915,52.666695,1,113044,train
56.0,55.0,11.0,40.666668,249.33022,37.92097,88.66666,1,113044,train
180.0,204.0,128.0,170.66667,413.397,47.258266,52.000023,1,113044,train
93.0,112.0,66.0,90.333336,138.49348,22.011272,5.9999924,1,113044,train
181.0,212.0,132.0,175.0,26.666672,4.8280997,3.0,1,113044,train
161.0,173.0,123.0,152.33333,581.45355,60.59703,125.33332,1,113044,train
191.0,191.0,129.0,170.33333,143.62993,15.867494,46.333298,1,113044,train
117.0,84.0,30.0,77.0,247.68529,40.621105,218.33334,1,113044,train
177.0,186.0,133.0,165.33333,389.21716,43.506218,71.333305,1,113044,train
184.0,202.0,144.0,176.66667,94.669014,12.157897,37.666687,1,113044,train
159.0,197.0,122.0,159.33333,61.770164,7.2246323,9.000015,1,113044,train
194.0,160.0,96.0,150.0,191.04507,21.985703,47.33333,1,113044,train
207.0,123.0,97.0,142.33333,60.926155,6.6820946,3.0000153,0,113044,train
166.0,201.0,121.0,162.66667,42.374,5.165049,18.666656,0,113044,train
192.0,227.0,143.0,187.33333,63.67455,6.8508096,17.999985,0,113044,train
126.0,94.0,69.0,96.333336,35.805035,4.49142,12.333321,0,113044,train
194.0,232.0,131.0,185.66667,74.01204,15.755517,78.33334,0,113044,train
146.0,197.0,118.0,153.66667,122.14836,12.799612,7.666687,0,113044,train
201.0,125.0,111.0,145.66667,8.3533125,2.2101505,4.6666718,0,113044,train
136.0,108.0,84.0,109.333336,141.47871,18.4519,74.33334,0,113044,train
252.0,255.0,146.0,217.66667,41.902016,8.210131,38.666687,0,113044,train
180.0,215.0,133.0,176.0,25.841385,5.3218665,5.6666565,0,113044,train
167.0,193.0,120.0,160.0,11.244754,1.9319477,1.3333282,0,113044,train
202.0,143.0,137.0,160.66667,25.32021,4.3687453,7.666687,0,113044,train
185.0,207.0,135.0,175.66667,94.8683,10.208184,15.000015,0,113044,train
161.0,207.0,132.0,166.66667,19.35057,3.0394542,7.0,0,113044,train
139.0,178.0,85.0,134.0,79.612946,30.682407,80.0,0,113044,train
189.0,223.0,136.0,182.66667,162.71106,22.888828,16.666672,0,113044,train
138.0,179.0,111.0,142.66667,189.20242,32.57659,106.00002,0,113044,train
173.0,193.0,122.0,162.66667,16.666672,2.1883926,9.000015,0,113044,train
251.0,252.0,114.0,205.66667,40.00557,7.364399,10.333359,0,113044,train
161.0,202.0,108.0,157.0,216.2632,23.86338,38.33333,0,113044,train
243.0,174.0,135.0,184.0,62.696774,7.3492665,5.6666565,0,113044,train
92.0,99.0,31.0,74.0,660.3947,72.220856,87.33333,0,113044,train
162.0,101.0,80.0,114.333336,75.07628,8.808066,36.66667,0,113044,train
177.0,185.0,125.0,162.33333,85.883644,9.129707,1.0000305,0,113044,train
251.0,255.0,109.0,205.0,119.74508,16.119064,22.333328,0,113044,train
182.0,219.0,126.0,175.66667,11.3235035,3.354393,20.333359,0,113044,train
158.0,190.0,114.0,154.0,100.930145,11.423061,36.0,0,113044,train
141.0,195.0,117.0,151.0,22.335815,2.5395312,1.3333435,0,113044,train
202.0,225.0,121.0,182.66667,110.33384,16.353756,43.333313,0,113044,train
224.0,235.0,139.0,199.33333,202.61679,35.919724,37.66665,0,113044,train
169.0,196.0,127.0,164.0,21.317719,3.3357089,2.0,0,113044,train
193.0,126.0,120.0,146.33333,114.69865,12.307185,10.333359,0,113044,train
223.0,124.0,105.0,150.66667,58.533966,8.056806,16.333344,0,113044,train
131.0,183.0,111.0,141.66667,143.86183,14.436214,3.9999924,0,113044,train
157.0,198.0,122.0,159.0,6.5996704,0.84779125,3.3333282,0,113044,train
205.0,229.0,131.0,188.33333,47.478622,5.506388,0.66664124,0,113044,train
166.0,204.0,121.0,163.66667,47.91198,5.6255207,12.333313,0,113044,train
142.0,161.0,80.0,127.666664,352.82355,37.29441,9.333321,0,113044,train
123.0,148.0,44.0,105.0,295.02695,43.522713,175.33334,0,113044,train
177.0,200.0,118.0,165.0,86.3687,9.61627,7.3333435,0,113044,train
127.0,174.0,78.0,126.333336,162.48146,19.903526,44.333336,0,113044,train
202.0,238.0,138.0,192.66667,439.40085,49.397324,162.33337,0,113044,train
165.0,191.0,120.0,158.66667,29.219467,3.4728298,4.333313,0,113044,train
88.0,76.0,52.0,72.0,13.341659,8.962787,27.666664,0,113044,train
175.0,204.0,98.0,159.0,285.08594,33.331432,6.666664,0,113044,train
160.0,201.0,122.0,161.0,54.62802,6.429151,8.0,0,113044,train
179.0,208.0,128.0,171.66667,25.75957,2.8824632,0.6666565,0,113044,train
180.0,114.0,102.0,132.0,48.31377,4.9837627,7.6293945e-06,0,113044,train
250.0,250.0,100.0,200.0,19.235384,4.433537,10.3333435,0,113044,train
128.0,83.0,60.0,90.333336,57.767735,10.969106,14.6666565,0,113044,train
181.0,220.0,139.0,180.0,30.710138,3.7867987,3.0,0,113044,train
149.0,199.0,100.0,149.33333,126.68159,14.944363,53.666687,0,113044,train
235.0,218.0,174.0,209.0,405.8453,42.45816,51.000008,0,113044,train
158.0,196.0,119.0,157.66667,83.53311,8.843474,17.999985,0,113044,train
146.0,103.0,87.0,112.0,106.443504,10.667562,4.3333282,0,113044,train
227.0,246.0,139.0,204.0,78.025604,10.821709,57.0,0,113044,train
90.0,68.0,54.0,70.666664,107.66717,22.172596,90.33334,0,113044,train
200.0,127.0,92.0,139.66667,12.736639,6.827249,49.66664,0,113044,train
223.0,247.0,135.0,201.66667,84.01322,13.208366,40.33336,0,113044,train
136.0,142.0,78.0,118.666664,356.1055,38.057804,107.66669,0,113044,train
231.0,184.0,142.0,185.66667,79.60177,14.85917,41.666687,0,113044,train
148.0,198.0,111.0,152.33333,29.702248,4.3319306,16.333359,0,113044,train
213.0,139.0,126.0,159.33333,78.03132,11.4086895,18.333344,0,113044,train
166.0,150.0,62.0,126.0,199.59346,30.439169,132.0,0,113044,train
198.0,232.0,112.0,180.66667,167.55762,19.383566,14.333313,0,113044,train
180.0,127.0,111.0,139.33333,53.3375,8.262774,14.0,0,113044,train
169.0,206.0,129.0,168.0,35.077675,4.213307,14.666672,0,113044,train
216.0,205.0,139.0,186.66667,240.1356,34.138046,57.000015,0,113044,train
176.0,206.0,108.0,163.33333,37.121437,6.2078266,30.666687,0,113044,train
161.0,116.0,87.0,121.333336,30.228773,3.6717088,23.666672,0,113044,train
251.0,192.0,178.0,207.0,39.698868,4.365615,13.6666565,0,113044,train
151.0,205.0,121.0,159.0,48.389626,5.897232,24.000015,0,113044,train
160.0,107.0,93.0,120.0,23.897926,2.5435658,6.0000076,0,113044,train
163.0,202.0,111.0,158.66667,298.95523,33.247005,27.66668,0,113044,train
189.0,121.0,108.0,139.33333,15.441657,2.4890385,1.0000153,0,113044,train
87.0,85.0,46.0,72.666664,98.12123,24.082155,97.33334,0,113044,train
118.0,85.0,68.0,90.333336,78.549355,9.133825,25.333344,0,113044,train
241.0,244.0,115.0,200.0,59.393208,10.053179,1.6666718,0,113044,train
131.0,179.0,93.0,134.33333,227.57317,23.039454,14.000008,0,113044,train
222.0,126.0,104.0,150.66667,88.845665,10.700102,43.999985,0,113044,train
166.0,213.0,121.0,166.66667,24.531174,8.277299,25.999985,0,113044,train
228.0,240.0,104.0,190.66667,22.350746,15.872909,32.99997,0,113044,train
192.0,219.0,140.0,183.66667,50.537113,5.765265,13.000015,0,113044,train
169.0,108.0,79.0,118.666664,95.0415,11.472752,7.333336,0,113044,train
232.0,236.0,99.0,189.0,57.20138,10.513942,32.666656,0,113044,train
179.0,106.0,89.0,124.666664,15.804378,7.786331,24.66668,0,113044,train
78.0,77.0,59.0,71.333336,18.867949,2.913633,1.9999924,0,113044,train
173.0,120.0,104.0,132.33333,116.927345,12.009274,1.6666412,0,113044,train
190.0,112.0,92.0,131.33333,40.42552,5.3143377,9.999985,0,113044,train
196.0,120.0,97.0,137.66667,76.71306,10.10772,28.000008,0,113044,train
172.0,195.0,125.0,164.0,85.796936,8.820586,3.3333282,0,113044,train
178.0,107.0,87.0,124.0,36.76351,6.784921,37.0,0,113044,train
96.0,134.0,83.0,104.333336,107.48126,17.76232,27.000008,0,113044,train
185.0,190.0,136.0,170.33333,62.741104,6.2384267,3.9999847,0,113044,train
151.0,187.0,117.0,151.66667,76.42283,7.940944,8.333359,0,113044,train
199.0,212.0,143.0,184.66667,124.75398,12.705037,9.666672,0,113044,train
255.0,219.0,168.0,214.0,54.725582,5.8836374,18.666656,0,113044,train
210.0,223.0,154.0,195.66667,56.288918,6.055408,10.0000305,0,113044,train
160.0,205.0,122.0,162.33333,175.51512,17.300142,1.3333588,0,113044,train
165.0,185.0,126.0,158.66667,161.89021,26.233997,65.999985,0,113044,train
218.0,151.0,124.0,164.33333,221.30522,23.333939,20.99997,0,113044,train
66.0,68.0,47.0,60.333332,34.673065,4.9882917,8.666668,0,113044,train
158.0,195.0,92.0,148.33333,357.74356,40.020966,39.333366,0,113044,train
125.0,89.0,73.0,95.666664,30.17358,3.5429838,5.3333435,0,113044,train
255.0,164.0,143.0,187.33333,71.95213,8.75,36.99997,0,113044,train
169.0,199.0,127.0,165.0,29.105183,3.264092,3.3333435,0,113044,train
152.0,192.0,121.0,155.0,32.744827,4.3009357,21.666672,0,113044,train
243.0,144.0,123.0,170.0,42.426422,11.749584,43.0,0,113044,train
199.0,119.0,84.0,134.0,39.355923,5.303485,1.6666565,0,113044,train
164.0,209.0,108.0,160.33333,179.39465,30.203638,30.66668,0,113044,train
154.0,198.0,121.0,157.66667,12.046216,1.5366614,1.9999695,0,113044,train
150.0,186.0,116.0,150.66667,71.22576,8.310385,10.9999695,0,113044,train
122.0,94.0,73.0,96.333336,78.34397,9.988176,22.666649,0,113044,train
226.0,227.0,100.0,184.33333,147.33936,15.422057,38.66667,0,113044,train
168.0,225.0,131.0,174.66667,19.516367,3.6241918,14.0000305,0,113044,train
100.0,138.0,81.0,106.333336,60.42995,17.512217,27.333328,0,113044,train
173.0,211.0,126.0,170.0,49.79069,5.309926,0.33332825,0,113044,train
162.0,198.0,126.0,162.0,64.04337,6.481494,15.666672,0,113044,train
178.0,206.0,129.0,171.0,29.154776,3.2882366,0.66667175,0,113044,train
209.0,237.0,134.0,193.33333,183.60588,19.539223,15.999985,0,113044,train
164.0,180.0,177.0,173.66667,222.86217,37.472828,97.33337,1,117054,train
168.0,188.0,179.0,178.33333,7.7745676,1.0288799,3.6666565,1,117054,train
168.0,188.0,179.0,178.33333,10.381587,1.1916047,2.6666565,1,117054,train
146.0,167.0,162.0,158.33333,110.2905,11.419043,1.333313,1,117054,train
183.0,187.0,170.0,180.0,618.9821,67.94516,89.0,1,117054,train
21.0,40.0,38.0,33.0,97.49302,26.362139,127.33334,1,117054,train
73.0,90.0,84.0,82.333336,327.92038,32.22929,11.000008,1,117054,train
5.0,20.0,17.0,14.0,215.34984,34.246742,97.333336,1,117054,train
170.0,190.0,189.0,183.0,249.23886,47.855515,132.0,1,117054,train
214.0,232.0,218.0,221.33333,92.47222,21.00372,103.33333,1,117054,train
154.0,174.0,165.0,164.33333,53.750412,6.4939876,7.3333435,1,117054,train
163.0,178.0,171.0,170.66667,310.8068,46.30259,146.66669,1,117054,train
131.0,156.0,152.0,146.33333,85.052925,9.46096,8.0,1,117054,train
10.0,20.0,19.0,16.333334,376.85248,47.42916,122.33333,1,117054,train
135.0,155.0,146.0,145.33333,46.39203,17.853626,26.99997,1,117054,train
16.0,28.0,28.0,24.0,20.78995,14.859104,45.666664,1,117054,train
161.0,173.0,171.0,168.33333,444.37622,59.73667,215.66666,1,117054,train
153.0,176.0,170.0,166.33333,92.0,9.436154,2.9999695,1,117054,train
129.0,147.0,149.0,141.66667,40.93355,22.230768,48.33336,1,117054,train
162.0,185.0,177.0,174.66667,11.935026,1.6990347,7.0000153,1,117054,train
42.0,58.0,55.0,51.666668,336.3097,35.474213,40.33333,1,117054,train
125.0,150.0,146.0,140.33333,80.88949,9.326961,18.333344,1,117054,train
136.0,159.0,151.0,148.66667,12.2292595,2.6409485,10.666687,1,117054,train
82.0,98.0,95.0,91.666664,76.4446,17.300367,34.000008,1,117054,train
10.0,20.0,21.0,17.0,392.17343,49.816723,122.0,1,117054,train
63.0,73.0,72.0,69.333336,98.23554,15.593703,5.6666565,1,117054,train
52.0,62.0,61.0,58.333332,540.93274,60.156956,56.000004,1,117054,train
139.0,160.0,153.0,150.66667,106.349556,18.955746,54.000008,1,117054,train
70.0,89.0,96.0,85.0,472.10217,46.45188,39.333336,1,117054,train
164.0,185.0,178.0,175.66667,10.540957,1.3368281,6.3333435,1,117054,train
2.0,14.0,10.0,8.666667,235.13022,33.12097,70.66667,1,117054,train
137.0,157.0,146.0,146.66667,202.75056,27.536589,65.66668,1,117054,train
142.0,165.0,159.0,155.33333,295.45972,37.08647,92.66663,1,117054,train
10.0,22.0,22.0,18.0,105.62092,25.876728,23.666668,1,117054,train
135.0,161.0,152.0,149.33333,27.984112,8.559192,33.333298,1,117054,train
147.0,172.0,168.0,162.33333,7.6739,1.4967413,6.0,1,117054,train
0.0,10.0,3.0,4.3333335,329.36908,44.114613,149.0,1,117054,train
140.0,161.0,156.0,152.33333,103.121284,10.650429,6.0,1,117054,train
17.0,28.0,34.0,26.333334,24.513035,5.1322656,21.333336,1,117054,train
127.0,147.0,146.0,140.0,299.6313,33.168514,116.66666,1,117054,train
18.0,27.0,24.0,23.0,103.12668,21.28183,6.333332,1,117054,train
137.0,158.0,149.0,148.0,79.784424,9.023623,1.3333435,1,117054,train
168.0,188.0,179.0,178.33333,5.3748474,0.6760409,1.0,1,117054,train
97.0,116.0,112.0,108.333336,56.725452,7.621285,42.000008,1,117054,train
143.0,163.0,154.0,153.33333,166.75865,23.64731,44.999977,1,117054,train
22.0,37.0,34.0,31.0,596.62476,65.31746,165.33334,1,117054,train
35.0,47.0,45.0,42.333332,301.37646,31.327599,22.666668,1,117054,train
139.0,160.0,155.0,151.33333,3.8006098,0.49804303,0.6666565,1,117054,train
55.0,74.0,80.0,69.666664,444.2074,46.072945,0.66667366,1,117054,train
13.0,22.0,21.0,18.666666,223.59735,23.713715,44.0,1,117054,train
19.0,30.0,32.0,27.0,238.21931,24.997173,52.999996,1,117054,train
110.0,137.0,130.0,125.666664,0.66667175,5.3771796,18.333344,1,117054,train
4.0,14.0,13.0,10.333333,296.00186,36.956764,83.333336,1,117054,train
130.0,150.0,148.0,142.66667,4.4721494,2.971216,21.333313,1,117054,train
127.0,142.0,135.0,134.66667,108.61756,22.299322,59.333344,1,117054,train
85.0,97.0,97.0,93.0,216.66205,32.91507,87.33333,1,117054,train
150.0,174.0,178.0,167.33333,546.5286,60.872257,67.66664,1,117054,train
148.0,175.0,170.0,164.33333,14.337206,1.598339,1.0,1,117054,train
119.0,145.0,134.0,132.66667,14.9814825,3.4680462,0.66667175,1,117054,train
144.0,165.0,158.0,155.66667,3.162297,0.49804303,2.666687,1,117054,train
107.0,122.0,115.0,114.666664,272.1805,39.31045,3.333313,1,117054,train
9.0,24.0,21.0,18.0,494.5932,57.722786,136.0,1,117054,train
13.0,23.0,22.0,19.333334,273.60718,31.144867,52.666664,1,117054,train
146.0,167.0,160.0,157.66667,65.37584,8.019995,21.0,1,117054,train
161.0,180.0,174.0,171.66667,22.36068,2.9248397,3.333374,1,117054,train
158.0,179.0,174.0,170.33333,13.482466,1.5467961,2.333313,1,117054,train
124.0,150.0,141.0,138.33333,29.758274,6.4807405,35.333313,1,117054,train
7.0,13.0,13.0,11.0,6.2003574,6.041239,9.0,1,117054,train
62.0,74.0,72.0,69.333336,270.8673,34.97123,1.0000114,1,117054,train
166.0,186.0,177.0,176.33333,66.0303,7.2263894,6.0,1,117054,train
20.0,39.0,45.0,34.666668,319.66998,34.026047,94.0,1,117054,train
169.0,189.0,180.0,179.33333,13.605572,1.4657549,5.666626,1,117054,train
5.0,14.0,11.0,10.0,187.3191,23.252771,58.666664,1,117054,train
30.0,44.0,47.0,40.333332,18.481228,7.392012,7.6293945e-06,1,117054,train
85.0,99.0,99.0,94.333336,669.5811,69.451904,19.666676,1,117054,train
112.0,138.0,127.0,125.666664,37.028534,4.6614904,11.333351,1,117054,train
2.0,17.0,20.0,13.0,540.6515,60.20236,167.0,1,117054,train
9.0,18.0,17.0,14.666667,32.893764,4.254265,5.999998,1,117054,train
128.0,150.0,147.0,141.66667,63.175262,6.4537115,1.3333282,1,117054,train
177.0,188.0,180.0,181.66667,286.09592,39.688213,140.66669,1,117054,train
129.0,145.0,144.0,139.33333,614.2891,61.65595,165.66666,1,117054,train
61.0,73.0,69.0,67.666664,204.0158,39.467354,122.66667,1,117054,train
13.0,28.0,31.0,24.0,46.04346,14.560597,61.0,1,117054,train
138.0,160.0,157.0,151.66667,55.890724,6.8801117,16.333344,1,117054,train
38.0,56.0,56.0,50.0,180.38539,27.448753,82.333336,1,117054,train
129.0,151.0,149.0,143.0,1.6996772,0.34798527,1.0,1,117054,train
12.0,27.0,22.0,20.333334,621.61115,72.01283,159.33333,1,117054,train
166.0,187.0,178.0,177.0,14.643902,2.0728905,7.3333282,1,117054,train
169.0,180.0,174.0,174.33333,236.03813,30.49827,2.0000153,1,117054,train
47.0,59.0,57.0,54.333332,219.53992,29.008728,49.000008,1,117054,train
124.0,144.0,142.0,136.66667,351.4421,39.791252,59.666687,1,117054,train
70.0,80.0,81.0,77.0,155.13148,23.89902,121.0,1,117054,train
15.0,32.0,40.0,29.0,91.43425,11.155221,20.666666,1,117054,train
95.0,111.0,108.0,104.666664,37.906315,5.394224,22.0,1,117054,train
0.0,10.0,12.0,7.3333335,258.8676,34.190823,67.0,1,117054,train
72.0,84.0,80.0,78.666664,526.2973,51.393536,20.999996,1,117054,train
96.0,115.0,109.0,106.666664,16.898388,28.74341,23.666672,1,117054,train
11.0,22.0,26.0,19.666666,31.80845,4.1216083,21.999996,1,117054,train
38.0,56.0,56.0,50.0,280.08652,33.59086,107.33334,1,117054,train
155.0,163.0,142.0,153.33333,103.58572,22.077278,62.666687,1,117054,train
144.0,159.0,154.0,152.33333,458.1424,50.956398,112.999985,1,117054,train
104.0,123.0,119.0,115.333336,52.881413,19.582033,80.66668,1,117054,train
145.0,170.0,166.0,160.33333,94.70419,10.515057,23.333313,1,117054,train
109.0,130.0,125.0,121.333336,78.81906,16.447477,28.333336,1,117054,train
53.0,73.0,72.0,66.0,39.015667,4.5445385,14.0,1,117054,train
60.0,71.0,67.0,66.0,293.6362,38.974125,115.33333,1,117054,train
119.0,141.0,139.0,133.0,64.83654,15.762922,14.000008,1,117054,train
145.0,164.0,158.0,155.66667,47.42481,7.321709,18.666656,1,117054,train
134.0,159.0,156.0,149.66667,13.2832,6.976243,37.666656,1,117054,train
143.0,164.0,157.0,154.66667,68.26419,8.536228,18.333313,1,117054,train
150.0,170.0,171.0,163.66667,124.34005,18.175468,23.333359,1,117054,train
118.0,142.0,142.0,134.0,62.40548,6.396105,2.9999924,1,117054,train
230.0,244.0,229.0,234.33333,187.79716,35.281124,149.99998,1,117054,train
149.0,174.0,170.0,164.33333,155.48131,27.685137,64.66665,1,117054,train
159.0,178.0,174.0,170.33333,88.12746,9.721914,15.6666565,1,117054,train
90.0,108.0,108.0,102.0,581.9374,59.581,59.66666,1,117054,train
6.0,23.0,17.0,15.333333,484.27567,55.712444,145.66667,1,117054,train
137.0,159.0,156.0,150.66667,39.67923,4.9739556,12.3333435,1,117054,train
2.0,13.0,15.0,10.0,253.6533,28.320042,80.666664,1,117054,train
35.0,51.0,50.0,45.333332,384.4722,45.424866,108.0,1,117054,train
118.0,135.0,129.0,127.333336,73.21961,20.605637,149.66667,0,117054,train
164.0,177.0,159.0,166.66667,225.33781,26.845623,21.666656,0,117054,train
95.0,111.0,108.0,104.666664,133.03052,15.424843,14.333328,0,117054,train
211.0,229.0,215.0,218.33333,152.09354,24.779024,129.99998,0,117054,train
224.0,232.0,208.0,221.33333,15.092304,1.5398356,0.6666565,0,117054,train
233.0,247.0,214.0,231.33333,23.19003,2.4494898,4.9999695,0,117054,train
205.0,217.0,195.0,205.66667,21.213186,2.1946313,0.3333435,0,117054,train
61.0,76.0,73.0,70.0,22.803509,2.85882,8.0,0,117054,train
213.0,223.0,198.0,211.33333,14.643931,1.5372968,4.666641,0,117054,train
199.0,214.0,193.0,202.0,10.759989,1.2263385,0.66667175,0,117054,train
188.0,203.0,184.0,191.66667,15.033297,1.5958931,0.0,0,117054,train
249.0,255.0,223.0,242.33333,23.285688,2.4968731,2.6666412,0,117054,train
66.0,85.0,89.0,80.0,142.50224,22.345629,28.333328,0,117054,train
152.0,178.0,179.0,169.66667,76.65509,20.601976,146.00002,0,117054,train
142.0,168.0,159.0,156.33333,18.577208,3.694908,26.666656,0,117054,train
242.0,250.0,213.0,235.0,33.944393,3.4494112,1.6666565,0,117054,train
180.0,196.0,183.0,186.33333,4.216364,0.5625,1.3333282,0,117054,train
165.0,180.0,161.0,168.66667,300.91898,33.95065,23.0,0,117054,train
221.0,237.0,211.0,223.0,8.692275,1.1162857,5.0,0,117054,train
74.0,91.0,85.0,83.333336,283.72833,31.795305,47.333332,0,117054,train
224.0,234.0,210.0,222.66667,146.8007,22.938522,30.0,0,117054,train
66.0,85.0,79.0,76.666664,108.26819,13.073392,11.0,0,117054,train
238.0,249.0,215.0,234.0,26.200096,2.7357585,1.3333282,0,117054,train
47.0,57.0,49.0,51.0,75.02592,15.973565,18.666668,0,117054,train
8.0,13.0,16.0,12.333333,21.837784,3.9189305,5.3333335,0,117054,train
133.0,158.0,152.0,147.66667,299.9026,32.01931,29.666664,0,117054,train
99.0,118.0,114.0,110.333336,99.29752,16.946608,129.33334,0,117054,train
140.0,165.0,161.0,155.33333,13.038404,2.538762,5.0,0,117054,train
136.0,154.0,142.0,144.0,439.28226,45.131298,72.333336,0,117054,train
121.0,133.0,131.0,128.33333,85.59335,26.41507,100.66664,0,117054,train
230.0,241.0,209.0,226.66667,3.1622777,0.6875,2.0,0,117054,train
27.0,33.0,29.0,29.666666,109.183846,11.333818,12.333338,0,117054,train
171.0,188.0,178.0,179.0,82.43651,12.5539465,93.66667,0,117054,train
87.0,104.0,96.0,95.666664,80.06943,9.750551,15.333328,0,117054,train
156.0,175.0,169.0,166.66667,94.50337,24.614529,12.3333435,0,117054,train
84.0,97.0,79.0,86.666664,80.02501,39.16786,337.6667,0,117054,train
106.0,127.0,120.0,117.666664,159.14912,23.395754,125.000015,0,117054,train
30.0,40.0,42.0,37.333332,176.24857,20.12335,41.000004,0,117054,train
212.0,221.0,192.0,208.33333,37.133427,3.8900917,0.6666565,0,117054,train
96.0,116.0,115.0,109.0,91.18723,15.446291,62.333336,0,117054,train
110.0,129.0,125.0,121.333336,206.22856,26.466812,68.66667,0,117054,train
107.0,125.0,125.0,119.0,305.80243,33.184174,108.666664,0,117054,train
147.0,166.0,160.0,157.66667,320.46664,32.727093,51.000015,0,117054,train
210.0,220.0,195.0,208.33333,47.17812,8.908388,33.666687,0,117054,train
204.0,218.0,195.0,205.66667,69.18094,6.7877994,2.3333435,0,117054,train
161.0,177.0,164.0,167.33333,16.124516,1.7280996,1.0,0,117054,train
80.0,96.0,93.0,89.666664,227.20033,30.161867,68.00001,0,117054,train
202.0,214.0,192.0,202.66667,12.666687,1.3125,3.6666718,0,117054,train
92.0,112.0,103.0,102.333336,60.728905,9.044433,39.0,0,117054,train
93.0,105.0,103.0,100.333336,131.2851,17.202806,9.333336,0,117054,train
117.0,138.0,129.0,128.0,23.257004,3.0461938,5.3333282,0,117054,train
107.0,126.0,124.0,119.0,137.29532,14.38376,4.3333435,0,117054,train
104.0,130.0,131.0,121.666664,26.803816,17.266975,54.33335,0,117054,train
97.0,132.0,134.0,121.0,137.17871,14.719612,4.0,0,117054,train
166.0,182.0,169.0,172.33333,15.556349,1.8323269,1.0,0,117054,train
23.0,35.0,31.0,29.666666,231.41402,30.481909,52.333332,0,117054,train
179.0,197.0,181.0,185.66667,1.3332977,0.6584784,1.0000153,0,117054,train
190.0,207.0,189.0,195.33333,23.537218,2.4334903,1.666687,0,117054,train
212.0,224.0,200.0,212.0,10.381604,1.2716869,2.3333282,0,117054,train
165.0,185.0,174.0,174.66667,11.313708,1.1965119,4.0,0,117054,train
176.0,194.0,180.0,183.33333,178.371,22.399908,67.66666,0,117054,train
92.0,109.0,99.0,100.0,256.777,27.935019,11.333321,0,117054,train
125.0,142.0,136.0,134.33333,295.05252,31.671192,21.000008,0,117054,train
227.0,237.0,210.0,224.66667,31.457172,5.226136,13.6666565,0,117054,train
152.0,173.0,166.0,163.66667,7.7316294,0.95504415,1.6666718,0,117054,train
16.0,27.0,29.0,24.0,28.319605,2.806515,0.0,0,117054,train
107.0,132.0,126.0,121.666664,2.4036896,0.49804303,0.66667175,0,117054,train
79.0,98.0,94.0,90.333336,77.163605,15.043102,48.999992,0,117054,train
209.0,221.0,197.0,209.0,13.482479,1.4224758,0.66667175,0,117054,train
15.0,26.0,30.0,23.666666,95.22371,15.455226,66.666664,0,117054,train
114.0,126.0,112.0,117.333336,173.33331,31.153336,18.000015,0,117054,train
197.0,209.0,189.0,198.33333,15.463198,1.5474273,1.3333282,0,117054,train
105.0,130.0,124.0,119.666664,326.58264,34.11773,48.666656,0,117054,train
87.0,102.0,99.0,96.0,234.53879,33.443813,63.666668,0,117054,train
94.0,123.0,121.0,112.666664,141.69846,21.171892,68.000015,0,117054,train
117.0,134.0,128.0,126.333336,50.660107,11.594972,49.333336,0,117054,train
190.0,198.0,174.0,187.33333,226.13368,27.714293,38.666702,0,117054,train
9.0,11.0,10.0,10.0,4.4721375,0.82818025,3.666666,0,117054,train
54.0,73.0,69.0,65.333336,312.4146,34.660618,69.999985,0,117054,train
228.0,242.0,209.0,226.33333,22.75472,2.384029,0.33329773,0,117054,train
42.0,48.0,46.0,45.333332,195.12276,21.437315,26.666664,0,117054,train
182.0,199.0,181.0,187.33333,7.071068,0.875,0.0,0,117054,train
63.0,83.0,74.0,73.333336,55.226807,7.2537704,14.0,0,117054,train
112.0,135.0,125.0,124.0,4.0,2.7124567,12.0,0,117054,train
126.0,146.0,135.0,135.66667,517.8524,51.670155,56.666653,0,117054,train
52.0,73.0,76.0,67.0,186.70537,27.73291,103.66667,0,117054,train
64.0,82.0,84.0,76.666664,96.93181,13.767904,22.66666,0,117054,train
255.0,254.0,216.0,241.66667,6.0,0.6789238,3.0517578e-05,0,117054,train
13.0,26.0,32.0,23.666666,27.91256,4.589297,10.666668,0,117054,train
134.0,151.0,143.0,142.66667,31.127003,20.94678,79.66666,0,117054,train
22.0,31.0,30.0,27.666666,20.396078,2.1487784,3.0,0,117054,train
92.0,116.0,116.0,108.0,32.348797,7.438222,27.333336,0,117054,train
104.0,125.0,116.0,115.0,15.033297,3.4781685,14.0,0,117054,train
91.0,107.0,107.0,101.666664,431.97556,45.520977,13.333324,0,117054,train
101.0,121.0,112.0,111.333336,192.4953,28.520723,48.999992,0,117054,train
80.0,99.0,93.0,90.666664,77.69025,11.284193,32.66667,0,117054,train
218.0,225.0,194.0,212.33333,27.684723,2.83739,0.333313,0,117054,train
130.0,150.0,141.0,140.33333,66.635,8.729104,57.666687,0,117054,train
187.0,200.0,174.0,187.0,40.672123,11.17335,76.33333,0,117054,train
113.0,128.0,125.0,122.0,454.0827,50.646225,79.0,0,117054,train
61.0,74.0,67.0,67.333336,24.55379,11.408775,17.0,0,117054,train
78.0,94.0,91.0,87.666664,49.683445,5.8431234,4.0000076,0,117054,train
174.0,189.0,166.0,176.33333,211.88307,28.840618,92.000015,0,117054,train
182.0,195.0,178.0,185.0,25.51255,2.556395,0.66667175,0,117054,train
47.0,64.0,71.0,60.666668,192.66551,21.49368,22.333342,0,117054,train
94.0,111.0,103.0,102.666664,32.826138,4.1991444,8.0,0,117054,train
139.0,173.0,174.0,162.0,60.075886,6.373468,17.666672,0,117054,train
199.0,218.0,198.0,205.0,31.13053,3.0910656,0.33332825,0,117054,train
4.0,19.0,16.0,13.0,345.13123,38.761097,131.66667,0,117054,train
102.0,131.0,127.0,120.0,116.794235,19.795488,66.99999,0,117054,train
120.0,142.0,130.0,130.66667,14.907124,4.1289043,10.000015,0,117054,train
214.0,226.0,202.0,214.0,7.0079136,1.1541365,0.33332825,0,117054,train
166.0,186.0,175.0,175.66667,8.246211,0.95504415,2.0,0,117054,train
186.0,199.0,179.0,188.0,7.211098,1.2546787,0.6666565,0,117054,train
198.0,210.0,190.0,199.33333,105.32594,14.153594,38.000015,0,117054,train
131.0,154.0,144.0,143.0,12.692954,1.9857893,6.6666718,0,117054,train
45.0,59.0,59.0,54.333332,149.4055,19.690811,33.000004,0,117054,train
75.0,92.0,86.0,84.333336,61.46544,8.229733,14.0,0,117054,train
150.0,166.0,163.0,159.66667,107.898125,21.540682,143.00002,0,117054,train
185.0,201.0,191.0,192.33333,63.711132,15.712318,36.66664,0,117054,train
100.0,84.0,51.0,78.333336,435.97375,46.265675,78.99998,1,118020,train
86.0,108.0,105.0,99.666664,61.537704,16.792448,2.6666794,1,118020,train
34.0,22.0,10.0,22.0,88.98564,9.13337,3.999999,1,118020,train
61.0,38.0,7.0,35.333332,16.124523,7.52791,8.666662,1,118020,train
15.0,11.0,0.0,8.666667,23.323807,5.8394113,23.666666,1,118020,train
71.0,96.0,103.0,90.0,16.606567,2.9313433,8.666664,1,118020,train
76.0,65.0,37.0,59.333332,253.6844,26.531967,2.6666737,1,118020,train
58.0,79.0,80.0,72.333336,200.63898,21.330511,12.666679,1,118020,train
106.0,122.0,111.0,113.0,62.760563,8.964121,5.6666718,1,118020,train
41.0,68.0,77.0,62.0,142.45857,15.09485,18.333336,1,118020,train
61.0,43.0,7.0,37.0,131.0106,17.56735,41.666668,1,118020,train
110.0,123.0,103.0,112.0,147.5436,16.759792,6.333336,1,118020,train
108.0,126.0,112.0,115.333336,107.49677,13.008823,42.66667,1,118020,train
128.0,111.0,83.0,107.333336,64.5325,9.532326,10.000008,1,118020,train
99.0,110.0,96.0,101.666664,130.8171,24.075544,75.00001,1,118020,train
113.0,116.0,97.0,108.666664,30.594128,4.576925,7.6666718,1,118020,train
114.0,127.0,118.0,119.666664,5.695988,1.9877555,3.9999847,1,118020,train
116.0,130.0,115.0,120.333336,17.44834,2.228193,4.3333206,1,118020,train
28.0,44.0,33.0,35.0,84.60365,20.325747,61.333336,1,118020,train
115.0,110.0,91.0,105.333336,30.67392,5.6221347,13.333328,1,118020,train
113.0,129.0,119.0,120.333336,6.0,0.73686415,4.0,1,118020,train
67.0,92.0,99.0,86.0,4.2426405,0.62850577,1.0,1,118020,train
127.0,116.0,84.0,109.0,358.89026,36.739475,5.3333282,1,118020,train
29.0,26.0,11.0,22.0,68.00817,7.383854,0.33333397,1,118020,train
60.0,45.0,16.0,40.333332,62.609913,7.6040554,13.000008,1,118020,train
83.0,96.0,86.0,88.333336,154.89925,17.094093,31.666656,1,118020,train
64.0,89.0,94.0,82.333336,101.23022,10.716427,13.666672,1,118020,train
112.0,125.0,115.0,117.333336,77.34625,22.619776,6.9999924,1,118020,train
18.0,31.0,21.0,23.333334,27.002052,6.771396,24.333332,1,118020,train
60.0,33.0,4.0,32.333332,17.074997,9.109763,2.6666698,1,118020,train
104.0,117.0,97.0,106.0,20.618229,4.6837487,0.33333588,1,118020,train
30.0,55.0,62.0,49.0,149.34523,16.12758,47.0,1,118020,train
29.0,22.0,6.0,19.0,105.190834,10.827237,3.333333,1,118020,train
92.0,105.0,96.0,97.666664,33.413223,5.0134583,10.666679,1,118020,train
155.0,121.0,84.0,120.0,163.29456,22.707355,2.0,1,118020,train
42.0,69.0,76.0,62.333332,123.335144,12.530237,4.000004,1,118020,train
41.0,31.0,6.0,26.0,379.20734,49.455303,119.666664,1,118020,train
95.0,116.0,117.0,109.333336,10.687485,1.4610838,10.000015,1,118020,train
153.0,153.0,125.0,143.66667,321.2787,32.994614,23.666687,1,118020,train
116.0,129.0,111.0,118.666664,28.32354,5.710633,8.999992,1,118020,train
115.0,123.0,112.0,116.666664,11.785114,4.6267943,4.0000153,1,118020,train
28.0,17.0,0.0,15.0,170.53966,29.535683,83.0,1,118020,train
232.0,242.0,218.0,230.66667,358.15945,47.695774,221.33336,1,118020,train
124.0,103.0,72.0,99.666664,581.52234,59.033573,19.999994,1,118020,train
158.0,111.0,91.0,120.0,8.95669,3.221934,25.333336,1,118020,train
57.0,84.0,93.0,78.0,55.908665,7.2315903,4.333336,1,118020,train
109.0,121.0,107.0,112.333336,43.903927,7.2766213,16.666656,1,118020,train
153.0,69.0,33.0,85.0,70.31674,8.146426,10.333336,1,118020,train
174.0,185.0,168.0,175.66667,423.51178,46.48536,73.00002,1,118020,train
105.0,110.0,87.0,100.666664,43.921654,12.011307,10.333321,1,118020,train
74.0,68.0,44.0,62.0,275.67172,28.891787,85.0,1,118020,train
94.0,110.0,109.0,104.333336,125.92855,16.708672,66.33334,1,118020,train
33.0,18.0,0.0,17.0,281.64008,43.09931,86.33333,1,118020,train
116.0,128.0,108.0,117.333336,35.792603,6.032788,35.000008,1,118020,train
53.0,34.0,4.0,30.333334,28.975084,10.983469,2.6666698,1,118020,train
71.0,76.0,56.0,67.666664,154.78731,18.883509,97.66667,1,118020,train
94.0,113.0,107.0,104.666664,40.005554,5.1522713,5.0000153,1,118020,train
102.0,107.0,87.0,98.666664,104.20601,11.731327,5.9999924,1,118020,train
112.0,128.0,118.0,119.333336,26.436516,3.1858146,3.0000076,1,118020,train
24.0,14.0,5.0,14.333333,75.43209,7.9953694,10.666669,1,118020,train
53.0,73.0,74.0,66.666664,125.426384,15.8618765,24.000015,1,118020,train
172.0,161.0,129.0,154.0,111.91764,16.217516,76.33333,1,118020,train
14.0,14.0,4.0,10.666667,19.235384,3.4854193,6.6666646,1,118020,train
117.0,132.0,125.0,124.666664,47.107437,5.954909,36.999992,1,118020,train
107.0,125.0,111.0,114.333336,118.5027,14.141238,29.000008,1,118020,train
116.0,127.0,110.0,117.666664,115.367065,21.150917,42.33332,1,118020,train
52.0,65.0,47.0,54.666668,269.61746,30.298563,66.66666,1,118020,train
96.0,115.0,119.0,110.0,28.362724,3.637908,15.0,1,118020,train
137.0,107.0,83.0,109.0,421.01517,44.664204,121.66667,1,118020,train
115.0,130.0,123.0,122.666664,14.802383,1.74553,7.6666565,1,118020,train
104.0,123.0,121.0,116.0,52.79941,6.5422306,14.333336,1,118020,train
84.0,48.0,22.0,51.333332,253.00021,32.86539,78.0,1,118020,train
163.0,125.0,88.0,125.333336,159.58974,19.004883,45.333344,1,118020,train
53.0,80.0,89.0,74.0,149.00336,15.405648,16.0,1,118020,train
76.0,88.0,74.0,79.333336,231.84096,26.537708,8.333328,1,118020,train
66.0,91.0,98.0,85.0,11.401754,1.1965119,0.0,1,118020,train
115.0,118.0,99.0,110.666664,17.745098,3.9382439,12.666679,1,118020,train
111.0,127.0,117.0,118.333336,30.349808,3.8998697,6.333336,1,118020,train
112.0,126.0,109.0,115.666664,126.01413,13.200231,6.3333206,1,118020,train
155.0,149.0,115.0,139.66667,215.5247,27.475752,55.66668,1,118020,train
119.0,131.0,119.0,123.0,19.002918,2.5903592,9.666672,1,118020,train
84.0,78.0,56.0,72.666664,168.00662,18.467176,4.3333244,1,118020,train
100.0,116.0,106.0,107.333336,64.749084,7.6738954,27.333328,1,118020,train
68.0,38.0,12.0,39.333332,245.67232,30.351759,61.33334,1,118020,train
93.0,115.0,113.0,107.0,25.05107,3.0755463,4.666664,1,118020,train
57.0,32.0,2.0,30.333334,267.18365,39.744587,85.33333,1,118020,train
105.0,113.0,98.0,105.333336,130.16997,14.053191,24.666672,1,118020,train
115.0,129.0,114.0,119.333336,248.64478,31.02006,58.33333,1,118020,train
104.0,121.0,102.0,109.0,197.25337,20.55946,9.666664,1,118020,train
60.0,39.0,10.0,36.333332,28.600698,3.1661549,5.333336,1,118020,train
76.0,40.0,16.0,44.0,399.35086,41.27518,114.33333,1,118020,train
7.0,18.0,10.0,11.666667,44.12356,7.1193976,30.0,1,118020,train
108.0,122.0,105.0,111.666664,65.540504,9.639346,6.0000076,1,118020,train
103.0,108.0,86.0,99.0,465.767,56.036297,128.66667,1,118020,train
34.0,28.0,14.0,25.333334,52.56953,5.87945,1.6666641,1,118020,train
104.0,109.0,89.0,100.666664,96.1307,13.09513,16.0,1,118020,train
49.0,29.0,2.0,26.666666,73.00684,19.131132,40.333336,1,118020,train
107.0,121.0,108.0,112.0,84.380104,14.603416,25.0,1,118020,train
62.0,89.0,98.0,83.0,50.343277,7.4253445,16.666664,1,118020,train
108.0,115.0,97.0,106.666664,221.45378,28.77112,87.66668,1,118020,train
154.0,108.0,82.0,114.666664,55.571762,8.035383,22.666656,1,118020,train
28.0,21.0,0.0,16.333334,417.50424,48.098183,142.33333,1,118020,train
60.0,85.0,90.0,78.333336,155.82399,16.117186,13.666676,1,118020,train
47.0,74.0,81.0,67.333336,130.06752,14.359095,9.666672,1,118020,train
116.0,129.0,122.0,122.333336,42.08457,4.8231416,4.0000153,1,118020,train
69.0,94.0,101.0,88.0,78.002846,9.660598,27.666664,1,118020,train
184.0,196.0,176.0,185.33333,407.3538,47.895454,111.66663,1,118020,train
41.0,28.0,12.0,27.0,91.29683,9.727281,14.333333,1,118020,train
97.0,109.0,99.0,101.666664,184.40173,19.006886,0.33335114,1,118020,train
89.0,102.0,92.0,94.333336,37.547,4.7088056,20.666656,1,118020,train
173.0,165.0,128.0,155.33333,169.85747,20.865688,57.999977,1,118020,train
167.0,164.0,131.0,154.0,96.63794,20.62178,73.33332,1,118020,train
173.0,182.0,161.0,172.0,478.91568,56.279903,113.99999,1,118020,train
139.0,99.0,74.0,104.0,149.34525,15.950117,29.333336,1,118020,train
106.0,115.0,94.0,105.0,41.109615,4.1833,13.999992,1,118020,train
94.0,105.0,89.0,96.0,281.37518,37.499897,129.66666,1,118020,train
118.0,130.0,120.0,122.666664,60.369225,7.003975,20.333328,1,118020,train
113.0,118.0,96.0,109.0,154.05193,18.801388,21.333336,1,118020,train
170.0,151.0,111.0,144.0,250.2181,25.49935,89.0,1,118020,train
102.0,115.0,106.0,107.666664,33.13609,4.7073536,11.6666565,1,118020,train
23.0,31.0,16.0,23.333334,17.93817,8.802521,31.333334,0,118020,train
62.0,73.0,43.0,59.333332,6.5489674,9.527676,4.3333435,0,118020,train
33.0,45.0,31.0,36.333332,173.97127,17.951239,25.33334,0,118020,train
91.0,46.0,23.0,53.333332,95.136154,11.400432,42.666664,0,118020,train
70.0,38.0,13.0,40.333332,10.022198,2.209819,5.999996,0,118020,train
85.0,106.0,91.0,94.0,14.764823,3.3591933,14.0,0,118020,train
92.0,27.0,7.0,42.0,51.908035,6.120175,16.666668,0,118020,train
133.0,133.0,105.0,123.666664,326.43158,35.21366,43.66665,0,118020,train
9.0,21.0,9.0,13.0,83.85437,23.48685,57.66666,0,118020,train
100.0,78.0,55.0,77.666664,80.84278,9.445231,1.5258789e-05,0,118020,train
102.0,98.0,61.0,87.0,229.57545,25.97343,6.3333282,0,118020,train
85.0,74.0,29.0,62.666668,182.663,37.259766,204.33334,0,118020,train
136.0,133.0,100.0,123.0,168.2802,34.063534,20.333336,0,118020,train
127.0,137.0,113.0,125.666664,158.05624,19.030197,46.33332,0,118020,train
96.0,113.0,95.0,101.333336,48.12251,6.3419795,16.333328,0,118020,train
146.0,122.0,98.0,122.0,80.3603,15.542155,65.333336,0,118020,train
88.0,105.0,86.0,93.0,76.631874,8.334088,1.0,0,118020,train
117.0,133.0,123.0,124.333336,46.23612,5.878905,0.0,0,118020,train
145.0,148.0,131.0,141.33333,302.04712,36.316345,73.000015,0,118020,train
112.0,98.0,61.0,90.333336,86.749954,14.212773,7.6666718,0,118020,train
75.0,100.0,104.0,93.0,1.4142135,0.6288941,4.0,0,118020,train
21.0,53.0,52.0,42.0,34.928497,4.1215954,26.0,0,118020,train
180.0,172.0,135.0,162.33333,71.07116,9.430357,19.333328,0,118020,train
27.0,59.0,54.0,46.666668,18.773504,3.7463849,14.333332,0,118020,train
49.0,50.0,16.0,38.333332,200.7392,29.33249,176.0,0,118020,train
55.0,20.0,0.0,25.0,120.594826,20.08323,15.666666,0,118020,train
98.0,118.0,117.0,111.0,8.944272,1.1332165,5.0,0,118020,train
43.0,26.0,0.0,23.0,129.27576,17.797749,67.66667,0,118020,train
78.0,55.0,21.0,51.333332,123.16656,19.939686,8.66666,0,118020,train
89.0,98.0,77.0,88.0,162.92056,17.370897,12.333328,0,118020,train
34.0,44.0,36.0,38.0,18.336363,3.1088843,12.333334,0,118020,train
18.0,47.0,51.0,38.666668,53.007347,6.0111794,1.9999962,0,118020,train
47.0,72.0,79.0,66.0,157.63814,16.023481,32.333332,0,118020,train
255.0,255.0,223.0,244.33333,240.11203,29.390156,82.66664,0,118020,train
48.0,20.0,6.0,24.666666,24.984442,3.1739717,3.8146973e-06,0,118020,train
63.0,93.0,101.0,85.666664,2.0,0.49657026,3.0,0,118020,train
102.0,121.0,102.0,108.333336,30.291182,5.2023506,20.0,0,118020,train
105.0,105.0,77.0,95.666664,205.34308,26.512112,5.3333206,0,118020,train
11.0,17.0,13.0,13.666667,10.381606,1.1653398,1.333334,0,118020,train
66.0,83.0,67.0,72.0,47.779587,6.306541,16.666668,0,118020,train
55.0,78.0,62.0,65.0,16.878658,2.5141203,1.3333282,0,118020,train
77.0,62.0,33.0,57.333332,361.84744,37.591522,74.0,0,118020,train
44.0,67.0,57.0,56.0,17.159386,1.9037509,5.666668,0,118020,train
31.0,44.0,27.0,34.0,66.335846,7.002646,14.666666,0,118020,train
33.0,40.0,24.0,32.333332,13.038404,4.7945585,29.0,0,118020,train
106.0,125.0,123.0,118.0,7.071068,0.73620117,0.0,0,118020,train
95.0,29.0,7.0,43.666668,8.969087,1.4297088,2.3333282,0,118020,train
31.0,56.0,52.0,46.333332,14.643926,3.4905355,15.333336,0,118020,train
20.0,29.0,12.0,20.333334,437.78357,61.472485,94.0,0,118020,train
33.0,17.0,2.0,17.333334,49.497475,6.9390836,5.999997,0,118020,train
47.0,62.0,43.0,50.666668,88.399345,10.653924,6.999996,0,118020,train
80.0,108.0,111.0,99.666664,2.9814227,0.6366109,0.0,0,118020,train
163.0,149.0,110.0,140.66667,23.016897,4.3879275,13.6666565,0,118020,train
32.0,32.0,6.0,23.333334,202.78613,28.066936,80.66666,0,118020,train
133.0,124.0,91.0,116.0,331.6655,37.533188,28.666664,0,118020,train
182.0,169.0,125.0,158.66667,99.46747,16.766375,103.66669,0,118020,train
32.0,40.0,29.0,33.666668,40.1995,8.215883,14.000006,0,118020,train
186.0,177.0,146.0,169.66667,222.05959,29.300337,106.66669,0,118020,train
27.0,21.0,5.0,17.666666,80.22192,8.049912,1.9999971,0,118020,train
85.0,77.0,54.0,72.0,149.16434,17.249802,32.333324,0,118020,train
93.0,114.0,115.0,107.333336,13.004272,2.605583,19.666672,0,118020,train
50.0,74.0,58.0,60.666668,36.715122,3.9734838,5.333332,0,118020,train
43.0,54.0,40.0,45.666668,178.35358,24.836143,16.999996,0,118020,train
33.0,59.0,50.0,47.333332,7.0079412,1.1546654,2.3333359,0,118020,train
106.0,121.0,100.0,109.0,16.552946,4.5345893,5.3333435,0,118020,train
97.0,114.0,96.0,102.333336,9.297559,1.4607495,8.666664,0,118020,train
113.0,112.0,81.0,102.0,115.86295,16.642788,8.666672,0,118020,train
91.0,115.0,117.0,107.666664,6.0,0.66658527,0.0,0,118020,train
134.0,85.0,52.0,90.333336,553.71277,56.912933,34.99999,0,118020,train
42.0,65.0,55.0,54.0,7.1956744,1.0784646,2.333332,0,118020,train
130.0,105.0,64.0,99.666664,50.237217,8.411476,18.66668,0,118020,train
114.0,105.0,74.0,97.666664,154.56464,23.898956,137.33334,0,118020,train
37.0,49.0,39.0,41.666668,131.05132,14.087915,20.666668,0,118020,train
93.0,114.0,105.0,104.0,75.036285,8.313439,7.3333282,0,118020,train
8.0,17.0,12.0,12.333333,4.666664,0.7219803,3.000002,0,118020,train
44.0,56.0,36.0,45.333332,94.115776,9.789271,32.33334,0,118020,train
51.0,69.0,55.0,58.333332,12.238378,2.76664,3.333332,0,118020,train
141.0,123.0,83.0,115.666664,12.578641,3.6752975,9.6666565,0,118020,train
90.0,105.0,84.0,93.0,24.156902,2.9248397,2.6666641,0,118020,train
63.0,33.0,9.0,35.0,13.207741,2.1886437,5.333334,0,118020,train
86.0,112.0,113.0,103.666664,4.6427975,0.9180269,1.0,0,118020,train
131.0,62.0,33.0,75.333336,415.05902,44.394142,47.99999,0,118020,train
45.0,66.0,59.0,56.666668,38.701138,4.07573,6.6666603,0,118020,train
91.0,115.0,115.0,107.0,0.0,0.47186464,2.0,0,118020,train
45.0,77.0,74.0,65.333336,24.239552,5.878988,26.000011,0,118020,train
44.0,70.0,61.0,58.333332,33.413246,3.4889963,6.666664,0,118020,train
138.0,147.0,120.0,135.0,272.74612,34.318447,91.0,0,118020,train
233.0,225.0,179.0,212.33333,98.810715,11.823242,3.666687,0,118020,train
79.0,31.0,8.0,39.333332,2.6666641,1.3768188,4.333336,0,118020,train
24.0,15.0,8.0,15.666667,5.4974747,0.6929053,1.6666679,0,118020,train
106.0,35.0,17.0,52.666668,40.584618,7.7906256,22.333336,0,118020,train
33.0,38.0,15.0,28.666666,112.49988,25.572985,149.66667,0,118020,train
105.0,62.0,27.0,64.666664,13.199325,2.5211992,9.333321,0,118020,train
60.0,78.0,62.0,66.666664,144.40991,25.658466,18.333344,0,118020,train
91.0,117.0,116.0,108.0,17.262676,2.131653,2.0,0,118020,train
212.0,153.0,119.0,161.33333,233.2976,31.734156,104.99998,0,118020,train
71.0,91.0,79.0,80.333336,105.26687,12.785986,55.66667,0,118020,train
131.0,47.0,23.0,67.0,159.53334,16.717772,8.333336,0,118020,train
65.0,33.0,20.0,39.333332,19.821417,2.7686248,17.33333,0,118020,train
133.0,136.0,107.0,125.333336,188.91328,27.577501,61.000015,0,118020,train
155.0,164.0,147.0,155.33333,209.49995,27.9955,71.333305,0,118020,train
102.0,122.0,120.0,114.666664,18.0,2.211034,6.0,0,118020,train
90.0,111.0,112.0,104.333336,4.216383,0.6480138,3.6666565,0,118020,train
36.0,61.0,55.0,50.666668,10.77034,1.7708716,9.333328,0,118020,train
72.0,100.0,104.0,92.0,4.737549,0.56682366,1.6666641,0,118020,train
90.0,90.0,64.0,81.333336,185.63107,24.193657,23.66666,0,118020,train
126.0,123.0,90.0,113.0,80.53294,14.488613,19.666672,0,118020,train
107.0,30.0,10.0,49.0,24.716166,3.2989848,9.0,0,118020,train
138.0,121.0,78.0,112.333336,34.979362,9.209476,33.66667,0,118020,train
181.0,176.0,136.0,164.33333,259.3333,32.74711,78.999985,0,118020,train
14.0,33.0,29.0,25.333334,110.861275,21.812208,107.333336,0,118020,train
43.0,69.0,56.0,56.0,13.703209,2.1829753,4.333332,0,118020,train
178.0,168.0,132.0,159.33333,151.8186,25.017494,17.666641,0,118020,train
120.0,119.0,88.0,109.0,394.61514,41.04654,95.99999,0,118020,train
72.0,89.0,70.0,77.0,32.169685,3.4929476,3.3333359,0,118020,train
48.0,56.0,45.0,49.666668,188.17545,19.989359,30.000004,0,118020,train
68.0,43.0,23.0,44.666668,56.482056,6.717296,8.000002,0,118020,train
212.0,198.0,153.0,187.66667,43.67808,12.799002,62.33336,0,118020,train
162.0,158.0,121.0,147.0,109.83625,19.128063,53.0,0,118020,train
179.0,95.0,61.0,111.666664,9.333336,9.63889,15.999992,0,118020,train
84.0,112.0,126.0,107.333336,21.989885,2.8196092,8.3333435,1,118035,train
176.0,186.0,175.0,179.0,616.15906,63.074223,16.999992,1,118035,train
96.0,114.0,124.0,111.333336,23.706549,3.3887165,16.66668,1,118035,train
130.0,129.0,109.0,122.666664,130.60968,28.932505,72.66669,1,118035,train
88.0,109.0,126.0,107.666664,22.161037,3.1653643,0.6666641,1,118035,train
93.0,112.0,118.0,107.666664,412.34424,50.811153,143.33334,1,118035,train
243.0,227.0,204.0,224.66667,336.86792,35.773975,63.00003,1,118035,train
76.0,90.0,93.0,86.333336,293.8193,48.669464,113.666664,1,118035,train
79.0,111.0,126.0,105.333336,25.551687,3.6788828,4.0000153,1,118035,train
94.0,113.0,119.0,108.666664,7.211105,6.1503778,15.000008,1,118035,train
253.0,247.0,211.0,237.0,9.357121,1.2686114,9.000015,1,118035,train
255.0,251.0,216.0,240.66667,13.148678,2.088847,1.666687,1,118035,train
251.0,254.0,233.0,246.0,538.5126,63.732964,145.33333,1,118035,train
86.0,97.0,101.0,94.666664,323.91086,42.88937,129.0,1,118035,train
90.0,109.0,126.0,108.333336,30.568693,3.622305,19.000008,1,118035,train
82.0,91.0,96.0,89.666664,229.29697,32.005005,94.000015,1,118035,train
86.0,103.0,110.0,99.666664,347.333,44.493813,112.66667,1,118035,train
96.0,110.0,121.0,109.0,97.27395,18.437765,33.33332,1,118035,train
87.0,109.0,122.0,106.0,31.752512,4.0566063,5.0,1,118035,train
186.0,70.0,57.0,104.333336,34.438362,17.39174,8.000015,1,118035,train
76.0,96.0,94.0,88.666664,167.22174,17.863783,9.333321,1,118035,train
173.0,162.0,142.0,159.0,313.77875,37.337357,82.33334,1,118035,train
170.0,122.0,100.0,130.66667,472.5764,53.49372,114.99997,1,118035,train
93.0,111.0,115.0,106.333336,89.82081,10.0506525,3.0000076,1,118035,train
163.0,164.0,148.0,158.33333,504.716,51.549828,6.666641,1,118035,train
130.0,58.0,36.0,74.666664,580.6755,68.589096,142.33334,1,118035,train
190.0,59.0,49.0,99.333336,50.181892,13.802846,30.333328,1,118035,train
64.0,82.0,86.0,77.333336,65.091385,19.41987,21.33332,1,118035,train
255.0,254.0,232.0,247.0,117.562256,14.447778,31.333328,1,118035,train
255.0,221.0,195.0,223.66667,557.7415,61.127045,106.666695,1,118035,train
82.0,104.0,118.0,101.333336,41.53178,5.0716543,16.000008,1,118035,train
189.0,72.0,62.0,107.666664,74.90735,9.0074835,4.0,1,118035,train
243.0,205.0,166.0,204.66667,487.134,51.169983,47.000023,1,118035,train
214.0,88.0,76.0,126.0,66.44128,8.347378,13.666664,1,118035,train
81.0,101.0,112.0,98.0,169.05292,36.753815,61.33333,1,118035,train
142.0,41.0,29.0,70.666664,61.452774,6.359778,1.6666527,1,118035,train
66.0,81.0,86.0,77.666664,314.05057,52.0562,142.0,1,118035,train
254.0,209.0,186.0,216.33333,598.57166,63.825386,99.99998,1,118035,train
134.0,47.0,27.0,69.333336,171.66959,25.87483,72.66666,1,118035,train
194.0,200.0,190.0,194.66667,653.1592,64.16253,92.66669,1,118035,train
82.0,97.0,94.0,91.0,481.40582,57.903103,180.66666,1,118035,train
84.0,101.0,109.0,98.0,98.41862,31.075418,11.333336,1,118035,train
127.0,73.0,49.0,83.0,550.3867,63.654354,128.33334,1,118035,train
206.0,162.0,153.0,173.66667,114.82353,21.563587,75.33336,1,118035,train
178.0,113.0,81.0,124.0,506.521,53.20863,42.666664,1,118035,train
79.0,97.0,101.0,92.333336,405.49173,51.809822,129.99998,1,118035,train
82.0,97.0,94.0,91.0,278.2237,39.44084,105.33333,1,118035,train
248.0,217.0,188.0,217.66667,541.02313,57.358624,98.33335,1,118035,train
130.0,41.0,23.0,64.666664,27.728848,9.492056,8.333328,1,118035,train
209.0,188.0,159.0,185.33333,396.9915,42.152576,46.33335,1,118035,train
60.0,79.0,77.0,72.0,278.43893,36.579178,102.333336,1,118035,train
123.0,111.0,97.0,110.333336,384.72067,52.927334,243.66666,1,118035,train
255.0,247.0,225.0,242.33333,308.73544,46.308704,120.33331,1,118035,train
119.0,131.0,119.0,123.0,566.04047,63.7334,35.33333,1,118035,train
82.0,105.0,121.0,102.666664,34.57682,4.3578906,17.000008,1,118035,train
90.0,97.0,107.0,98.0,157.09375,25.643858,75.33332,1,118035,train
202.0,65.0,55.0,107.333336,55.843033,6.8157964,3.3333511,1,118035,train
66.0,81.0,84.0,77.0,179.33334,25.662169,90.00001,1,118035,train
199.0,103.0,87.0,129.66667,65.67428,8.479179,32.000023,1,118035,train
176.0,65.0,54.0,98.333336,205.13898,28.869402,64.66666,1,118035,train
121.0,135.0,135.0,130.33333,133.47491,15.152738,41.66665,1,118035,train
156.0,161.0,141.0,152.66667,476.6972,49.26029,57.666687,1,118035,train
253.0,252.0,224.0,243.0,143.24649,22.060375,74.66667,1,118035,train
246.0,250.0,225.0,240.33333,393.84402,43.990013,136.99997,1,118035,train
81.0,100.0,106.0,95.666664,182.60643,39.716118,51.000023,1,118035,train
87.0,109.0,130.0,108.666664,17.492867,3.2952085,1.6666565,1,118035,train
85.0,112.0,129.0,108.666664,8.969086,2.100967,6.6666565,1,118035,train
100.0,35.0,13.0,49.333332,132.99457,32.283005,51.66667,1,118035,train
98.0,118.0,127.0,114.333336,49.553566,5.92004,11.666672,1,118035,train
90.0,85.0,56.0,77.0,68.26418,11.655998,63.0,1,118035,train
214.0,176.0,167.0,185.66667,201.62067,28.2755,116.33334,1,118035,train
146.0,156.0,148.0,150.0,427.79538,42.242718,53.000008,1,118035,train
219.0,164.0,144.0,175.66667,558.3189,57.552658,8.666664,1,118035,train
255.0,247.0,220.0,240.66667,622.7539,71.36914,177.33334,1,118035,train
90.0,114.0,126.0,110.0,11.333328,2.4935462,10.333336,1,118035,train
156.0,59.0,43.0,86.0,194.59647,20.498571,21.0,1,118035,train
59.0,76.0,84.0,73.0,132.1859,21.044943,74.0,1,118035,train
128.0,110.0,90.0,109.333336,347.63486,38.34315,18.000011,1,118035,train
255.0,248.0,219.0,240.66667,3.8005857,2.473295,2.6666718,1,118035,train
233.0,177.0,154.0,188.0,555.1256,57.689667,2.9999924,1,118035,train
88.0,96.0,109.0,97.666664,112.12691,21.150341,47.333344,1,118035,train
198.0,147.0,120.0,155.0,320.62473,39.597633,86.333336,1,118035,train
203.0,163.0,161.0,175.66667,287.52316,32.623833,111.33334,1,118035,train
75.0,94.0,109.0,92.666664,17.950546,4.094585,16.999985,1,118035,train
146.0,148.0,127.0,140.33333,210.60179,27.686089,88.999985,1,118035,train
254.0,207.0,181.0,214.0,209.05075,26.85908,76.33334,1,118035,train
74.0,95.0,100.0,89.666664,169.10222,36.83956,57.000015,1,118035,train
255.0,218.0,186.0,219.66667,201.7132,24.160837,2.3333282,1,118035,train
132.0,143.0,139.0,138.0,620.88416,65.01679,69.000015,1,118035,train
82.0,110.0,122.0,104.666664,40.06938,5.2917795,12.666664,1,118035,train
88.0,104.0,117.0,103.0,38.160492,4.239187,4.6666718,1,118035,train
255.0,255.0,243.0,251.0,476.35303,57.74469,184.66667,1,118035,train
206.0,147.0,131.0,161.33333,513.9256,53.19703,50.00003,1,118035,train
188.0,81.0,65.0,111.333336,188.07565,29.299671,68.66666,1,118035,train
197.0,69.0,60.0,108.666664,74.963684,9.213187,16.666656,1,118035,train
72.0,88.0,85.0,81.666664,373.9783,51.188103,192.00002,1,118035,train
138.0,125.0,108.0,123.666664,139.64557,23.57201,80.0,1,118035,train
255.0,254.0,234.0,247.66667,241.35036,42.74712,118.33336,1,118035,train
199.0,71.0,62.0,110.666664,46.033794,5.470446,8.6666565,1,118035,train
248.0,242.0,218.0,236.0,49.587204,12.14946,37.33333,1,118035,train
231.0,215.0,181.0,209.0,297.47528,38.905685,110.66667,1,118035,train
88.0,107.0,121.0,105.333336,35.35849,4.2756577,11.333336,1,118035,train
87.0,109.0,120.0,105.333336,106.36833,31.425833,0.33332062,1,118035,train
253.0,255.0,242.0,250.0,494.4892,57.410698,201.66666,1,118035,train
188.0,88.0,73.0,116.333336,23.194826,9.5767355,31.666656,1,118035,train
192.0,65.0,56.0,104.333336,12.45437,3.5571506,10.999985,1,118035,train
202.0,65.0,59.0,108.666664,30.64129,4.789413,8.666664,1,118035,train
254.0,255.0,241.0,250.0,437.91348,55.185696,168.33333,1,118035,train
144.0,47.0,28.0,73.0,30.731825,4.8660774,7.666664,1,118035,train
154.0,41.0,35.0,76.666664,66.89461,7.5791078,12.66666,1,118035,train
253.0,249.0,212.0,238.0,4.216354,1.1110243,7.0,1,118035,train
101.0,112.0,104.0,105.666664,640.21747,70.10317,120.33334,1,118035,train
185.0,90.0,70.0,115.0,434.90817,52.805954,124.333336,1,118035,train
202.0,212.0,201.0,205.0,668.87964,67.82655,131.66667,1,118035,train
78.0,93.0,88.0,86.333336,526.1086,61.338917,253.66666,1,118035,train
72.0,82.0,91.0,81.666664,149.54524,29.195562,50.333344,1,118035,train
184.0,90.0,78.0,117.333336,545.47595,59.81459,109.999985,1,118035,train
88.0,114.0,131.0,111.0,25.104225,3.691867,28.333336,1,118035,train
214.0,86.0,77.0,125.666664,53.84958,7.2519526,10.999992,1,118035,train
255.0,251.0,226.0,244.0,68.58892,9.20725,9.0,1,118035,train
255.0,247.0,211.0,237.66667,16.09004,2.0520568,1.3333588,0,118035,train
68.0,99.0,119.0,95.333336,4.472136,0.49607837,2.0,0,118035,train
60.0,91.0,111.0,87.333336,2.0,0.4157542,0.0,0,118035,train
255.0,255.0,229.0,246.33333,2.1082013,0.2795085,0.66667175,0,118035,train
171.0,162.0,145.0,159.33333,145.67238,14.762376,3.333313,0,118035,train
255.0,254.0,223.0,244.0,2.403664,0.5448624,2.3333282,0,118035,train
255.0,254.0,215.0,241.33333,5.906669,0.70986354,1.5258789e-05,0,118035,train
254.0,249.0,211.0,238.0,1.4142135,0.31868872,0.0,0,118035,train
99.0,122.0,138.0,119.666664,53.74838,8.89923,27.999985,0,118035,train
111.0,96.0,75.0,94.0,42.80187,7.7043767,38.0,0,118035,train
61.0,89.0,111.0,87.0,5.5176463,0.88581485,0.33332825,0,118035,train
255.0,254.0,215.0,241.33333,28.323505,3.0866396,0.33332825,0,118035,train
58.0,89.0,107.0,84.666664,4.472136,0.7609872,4.666687,0,118035,train
255.0,254.0,223.0,244.0,1.4142351,0.39031237,0.33332825,0,118035,train
75.0,106.0,126.0,102.333336,3.1622777,0.5659616,0.0,0,118035,train
65.0,96.0,116.0,92.333336,3.0184593,0.47186464,0.66667175,0,118035,train
114.0,118.0,103.0,111.666664,272.88623,38.87568,133.66669,0,118035,train
255.0,244.0,206.0,235.0,7.0079327,2.8256636,5.0000153,0,118035,train
244.0,235.0,196.0,225.0,89.14906,12.140293,23.666672,0,118035,train
210.0,88.0,73.0,123.666664,22.676487,4.784619,26.000023,0,118035,train
254.0,250.0,212.0,238.66667,7.9999695,0.91001374,2.3333282,0,118035,train
61.0,92.0,112.0,88.333336,4.2426405,0.5672542,0.0,0,118035,train
56.0,87.0,107.0,83.333336,6.7986846,1.0861342,1.0000076,0,118035,train
183.0,181.0,156.0,173.33333,7.774641,7.1758056,55.66664,0,118035,train
68.0,99.0,117.0,94.666664,5.656854,0.6846532,2.0,0,118035,train
65.0,96.0,116.0,92.333336,0.0,0.4157542,0.0,0,118035,train
255.0,253.0,215.0,241.0,5.5176325,1.0383279,3.3333282,0,118035,train
80.0,107.0,118.0,101.666664,361.03464,39.809666,76.33332,0,118035,train
206.0,82.0,74.0,120.666664,14.552591,2.2902222,18.000015,0,118035,train
66.0,97.0,117.0,93.333336,4.2426405,0.68536603,1.0,0,118035,train
62.0,90.0,111.0,87.666664,6.0,0.62850577,0.0,0,118035,train
255.0,255.0,225.0,245.0,9.055402,1.6571342,8.666672,0,118035,train
254.0,254.0,216.0,241.33333,3.0517578e-05,0.1875,0.33332825,0,118035,train
252.0,249.0,208.0,236.33333,5.374866,1.2358575,12.666687,0,118035,train
64.0,94.0,118.0,92.0,2.4037066,0.73686415,2.3333359,0,118035,train
72.0,103.0,124.0,99.666664,9.614809,1.3143588,1.3333359,0,118035,train
132.0,132.0,122.0,128.66667,38.534245,5.5357504,10.666634,0,118035,train
70.0,101.0,119.0,96.666664,5.0990195,0.66658527,3.0,0,118035,train
248.0,238.0,203.0,229.66667,39.001408,4.4471726,23.666656,0,118035,train
74.0,105.0,125.0,101.333336,2.0,0.7856128,0.0,0,118035,train
210.0,87.0,79.0,125.333336,2.4036896,1.1965119,0.66667175,0,118035,train
255.0,250.0,212.0,239.0,9.055386,1.6488632,5.3333282,0,118035,train
254.0,250.0,212.0,238.66667,12.684204,1.9565595,0.66667175,0,118035,train
252.0,255.0,223.0,243.33333,1.9999847,0.6281172,3.666687,0,118035,train
254.0,244.0,208.0,235.33333,17.088007,2.4693432,4.0,0,118035,train
82.0,111.0,127.0,106.666664,7.1956754,0.99559575,4.6666565,0,118035,train
253.0,243.0,207.0,234.33333,26.195852,3.6389816,4.0,0,118035,train
67.0,98.0,118.0,94.333336,1.4142135,0.49607837,2.0,0,118035,train
255.0,255.0,219.0,243.0,3.887289,0.6434769,2.6666718,0,118035,train
64.0,95.0,115.0,91.333336,1.4142135,0.3125,0.0,0,118035,train
201.0,73.0,64.0,112.666664,21.954498,3.2999468,6.0,0,118035,train
255.0,255.0,224.0,244.66667,1.8856109,0.5448624,4.6667023,0,118035,train
67.0,98.0,118.0,94.333336,2.828427,0.47186464,1.0,0,118035,train
108.0,108.0,100.0,105.333336,56.26919,7.47339,52.999985,0,118035,train
215.0,81.0,70.0,122.0,14.015855,2.1997426,0.33333588,0,118035,train
64.0,95.0,113.0,90.666664,6.9601946,1.1667596,6.0000153,0,118035,train
252.0,239.0,204.0,231.66667,3.800575,1.9635347,11.333328,0,118035,train
62.0,93.0,113.0,89.333336,4.472136,0.8312147,0.0,0,118035,train
59.0,83.0,93.0,78.333336,211.93814,23.20375,33.666676,0,118035,train
255.0,252.0,212.0,239.66667,16.865513,1.9445436,1.666687,0,118035,train
68.0,97.0,115.0,93.333336,9.475122,1.04302,2.0000076,0,118035,train
67.0,98.0,118.0,94.333336,4.0,0.47186464,1.0,0,118035,train
62.0,89.0,108.0,86.333336,11.479459,1.3470163,1.9999924,0,118035,train
200.0,82.0,72.0,118.0,13.7032,2.994298,7.0,0,118035,train
69.0,95.0,108.0,90.666664,132.73618,16.922806,45.666656,0,118035,train
253.0,255.0,247.0,251.66667,107.60525,34.420483,125.000015,0,118035,train
255.0,255.0,221.0,243.66667,1.0541054,0.375,0.66667175,0,118035,train
246.0,233.0,198.0,225.66667,41.44608,7.3418217,3.3333435,0,118035,train
69.0,98.0,116.0,94.333336,7.071068,0.7862341,1.0,0,118035,train
62.0,93.0,113.0,89.333336,4.0,0.4708287,1.0,0,118035,train
78.0,109.0,130.0,105.666664,3.3333435,0.73686415,0.33333588,0,118035,train
79.0,109.0,133.0,107.0,4.0551734,1.1327856,4.333336,0,118035,train
162.0,156.0,132.0,150.0,346.6981,38.166115,52.666656,0,118035,train
72.0,104.0,125.0,100.333336,1.0540861,0.60837257,3.3333282,0,118035,train
255.0,255.0,234.0,248.0,147.37103,19.000309,37.66667,0,118035,train
67.0,98.0,118.0,94.333336,8.0,0.81669587,0.0,0,118035,train
253.0,254.0,220.0,242.33333,9.067643,1.0933034,2.666687,0,118035,train
255.0,255.0,217.0,242.33333,10.540919,1.4142135,5.666641,0,118035,train
96.0,95.0,67.0,86.0,204.39287,24.84825,149.0,0,118035,train
255.0,255.0,229.0,246.33333,8.692259,0.9601432,1.333313,0,118035,train
255.0,255.0,229.0,246.33333,3.8005722,0.42389563,1.6666565,0,118035,train
64.0,95.0,115.0,91.333336,4.0,0.5659616,1.0,0,118035,train
61.0,92.0,112.0,88.333336,2.4036896,0.4975526,0.33332825,0,118035,train
255.0,254.0,224.0,244.33333,4.737551,0.903552,1.6666718,0,118035,train
131.0,118.0,101.0,116.666664,217.88885,28.7162,106.66666,0,118035,train
46.0,46.0,18.0,36.666668,31.446606,5.6344757,15.66666,0,118035,train
255.0,248.0,211.0,238.0,2.6666718,0.41926274,2.0000153,0,118035,train
60.0,91.0,111.0,87.333336,5.0990195,0.62850577,1.0,0,118035,train
68.0,99.0,119.0,95.333336,2.0,0.6673174,2.0,0,118035,train
255.0,255.0,227.0,245.66667,2.666626,0.31868872,0.6666565,0,118035,train
255.0,248.0,209.0,237.33333,11.822757,1.2808689,5.3333282,0,118035,train
254.0,244.0,208.0,235.33333,4.346146,1.0038986,8.0000305,0,118035,train
203.0,183.0,156.0,180.66667,195.64369,25.047611,70.66664,0,118035,train
220.0,164.0,139.0,174.33333,38.818653,4.8458667,13.666687,0,118035,train
61.0,89.0,110.0,86.666664,8.393099,1.0539639,1.3333282,0,118035,train
64.0,95.0,115.0,91.333336,10.770329,1.0995382,1.0,0,118035,train
142.0,143.0,127.0,137.33333,32.744816,4.0119452,21.33332,0,118035,train
251.0,241.0,205.0,232.33333,21.715336,3.5625,3.0,0,118035,train
62.0,93.0,113.0,89.333336,4.2426405,0.5659616,0.0,0,118035,train
255.0,251.0,214.0,240.0,8.432747,0.99412334,3.3333282,0,118035,train
195.0,188.0,162.0,181.66667,298.45007,30.224033,62.666656,0,118035,train
68.0,99.0,119.0,95.333336,4.2426405,0.66658527,4.0,0,118035,train
67.0,95.0,116.0,92.666664,5.7542458,0.81669587,3.3333282,0,118035,train
255.0,255.0,229.0,246.33333,0.0,0.0,0.0,0,118035,train
83.0,102.0,116.0,100.333336,52.419247,7.6010766,32.33333,0,118035,train
255.0,255.0,227.0,245.66667,4.853391,0.6281172,1.5258789e-05,0,118035,train
77.0,105.0,126.0,102.666664,5.7542458,0.875,2.6666718,0,118035,train
209.0,77.0,73.0,119.666664,10.381622,1.7497209,2.6666718,0,118035,train
247.0,242.0,202.0,230.33333,11.005037,2.4534733,15.000015,0,118035,train
255.0,250.0,210.0,238.33333,11.401784,1.1675963,1.5258789e-05,0,118035,train
253.0,251.0,213.0,239.0,7.8457294,2.6933076,11.0,0,118035,train
253.0,255.0,227.0,245.0,5.7542033,0.6155536,1.6666718,0,118035,train
70.0,101.0,122.0,97.666664,7.2111025,1.3147303,3.0,0,118035,train
253.0,253.0,217.0,241.0,12.649111,1.416973,5.3333435,0,118035,train
66.0,97.0,117.0,93.333336,4.2426405,0.49804303,2.0,0,118035,train
60.0,91.0,112.0,87.666664,4.8073916,0.6558779,0.33332825,0,118035,train
61.0,89.0,110.0,86.666664,7.318177,0.84663856,1.3333282,0,118035,train
192.0,187.0,165.0,181.33333,384.9075,39.38006,53.000015,0,118035,train
217.0,85.0,73.0,125.0,0.0,1.8856468,7.0,0,118035,train
253.0,240.0,205.0,232.66667,25.99572,3.826307,6.0,0,118035,train
104.0,129.0,46.0,93.0,22.15602,4.231001,8.0,1,12003,train
114.0,83.0,29.0,75.333336,63.46478,7.7715487,33.999985,1,12003,train
100.0,138.0,29.0,89.0,38.853,5.024549,21.999992,1,12003,train
151.0,124.0,69.0,114.666664,184.39087,21.761784,25.000015,1,12003,train
81.0,83.0,33.0,65.666664,41.75058,8.87654,4.6666565,1,12003,train
52.0,41.0,9.0,34.0,152.86667,22.402054,42.666664,1,12003,train
62.0,38.0,12.0,37.333332,274.3092,34.284496,72.333336,1,12003,train
96.0,88.0,26.0,70.0,234.51605,25.036156,76.0,1,12003,train
114.0,160.0,35.0,103.0,21.545826,3.3071892,6.0,1,12003,train
109.0,74.0,36.0,73.0,25.841398,8.777218,23.666664,1,12003,train
101.0,116.0,31.0,82.666664,71.70927,7.514829,23.000008,1,12003,train
103.0,87.0,35.0,75.0,88.629074,9.713699,13.333332,1,12003,train
55.0,49.0,17.0,40.333332,58.681816,6.9562583,9.33334,1,12003,train
132.0,108.0,60.0,100.0,142.20566,16.706684,27.666672,1,12003,train
53.0,36.0,16.0,35.0,146.87334,26.82489,36.000004,1,12003,train
83.0,66.0,36.0,61.666668,382.7851,40.35552,50.666664,1,12003,train
171.0,170.0,77.0,139.33333,142.16737,17.286871,46.666687,1,12003,train
100.0,76.0,16.0,64.0,80.17343,11.433935,25.333332,1,12003,train
133.0,153.0,38.0,108.0,184.03502,22.43454,60.666664,1,12003,train
114.0,136.0,36.0,95.333336,5.656854,4.6633754,24.333328,1,12003,train
196.0,216.0,117.0,176.33333,397.4256,39.64592,9.333359,1,12003,train
99.0,110.0,42.0,83.666664,452.41006,51.815666,139.33334,1,12003,train
172.0,135.0,82.0,129.66667,90.669136,10.148218,7.6666718,1,12003,train
61.0,49.0,11.0,40.333332,44.43222,7.922114,4.000004,1,12003,train
97.0,121.0,45.0,87.666664,39.035587,4.088558,14.999992,1,12003,train
81.0,80.0,32.0,64.333336,230.90594,23.01284,10.333349,1,12003,train
116.0,82.0,21.0,73.0,128.78319,13.835882,14.000008,1,12003,train
121.0,77.0,28.0,75.333336,77.74602,8.039636,18.333328,1,12003,train
149.0,99.0,50.0,99.333336,140.19827,15.842671,15.333336,1,12003,train
108.0,127.0,38.0,91.0,25.965794,6.444474,3.3333282,1,12003,train
155.0,156.0,62.0,124.333336,201.51648,21.48855,30.666664,1,12003,train
125.0,82.0,40.0,82.333336,95.48239,9.80187,1.0000153,1,12003,train
124.0,143.0,36.0,101.0,19.60725,2.1321113,5.3333282,1,12003,train
93.0,104.0,44.0,80.333336,146.1202,17.965515,19.000004,1,12003,train
100.0,119.0,40.0,86.333336,96.3904,9.857134,0.33333588,1,12003,train
60.0,39.0,10.0,36.333332,152.49991,20.050547,50.000008,1,12003,train
141.0,134.0,64.0,113.0,483.0275,49.04747,111.333336,1,12003,train
158.0,167.0,60.0,128.33333,99.96555,18.272568,8.000015,1,12003,train
146.0,146.0,72.0,121.333336,430.7371,45.654915,80.66666,1,12003,train
75.0,91.0,28.0,64.666664,109.305885,12.732237,21.66668,1,12003,train
180.0,165.0,80.0,141.66667,134.47842,22.740726,21.333313,1,12003,train
114.0,152.0,39.0,101.666664,57.569283,6.3111076,3.6666489,1,12003,train
53.0,41.0,17.0,37.0,46.65953,6.6648183,6.999998,1,12003,train
93.0,85.0,46.0,74.666664,230.51631,23.190111,14.333324,1,12003,train
49.0,42.0,24.0,38.333332,22.558567,2.661025,6.999996,1,12003,train
59.0,48.0,20.0,42.333332,162.01234,17.292294,18.33334,1,12003,train
69.0,81.0,35.0,61.666668,100.21866,10.773774,20.000008,1,12003,train
94.0,65.0,35.0,64.666664,479.204,49.451317,76.000015,1,12003,train
42.0,43.0,25.0,36.666668,4.71405,2.6063325,12.666672,1,12003,train
82.0,57.0,26.0,55.0,187.37012,19.243372,12.333332,1,12003,train
165.0,176.0,72.0,137.66667,217.16556,22.60639,14.999977,1,12003,train
118.0,143.0,42.0,101.0,33.122658,5.9540067,7.6666718,1,12003,train
219.0,218.0,174.0,203.66667,628.56525,66.31465,114.33336,1,12003,train
99.0,79.0,29.0,69.0,285.11597,30.384363,46.666668,1,12003,train
38.0,36.0,13.0,29.0,118.869675,22.257195,37.0,1,12003,train
71.0,103.0,38.0,70.666664,119.40036,12.005268,4.0000114,1,12003,train
54.0,43.0,23.0,40.0,0.66666794,1.4552655,12.333336,1,12003,train
129.0,111.0,39.0,93.0,32.503002,10.92173,26.333328,1,12003,train
145.0,113.0,74.0,110.666664,225.13454,25.251373,60.333317,1,12003,train
87.0,113.0,39.0,79.666664,51.488945,7.471953,20.66668,1,12003,train
49.0,41.0,28.0,39.333332,2.748733,1.4297088,9.333328,1,12003,train
122.0,63.0,19.0,68.0,143.28294,15.845707,34.000008,1,12003,train
120.0,147.0,42.0,103.0,82.49713,8.882094,10.333328,1,12003,train
102.0,110.0,33.0,81.666664,221.63934,25.370901,31.333344,1,12003,train
86.0,109.0,31.0,75.333336,35.216793,4.3829727,4.3333282,1,12003,train
156.0,169.0,64.0,129.66667,226.29625,29.33408,70.999985,1,12003,train
100.0,129.0,39.0,89.333336,43.461346,5.6659102,3.6666565,1,12003,train
97.0,101.0,66.0,88.0,401.21066,39.80821,40.666676,1,12003,train
121.0,149.0,46.0,105.333336,77.048325,7.732339,15.000008,1,12003,train
101.0,130.0,46.0,92.333336,28.944384,3.822349,2.6666718,1,12003,train
80.0,79.0,23.0,60.666668,228.44499,36.46413,114.99999,1,12003,train
58.0,39.0,7.0,34.666668,129.15538,21.05138,48.66666,1,12003,train
120.0,79.0,35.0,78.0,71.29438,8.743916,13.666664,1,12003,train
233.0,201.0,118.0,184.0,233.62888,24.140821,27.0,1,12003,train
126.0,124.0,47.0,99.0,173.43907,25.829424,38.33333,1,12003,train
39.0,43.0,18.0,33.333332,24.156897,4.6268206,17.666676,1,12003,train
92.0,68.0,34.0,64.666664,98.681305,10.793222,12.333321,1,12003,train
255.0,242.0,187.0,228.0,443.5646,50.484024,187.33331,1,12003,train
97.0,104.0,37.0,79.333336,139.14423,15.369362,3.6666794,1,12003,train
125.0,132.0,39.0,98.666664,299.35782,38.547707,150.0,1,12003,train
108.0,146.0,35.0,96.333336,30.612263,4.47159,3.6666794,1,12003,train
110.0,135.0,44.0,96.333336,312.36908,33.175697,42.33334,1,12003,train
130.0,137.0,41.0,102.666664,84.05818,22.031649,41.666687,1,12003,train
55.0,42.0,10.0,35.666668,19.00292,7.3323965,20.66666,1,12003,train
114.0,82.0,43.0,79.666664,137.17548,15.174683,23.999992,1,12003,train
68.0,44.0,18.0,43.333332,143.39146,14.789052,22.666676,1,12003,train
53.0,65.0,27.0,48.333332,3.4318702,0.9572146,1.0000038,1,12003,train
58.0,42.0,8.0,36.0,84.80698,17.439453,28.333332,1,12003,train
77.0,49.0,28.0,51.333332,36.374596,6.7770543,1.0000076,1,12003,train
138.0,141.0,52.0,110.333336,152.28993,26.795977,26.666656,1,12003,train
120.0,135.0,44.0,99.666664,92.20749,10.106127,27.33332,1,12003,train
51.0,43.0,20.0,38.0,49.750484,6.01189,5.0,1,12003,train
133.0,140.0,47.0,106.666664,35.483974,6.0242023,16.666656,1,12003,train
122.0,148.0,39.0,103.0,67.88881,7.6207085,2.3333359,1,12003,train
118.0,143.0,39.0,100.0,23.935106,4.3131795,4.3333282,1,12003,train
146.0,125.0,78.0,116.333336,232.2092,25.132618,45.66667,1,12003,train
68.0,79.0,19.0,55.333332,15.54921,8.979795,23.33334,1,12003,train
143.0,110.0,69.0,107.333336,582.79065,59.48415,4.0000114,1,12003,train
155.0,163.0,64.0,127.333336,102.67209,16.841343,5.3333206,1,12003,train
76.0,47.0,29.0,50.666668,95.19687,9.697915,2.3333282,1,12003,train
152.0,176.0,64.0,130.66667,49.85534,11.153405,11.6666565,1,12003,train
105.0,112.0,32.0,83.0,46.37289,4.7738914,10.6666565,1,12003,train
54.0,49.0,27.0,43.333332,14.764823,2.8055687,19.333332,1,12003,train
165.0,178.0,47.0,130.0,38.30288,4.4415693,5.6666565,1,12003,train
108.0,86.0,37.0,77.0,234.29564,25.118692,23.0,1,12003,train
40.0,47.0,14.0,33.666668,56.586212,7.0360575,6.6666603,1,12003,train
76.0,107.0,27.0,70.0,15.606284,3.0203574,8.666664,1,12003,train
81.0,76.0,10.0,55.666668,69.213036,12.868779,43.999992,1,12003,train
136.0,132.0,35.0,101.0,170.47711,19.18101,69.333336,1,12003,train
109.0,149.0,34.0,97.333336,26.93613,4.0764184,8.000008,1,12003,train
56.0,41.0,18.0,38.333332,67.73806,9.0737,14.666672,1,12003,train
148.0,164.0,57.0,123.0,64.16992,8.125481,9.666664,1,12003,train
190.0,166.0,76.0,144.0,153.16585,20.17637,62.33333,1,12003,train
111.0,79.0,41.0,77.0,93.61505,10.570194,32.000004,1,12003,train
66.0,47.0,17.0,43.333332,105.633545,11.610027,8.33334,1,12003,train
67.0,51.0,17.0,45.0,311.15125,39.25272,60.66666,1,12003,train
113.0,62.0,17.0,64.0,125.99117,14.988065,54.0,1,12003,train
154.0,164.0,65.0,127.666664,115.77756,20.177193,48.000008,1,12003,train
140.0,99.0,47.0,95.333336,137.03607,14.276771,10.3333435,1,12003,train
65.0,66.0,32.0,54.333332,484.38232,62.269917,44.66667,1,12003,train
51.0,86.0,18.0,51.666668,43.82288,5.2605457,26.999996,0,12003,train
99.0,143.0,68.0,103.333336,69.77106,11.793594,85.000015,0,12003,train
44.0,70.0,31.0,48.333332,94.29975,10.498686,7.666664,0,12003,train
29.0,44.0,23.0,32.0,115.37859,14.463236,37.0,0,12003,train
90.0,125.0,35.0,83.333336,19.646893,2.188839,8.000015,0,12003,train
255.0,221.0,139.0,205.0,42.544094,4.4498067,10.3333435,0,12003,train
54.0,74.0,25.0,51.0,47.121593,6.446368,21.0,0,12003,train
59.0,68.0,37.0,54.666668,93.77158,12.399174,13.333324,0,12003,train
59.0,92.0,21.0,57.333332,42.62759,9.11172,13.666672,0,12003,train
28.0,54.0,25.0,35.666668,39.001427,3.9745283,4.66667,0,12003,train
83.0,116.0,25.0,74.666664,56.505665,6.1726465,12.333336,0,12003,train
25.0,33.0,18.0,25.333334,15.441648,2.9443798,3.666668,0,12003,train
249.0,215.0,143.0,202.33333,44.33458,6.2932878,18.0,0,12003,train
55.0,86.0,52.0,64.333336,178.28941,18.593395,7.0000076,0,12003,train
114.0,163.0,35.0,104.0,40.957977,4.8749,26.333328,0,12003,train
94.0,103.0,48.0,81.666664,111.28543,27.632935,117.33333,0,12003,train
96.0,142.0,52.0,96.666664,43.537975,4.784415,9.666679,0,12003,train
68.0,87.0,41.0,65.333336,188.09987,19.633333,6.6666565,0,12003,train
255.0,217.0,152.0,208.0,41.346786,4.742593,1.3333282,0,12003,train
135.0,160.0,33.0,109.333336,135.47366,13.89392,0.9999924,0,12003,train
70.0,108.0,33.0,70.333336,33.757298,4.206928,10.000015,0,12003,train
144.0,190.0,56.0,130.0,26.14915,4.956057,26.666664,0,12003,train
255.0,208.0,134.0,199.0,27.333328,3.6933217,4.3333282,0,12003,train
122.0,154.0,31.0,102.333336,43.091633,5.0357122,3.666687,0,12003,train
49.0,91.0,19.0,53.0,93.06866,12.634897,29.666664,0,12003,train
53.0,65.0,25.0,47.666668,55.379505,6.6384187,8.999992,0,12003,train
71.0,101.0,27.0,66.333336,62.153923,10.666646,48.33332,0,12003,train
76.0,99.0,27.0,67.333336,211.93814,21.33938,24.666653,0,12003,train
190.0,175.0,118.0,161.0,121.9517,29.60896,109.33333,0,12003,train
156.0,52.0,23.0,77.0,40.02222,5.046609,5.3333282,0,12003,train
138.0,129.0,72.0,113.0,299.8685,31.303423,53.0,0,12003,train
211.0,145.0,85.0,147.0,185.80576,23.448248,13.000008,0,12003,train
32.0,58.0,19.0,36.333332,31.019709,3.6854966,14.333336,0,12003,train
109.0,159.0,46.0,104.666664,10.4136715,8.246922,32.333344,0,12003,train
65.0,82.0,30.0,59.0,17.38454,2.7576687,18.333328,0,12003,train
93.0,122.0,29.0,81.333336,56.666676,6.216276,12.999992,0,12003,train
42.0,55.0,12.0,36.333332,20.055481,3.8578882,11.000004,0,12003,train
46.0,42.0,30.0,39.333332,21.540665,2.6454976,2.0000076,0,12003,train
155.0,82.0,39.0,92.0,60.847713,33.650867,154.0,0,12003,train
32.0,52.0,24.0,36.0,23.673714,2.8850875,6.666666,0,12003,train
47.0,52.0,22.0,40.333332,46.043465,5.3681827,12.666672,0,12003,train
118.0,153.0,49.0,106.666664,37.547012,7.298531,8.333321,0,12003,train
251.0,209.0,151.0,203.66667,333.37497,36.541286,57.000015,0,12003,train
210.0,132.0,70.0,137.33333,223.8432,27.06564,0.66664886,0,12003,train
80.0,113.0,34.0,75.666664,19.60725,2.5113025,1.0000076,0,12003,train
169.0,81.0,31.0,93.666664,127.418816,14.978272,34.66667,0,12003,train
35.0,49.0,23.0,35.666668,86.05166,8.972907,2.3333282,0,12003,train
141.0,161.0,40.0,114.0,28.13459,4.2090163,4.333336,0,12003,train
117.0,154.0,41.0,104.0,34.801006,4.314877,16.666664,0,12003,train
211.0,141.0,89.0,147.0,216.42192,29.18228,43.666664,0,12003,train
18.0,31.0,14.0,21.0,1.6996727,0.59723485,2.0,0,12003,train
72.0,116.0,29.0,72.333336,22.36068,3.794077,14.0,0,12003,train
80.0,113.0,26.0,73.0,13.283244,4.04123,6.6666565,0,12003,train
225.0,146.0,105.0,158.66667,407.19583,41.067257,8.333336,0,12003,train
24.0,42.0,16.0,27.333334,55.86691,5.626215,0.66666603,0,12003,train
124.0,177.0,37.0,112.666664,62.37164,6.595971,3.3333206,0,12003,train
103.0,149.0,25.0,92.333336,95.559166,10.1446085,14.333328,0,12003,train
167.0,128.0,69.0,121.333336,107.7332,11.1935215,9.3333435,0,12003,train
91.0,137.0,38.0,88.666664,46.019325,5.6242623,11.999992,0,12003,train
93.0,100.0,22.0,71.666664,82.13269,16.067318,50.33335,0,12003,train
91.0,138.0,32.0,87.0,41.5077,4.980921,1.3333282,0,12003,train
121.0,151.0,37.0,103.0,64.11101,6.526314,6.0,0,12003,train
116.0,163.0,33.0,104.0,44.872658,5.5335445,1.3333359,0,12003,train
29.0,53.0,21.0,34.333332,3.018458,1.086078,7.6666718,0,12003,train
255.0,240.0,169.0,221.33333,168.55597,23.19651,45.99997,0,12003,train
143.0,160.0,28.0,110.333336,60.876926,8.046132,41.999985,0,12003,train
50.0,63.0,35.0,49.333332,118.81731,12.313912,16.999996,0,12003,train
121.0,146.0,52.0,106.333336,8.069141,5.2299657,50.000015,0,12003,train
179.0,62.0,29.0,90.0,80.64876,11.098899,21.0,0,12003,train
235.0,147.0,58.0,146.66667,302.8828,30.512133,20.333359,0,12003,train
137.0,176.0,87.0,133.33333,261.8227,26.713652,9.666649,0,12003,train
51.0,79.0,30.0,53.333332,8.666675,2.5391467,14.666664,0,12003,train
32.0,60.0,19.0,37.0,22.454903,2.5761118,6.333332,0,12003,train
139.0,182.0,40.0,120.333336,69.36057,8.819368,2.0000076,0,12003,train
255.0,219.0,143.0,205.66667,5.696012,1.0402073,1.3332977,0,12003,train
29.0,38.0,19.0,28.666666,19.43651,2.0964448,0.33333206,0,12003,train
108.0,150.0,42.0,100.0,37.923904,5.440552,9.333336,0,12003,train
144.0,197.0,89.0,143.33333,59.123226,10.366242,86.999985,0,12003,train
127.0,140.0,114.0,127.0,66.70833,15.242122,29.33332,0,12003,train
255.0,233.0,185.0,224.33333,16.124529,2.42867,3.6666412,0,12003,train
79.0,108.0,26.0,71.0,25.333347,6.60178,8.999996,0,12003,train
166.0,95.0,33.0,98.0,129.95808,37.677704,186.0,0,12003,train
16.0,30.0,13.0,19.666666,8.692265,1.6363598,0.33333588,0,12003,train
95.0,51.0,24.0,56.666668,203.2672,20.554663,17.333328,0,12003,train
120.0,52.0,17.0,63.0,80.33404,9.2096615,17.333336,0,12003,train
137.0,171.0,33.0,113.666664,23.856043,2.7754505,6.6666794,0,12003,train
110.0,151.0,45.0,102.0,16.363922,7.6529965,22.666672,0,12003,train
27.0,39.0,17.0,27.666666,29.713448,3.6379333,3.6666641,0,12003,train
130.0,169.0,42.0,113.666664,13.399844,2.2341018,12.666649,0,12003,train
100.0,137.0,34.0,90.333336,111.18854,11.423147,18.999992,0,12003,train
14.0,26.0,16.0,18.666666,3.8005884,1.5324453,10.666668,0,12003,train
18.0,29.0,12.0,19.666666,6.5659056,3.4310842,26.333336,0,12003,train
27.0,45.0,19.0,30.333334,62.405483,6.4521036,3.8146973e-06,0,12003,train
27.0,33.0,21.0,27.0,2.0,0.6666768,3.0,0,12003,train
116.0,155.0,30.0,100.333336,43.10709,5.440552,24.666656,0,12003,train
152.0,181.0,55.0,129.33333,110.900345,12.110575,0.33335114,0,12003,train
128.0,143.0,38.0,103.0,184.5457,20.171505,38.000008,0,12003,train
130.0,152.0,129.0,137.0,213.06703,27.88022,8.333328,0,12003,train
64.0,79.0,24.0,55.666668,49.506447,5.5676327,9.333328,0,12003,train
93.0,141.0,31.0,88.333336,56.617634,8.660931,16.333328,0,12003,train
109.0,153.0,32.0,98.0,49.721436,5.1327114,4.0000076,0,12003,train
44.0,71.0,30.0,48.333332,246.77522,31.460743,56.333336,0,12003,train
68.0,100.0,37.0,68.333336,54.560867,6.856153,17.66668,0,12003,train
196.0,126.0,66.0,129.33333,302.32434,32.35107,15.333359,0,12003,train
123.0,155.0,48.0,108.666664,4.4721255,3.5351195,3.0000153,0,12003,train
25.0,43.0,19.0,29.0,19.235386,2.350602,1.333334,0,12003,train
103.0,150.0,46.0,99.666664,78.66101,9.439879,21.999992,0,12003,train
120.0,164.0,43.0,109.0,18.043152,8.424121,39.666664,0,12003,train
231.0,163.0,100.0,164.66667,386.73132,40.45114,48.000015,0,12003,train
44.0,84.0,22.0,50.0,29.120445,3.1972125,3.666668,0,12003,train
255.0,193.0,124.0,190.66667,36.481373,6.0473394,30.333344,0,12003,train
255.0,239.0,163.0,219.0,21.34374,2.4803917,1.3333282,0,12003,train
37.0,52.0,21.0,36.666668,95.05671,10.292031,9.000008,0,12003,train
113.0,158.0,29.0,100.0,67.08204,6.8344684,21.666664,0,12003,train
136.0,161.0,96.0,131.0,178.89102,23.417032,80.66667,0,12003,train
14.0,33.0,14.0,20.333334,15.563489,2.4088233,2.333334,0,12003,train
171.0,172.0,141.0,161.33333,231.44955,35.143024,215.66666,0,12003,train
71.0,96.0,30.0,65.666664,24.156889,2.7312036,1.6666603,0,12003,train
98.0,123.0,39.0,86.666664,20.09975,5.168782,23.666656,0,12003,train
111.0,158.0,44.0,104.333336,72.12488,7.4388127,10.000008,0,12003,train
137.0,130.0,75.0,114.0,118.58143,26.758066,53.999992,1,12074,train
99.0,113.0,98.0,103.333336,256.75323,26.070536,19.000015,1,12074,train
119.0,139.0,138.0,132.0,507.9381,52.926025,20.333336,1,12074,train
83.0,93.0,66.0,80.666664,56.099102,6.612791,1.6666794,1,12074,train
137.0,158.0,163.0,152.66667,496.46866,49.504696,45.000023,1,12074,train
107.0,115.0,100.0,107.333336,708.6747,71.926216,136.66666,1,12074,train
62.0,70.0,46.0,59.333332,382.1137,48.74477,125.33333,1,12074,train
98.0,72.0,47.0,72.333336,191.28223,18.967861,11.66666,1,12074,train
235.0,244.0,213.0,230.66667,471.81094,49.6772,102.66669,1,12074,train
34.0,56.0,43.0,44.333332,111.97717,14.789977,25.33334,1,12074,train
134.0,168.0,170.0,157.33333,462.65155,49.017773,5.666687,1,12074,train
56.0,71.0,52.0,59.666668,163.56107,23.458803,18.666664,1,12074,train
39.0,56.0,48.0,47.666668,34.25719,3.846131,18.333328,1,12074,train
85.0,94.0,73.0,84.0,177.27068,20.118036,30.333336,1,12074,train
212.0,220.0,199.0,210.33333,586.4973,60.11165,77.99998,1,12074,train
43.0,68.0,65.0,58.666668,222.7834,23.701843,55.33333,1,12074,train
62.0,68.0,58.0,62.666668,57.73888,13.874208,8.6666565,1,12074,train
87.0,103.0,92.0,94.0,337.2806,33.678104,18.666664,1,12074,train
69.0,58.0,36.0,54.333332,17.613132,4.259439,1.9999962,1,12074,train
128.0,141.0,132.0,133.66667,655.0564,65.85955,36.66665,1,12074,train
102.0,113.0,83.0,99.333336,546.4341,57.877285,68.33331,1,12074,train
164.0,175.0,135.0,158.0,323.85352,34.37855,0.6666794,1,12074,train
182.0,210.0,211.0,201.0,494.50537,50.946568,85.333336,1,12074,train
102.0,110.0,86.0,99.333336,142.36494,16.599663,13.333328,1,12074,train
192.0,202.0,168.0,187.33333,545.57227,54.510105,16.999977,1,12074,train
119.0,130.0,96.0,115.0,29.21948,3.9182317,5.0000076,1,12074,train
124.0,139.0,98.0,120.333336,373.52643,42.502987,76.66666,1,12074,train
175.0,198.0,188.0,187.0,340.69864,48.11112,221.0,1,12074,train
56.0,66.0,55.0,59.0,97.43602,12.194029,14.666664,1,12074,train
55.0,66.0,60.0,60.333332,200.34691,26.622093,57.666676,1,12074,train
145.0,162.0,152.0,153.0,288.69437,30.68435,40.000008,1,12074,train
113.0,130.0,94.0,112.333336,16.492437,2.7173128,9.999992,1,12074,train
62.0,89.0,98.0,83.0,418.62872,43.8023,86.333336,1,12074,train
199.0,230.0,232.0,220.33333,389.49683,44.945107,122.333305,1,12074,train
251.0,255.0,250.0,252.0,353.33493,43.461864,96.66667,1,12074,train
68.0,72.0,58.0,66.0,402.82614,51.288456,111.333336,1,12074,train
63.0,70.0,54.0,62.333332,144.76111,26.105667,31.666676,1,12074,train
208.0,217.0,214.0,213.0,670.6158,73.652,138.99998,1,12074,train
164.0,172.0,131.0,155.66667,366.40475,37.34086,10.666679,1,12074,train
62.0,91.0,87.0,80.0,349.48373,36.73207,43.0,1,12074,train
72.0,81.0,60.0,71.0,484.32724,53.983032,126.0,1,12074,train
214.0,206.0,183.0,201.0,453.65677,46.33902,17.333328,1,12074,train
61.0,68.0,60.0,63.0,29.683514,3.963148,16.0,1,12074,train
118.0,131.0,111.0,120.0,481.2022,49.309074,129.0,1,12074,train
238.0,254.0,254.0,248.66667,292.92398,42.963512,99.6667,1,12074,train
144.0,169.0,165.0,159.33333,357.3862,46.536446,195.33337,1,12074,train
68.0,76.0,63.0,69.0,51.051186,12.32663,4.333336,1,12074,train
54.0,65.0,59.0,59.333332,77.941574,12.750632,37.000004,1,12074,train
172.0,180.0,169.0,173.66667,757.73346,77.684555,33.33335,1,12074,train
45.0,61.0,48.0,51.333332,184.87955,19.246931,39.000004,1,12074,train
49.0,65.0,62.0,58.666668,218.07288,27.907299,58.999992,1,12074,train
134.0,156.0,154.0,148.0,538.3683,54.13496,30.999985,1,12074,train
246.0,254.0,233.0,244.33333,436.05145,48.81194,121.999985,1,12074,train
154.0,176.0,174.0,168.0,574.7937,58.087856,9.0,1,12074,train
75.0,84.0,55.0,71.333336,412.37656,43.95171,105.999985,1,12074,train
101.0,123.0,120.0,114.666664,322.1804,33.0503,31.999992,1,12074,train
187.0,173.0,138.0,166.0,429.3276,44.172203,19.333344,1,12074,train
74.0,63.0,45.0,60.666668,64.34628,10.154086,7.9999924,1,12074,train
204.0,205.0,197.0,202.0,499.47287,59.9148,198.33331,1,12074,train
118.0,140.0,137.0,131.66667,205.71881,22.933071,21.666687,1,12074,train
54.0,80.0,77.0,70.333336,284.89566,29.079052,30.33332,1,12074,train
231.0,242.0,208.0,227.0,408.78055,49.613113,112.0,1,12074,train
40.0,57.0,51.0,49.333332,166.64333,24.399961,42.66667,1,12074,train
90.0,100.0,89.0,93.0,305.42136,30.924856,8.666664,1,12074,train
119.0,138.0,136.0,131.0,374.87924,39.550503,9.6666565,1,12074,train
113.0,128.0,107.0,116.0,410.32452,42.194664,27.000008,1,12074,train
74.0,91.0,72.0,79.0,244.36084,26.736525,44.666656,1,12074,train
204.0,180.0,144.0,176.0,185.58076,21.878393,43.33333,1,12074,train
232.0,241.0,214.0,229.0,462.72717,49.159973,87.33334,1,12074,train
61.0,86.0,80.0,75.666664,352.90195,37.890163,26.666672,1,12074,train
64.0,68.0,53.0,61.666668,6.324553,2.1029997,3.3333359,1,12074,train
78.0,96.0,96.0,90.0,424.58865,43.861732,43.0,1,12074,train
151.0,156.0,136.0,147.66667,746.8549,74.68583,17.333324,1,12074,train
116.0,130.0,97.0,114.333336,44.20659,6.840396,7.6666565,1,12074,train
180.0,147.0,114.0,147.0,206.48865,21.509718,11.333328,1,12074,train
45.0,59.0,44.0,49.333332,76.87942,9.810547,32.0,1,12074,train
83.0,85.0,72.0,80.0,578.2681,63.88857,145.0,1,12074,train
201.0,209.0,185.0,198.33333,587.294,60.22847,42.333305,1,12074,train
157.0,171.0,158.0,162.0,730.1823,74.58958,45.000008,1,12074,train
227.0,232.0,225.0,228.0,675.4784,71.705345,151.33331,1,12074,train
114.0,121.0,77.0,104.0,48.534054,12.570232,1.6666641,1,12074,train
99.0,127.0,115.0,113.666664,290.44983,29.629812,18.333344,1,12074,train
62.0,76.0,61.0,66.333336,492.38284,56.08785,112.999985,1,12074,train
139.0,149.0,122.0,136.66667,343.04062,40.542538,81.33332,1,12074,train
69.0,59.0,34.0,54.0,32.27659,5.9340243,0.66666794,1,12074,train
108.0,122.0,109.0,113.0,722.623,74.168434,79.66666,1,12074,train
161.0,173.0,135.0,156.33333,529.4156,52.547653,41.000023,1,12074,train
62.0,76.0,59.0,65.666664,192.0602,19.99801,28.66668,1,12074,train
111.0,121.0,94.0,108.666664,32.8363,3.8135245,5.3333206,1,12074,train
98.0,109.0,92.0,99.666664,217.19678,23.987118,10.6666565,1,12074,train
86.0,91.0,59.0,78.666664,19.89415,2.9652116,3.3333282,1,12074,train
59.0,71.0,61.0,63.666668,42.687496,6.665047,19.000008,1,12074,train
42.0,65.0,57.0,54.666668,40.871067,8.666679,16.666676,1,12074,train
48.0,63.0,56.0,55.666668,108.58279,17.265377,33.999996,1,12074,train
94.0,108.0,85.0,95.666664,69.76786,10.437313,20.666672,1,12074,train
159.0,174.0,169.0,167.33333,482.26178,59.832897,169.66664,1,12074,train
113.0,126.0,117.0,118.666664,377.5082,37.604515,4.3333435,1,12074,train
88.0,90.0,66.0,81.333336,166.1057,27.76045,53.999985,1,12074,train
96.0,112.0,86.0,98.0,203.33333,20.111895,34.33333,1,12074,train
56.0,77.0,78.0,70.333336,372.82407,45.592144,72.66666,1,12074,train
209.0,234.0,228.0,223.66667,379.69257,48.060143,141.66667,1,12074,train
58.0,84.0,85.0,75.666664,268.27017,28.382296,34.00001,1,12074,train
110.0,123.0,103.0,112.0,219.28877,23.009996,25.333328,1,12074,train
51.0,64.0,55.0,56.666668,165.56502,18.95031,28.999992,1,12074,train
50.0,62.0,58.0,56.666668,161.26443,22.017948,44.666664,1,12074,train
67.0,78.0,61.0,68.666664,204.79639,22.363485,64.00001,1,12074,train
251.0,254.0,235.0,246.66667,437.9206,54.086014,127.0,1,12074,train
240.0,247.0,231.0,239.33333,298.3391,32.87827,64.66664,1,12074,train
46.0,64.0,42.0,50.666668,104.48817,12.992354,9.666664,1,12074,train
29.0,51.0,38.0,39.333332,103.28493,12.860533,19.000004,1,12074,train
170.0,190.0,188.0,182.66667,596.02386,61.666584,48.666687,1,12074,train
72.0,83.0,77.0,77.333336,412.27448,42.36675,84.666664,1,12074,train
224.0,219.0,200.0,214.33333,290.9372,30.073217,6.0000153,1,12074,train
75.0,63.0,49.0,62.333332,80.411446,11.732741,28.666676,1,12074,train
247.0,255.0,234.0,245.33333,393.11322,44.83459,105.66664,1,12074,train
175.0,134.0,72.0,127.0,152.84343,17.165838,42.333336,1,12074,train
89.0,102.0,72.0,87.666664,182.28305,19.251268,17.333317,1,12074,train
227.0,231.0,196.0,218.0,156.66592,19.848154,64.33333,1,12074,train
67.0,69.0,56.0,64.0,75.439445,8.700474,10.666668,1,12074,train
166.0,188.0,175.0,176.33333,472.13605,51.7759,91.99997,1,12074,train
149.0,175.0,150.0,158.0,216.36438,21.864193,9.333336,0,12074,train
102.0,92.0,67.0,87.0,56.120914,9.335647,13.666664,0,12074,train
15.0,47.0,36.0,32.666668,10.466875,1.8929157,1.6666641,0,12074,train
17.0,43.0,34.0,31.333334,8.137703,2.101025,9.666666,0,12074,train
14.0,41.0,34.0,29.666666,8.110351,1.3146838,4.666666,0,12074,train
237.0,239.0,234.0,236.66667,501.9969,59.645535,176.00002,0,12074,train
177.0,182.0,141.0,166.66667,138.50793,14.279438,4.9999847,0,12074,train
11.0,41.0,33.0,28.333334,21.954498,2.7888546,3.0,0,12074,train
56.0,58.0,37.0,50.333332,24.51303,3.4889963,11.333336,0,12074,train
228.0,224.0,199.0,217.0,38.078846,12.101136,18.0,0,12074,train
119.0,122.0,69.0,103.333336,48.55466,5.2229586,6.0000153,0,12074,train
8.0,33.0,27.0,22.666666,5.270462,2.1513474,14.666668,0,12074,train
29.0,59.0,51.0,46.333332,19.43651,2.6988993,9.999996,0,12074,train
142.0,115.0,88.0,115.0,227.93811,24.535769,91.66666,0,12074,train
13.0,45.0,30.0,29.333334,10.198039,1.4553285,6.0,0,12074,train
199.0,160.0,101.0,153.33333,41.978817,4.8444557,5.333313,0,12074,train
11.0,43.0,32.0,28.666666,5.8309517,1.8724755,1.0,0,12074,train
13.0,40.0,31.0,28.0,19.516376,2.824551,4.0,0,12074,train
214.0,224.0,213.0,217.0,98.68133,9.909158,3.6666718,0,12074,train
37.0,46.0,25.0,36.0,6.3245554,2.270442,12.333336,0,12074,train
78.0,84.0,58.0,73.333336,27.329264,3.2927625,8.333321,0,12074,train
18.0,56.0,31.0,35.0,8.969087,1.9116216,3.666668,0,12074,train
9.0,40.0,32.0,27.0,14.251704,1.8421935,7.0,0,12074,train
14.0,51.0,33.0,32.666668,4.472137,1.4943947,7.3333397,0,12074,train
252.0,236.0,210.0,232.66667,212.17445,22.533655,50.666687,0,12074,train
14.0,44.0,34.0,30.666666,19.235384,2.2662444,7.0,0,12074,train
13.0,43.0,33.0,29.666666,7.211103,1.2548976,2.333332,0,12074,train
166.0,171.0,89.0,142.0,113.45091,11.435366,4.333336,0,12074,train
10.0,40.0,30.0,26.666666,7.7316127,1.9499975,10.666668,0,12074,train
10.0,40.0,28.0,26.0,13.038404,2.1659653,8.0,0,12074,train
27.0,59.0,38.0,41.333332,13.703205,2.5680676,18.000004,0,12074,train
13.0,47.0,30.0,30.0,7.902182,1.9337634,5.666668,0,12074,train
69.0,80.0,50.0,66.333336,11.479447,1.7283821,7.6666756,0,12074,train
14.0,39.0,33.0,28.666666,9.899495,1.4989824,4.0,0,12074,train
15.0,45.0,37.0,32.333332,19.1949,2.76664,3.6666718,0,12074,train
83.0,59.0,47.0,63.0,16.898384,2.0068243,8.333336,0,12074,train
14.0,47.0,26.0,29.0,27.764889,3.1287088,16.000002,0,12074,train
12.0,46.0,32.0,30.0,13.20774,2.228371,3.666666,0,12074,train
124.0,136.0,86.0,115.333336,76.47366,7.96826,6.666664,0,12074,train
7.0,38.0,23.0,22.666666,4.2687497,2.0554597,10.0,0,12074,train
14.0,36.0,33.0,27.666666,4.0276837,1.769251,4.0,0,12074,train
9.0,32.0,26.0,22.333334,26.000002,3.1207979,12.666664,0,12074,train
16.0,42.0,29.0,29.0,5.6764674,2.3663235,11.333334,0,12074,train
196.0,183.0,68.0,149.0,43.515015,5.842664,5.0,0,12074,train
55.0,79.0,45.0,59.666668,14.313944,2.237596,3.6666641,0,12074,train
195.0,198.0,167.0,186.66667,454.53662,45.413292,20.666641,0,12074,train
230.0,222.0,201.0,217.66667,16.200129,7.515349,20.000015,0,12074,train
18.0,45.0,38.0,33.666668,15.846488,2.5391345,15.666674,0,12074,train
147.0,111.0,59.0,105.666664,11.869665,1.8710897,9.333321,0,12074,train
238.0,226.0,204.0,222.66667,151.79227,17.810965,18.00003,0,12074,train
194.0,147.0,93.0,144.66667,27.89265,4.088618,9.0,0,12074,train
139.0,86.0,55.0,93.333336,39.679264,5.611877,7.6666794,0,12074,train
11.0,33.0,30.0,24.666666,6.2003613,2.5867753,6.666668,0,12074,train
85.0,107.0,94.0,95.333336,292.3658,29.06618,9.0,0,12074,train
18.0,50.0,39.0,35.666668,18.648794,2.821643,8.999996,0,12074,train
13.0,41.0,27.0,27.0,2.1081831,1.2149128,6.666666,0,12074,train
174.0,218.0,229.0,207.0,203.66913,22.071175,34.66667,0,12074,train
18.0,41.0,31.0,30.0,9.545212,1.3146838,3.333334,0,12074,train
19.0,41.0,29.0,29.666666,18.666662,2.685137,14.666668,0,12074,train
239.0,248.0,243.0,243.33333,222.03354,28.477718,59.99997,0,12074,train
17.0,49.0,36.0,34.0,19.067135,2.5277634,12.0,0,12074,train
122.0,81.0,53.0,85.333336,129.64397,14.820311,16.999992,0,12074,train
38.0,60.0,39.0,45.666668,111.72685,11.423147,1.3333282,0,12074,train
12.0,41.0,36.0,29.666666,16.034689,2.9228776,3.6666718,0,12074,train
91.0,102.0,62.0,85.0,38.230286,4.2661114,8.333328,0,12074,train
15.0,45.0,33.0,31.0,16.719915,2.0353775,0.33333397,0,12074,train
40.0,48.0,33.0,40.333332,6.0369234,1.818954,0.66667175,0,12074,train
157.0,163.0,99.0,139.66667,109.81702,11.2106085,10.666679,0,12074,train
50.0,61.0,31.0,47.333332,94.92102,9.788436,10.333336,0,12074,train
19.0,49.0,41.0,36.333332,9.2975445,2.6718066,21.66666,0,12074,train
11.0,41.0,31.0,27.666666,17.600506,2.177306,3.333334,0,12074,train
13.0,44.0,29.0,28.666666,12.481095,2.0608125,2.333332,0,12074,train
192.0,163.0,119.0,158.0,34.769085,4.645857,7.333313,0,12074,train
92.0,93.0,49.0,78.0,110.05655,11.522503,10.33334,0,12074,train
13.0,45.0,32.0,30.0,11.045361,1.7284881,3.0,0,12074,train
106.0,98.0,51.0,85.0,69.70573,13.166527,20.0,0,12074,train
255.0,254.0,255.0,254.66667,1.9436419,0.2724312,0.33332825,0,12074,train
207.0,202.0,180.0,196.33333,82.04333,11.282764,16.666641,0,12074,train
172.0,176.0,92.0,146.66667,112.25765,11.464364,18.666656,0,12074,train
41.0,65.0,39.0,48.333332,46.580875,5.020928,6.666664,0,12074,train
8.0,33.0,30.0,23.666666,10.883223,2.8893683,7.66667,0,12074,train
50.0,58.0,45.0,51.0,23.213978,2.972243,16.666664,0,12074,train
16.0,44.0,29.0,29.666666,0.47140542,0.7276957,3.0,0,12074,train
18.0,51.0,30.0,33.0,16.659998,1.961202,0.33333588,0,12074,train
13.0,41.0,29.0,27.666666,13.703208,2.0971143,6.333336,0,12074,train
12.0,44.0,33.0,29.666666,15.441651,1.9436489,0.33333588,0,12074,train
20.0,46.0,35.0,33.666668,14.560224,2.5579824,11.000006,0,12074,train
13.0,43.0,31.0,29.0,5.0990195,1.7708199,9.0,0,12074,train
141.0,145.0,71.0,119.0,155.79617,17.341188,25.666672,0,12074,train
14.0,46.0,33.0,31.0,23.218765,2.819674,4.666666,0,12074,train
65.0,76.0,44.0,61.666668,140.89398,14.476982,4.333336,0,12074,train
13.0,43.0,35.0,30.333334,18.336359,2.5872943,10.000002,0,12074,train
18.0,49.0,34.0,33.666668,13.038404,1.6613277,4.999996,0,12074,train
15.0,42.0,33.0,30.0,5.077181,1.2904586,5.333334,0,12074,train
15.0,47.0,32.0,31.333334,19.894161,2.0427558,2.3333378,0,12074,train
19.0,45.0,34.0,32.666668,11.005046,1.6313353,10.666674,0,12074,train
132.0,118.0,57.0,102.333336,50.651314,5.6337605,15.3333435,0,12074,train
84.0,89.0,67.0,80.0,35.69002,3.8556726,3.0000076,0,12074,train
177.0,112.0,92.0,127.0,273.01935,27.296173,18.333328,0,12074,train
93.0,93.0,83.0,89.666664,309.10803,40.8833,46.999985,0,12074,train
12.0,43.0,28.0,27.666666,9.43987,1.8856145,3.333334,0,12074,train
11.0,45.0,29.0,28.333334,17.751364,2.141765,7.666664,0,12074,train
76.0,64.0,52.0,64.0,46.62141,19.343536,14.666668,0,12074,train
22.0,46.0,32.0,33.333332,10.154365,2.293285,11.333328,0,12074,train
12.0,44.0,31.0,29.0,6.3245554,1.0540797,1.0,0,12074,train
17.0,45.0,33.0,31.666666,8.498364,2.078683,7.666664,0,12074,train
15.0,40.0,37.0,30.666666,25.019993,3.3201287,8.999998,0,12074,train
8.0,33.0,27.0,22.666666,17.139948,2.4382637,11.666668,0,12074,train
72.0,93.0,88.0,84.333336,289.50723,30.43814,21.00002,0,12074,train
13.0,44.0,29.0,28.666666,15.6205,1.9499975,3.0,0,12074,train
173.0,148.0,92.0,137.66667,316.31384,31.868168,10.666695,0,12074,train
17.0,42.0,36.0,31.666666,16.445196,2.2376096,11.333332,0,12074,train
14.0,37.0,27.0,26.0,12.806249,1.6329807,9.0,0,12074,train
17.0,47.0,35.0,33.0,26.57066,3.2241213,13.0,0,12074,train
11.0,41.0,29.0,27.0,6.599665,1.3708656,3.666666,0,12074,train
13.0,45.0,32.0,30.0,7.0079284,2.6748657,10.666668,0,12074,train
10.0,42.0,29.0,27.0,8.246211,1.4906938,6.0,0,12074,train
158.0,157.0,74.0,129.66667,50.94661,5.006441,2.3333054,0,12074,train
66.0,80.0,47.0,64.333336,58.38188,6.1061172,1.6666603,0,12074,train
13.0,39.0,30.0,27.333334,12.292723,1.4740596,6.333332,0,12074,train
15.0,17.0,12.0,14.666667,22.13594,4.50788,3.999998,1,122048,train
55.0,57.0,43.0,51.666668,15.151093,2.3974066,10.000008,1,122048,train
75.0,75.0,47.0,65.666664,873.51465,92.958694,230.0,1,122048,train
51.0,49.0,24.0,41.333332,28.102987,4.890026,5.333336,1,122048,train
100.0,106.0,94.0,100.0,620.8447,62.963726,5.666664,1,122048,train
40.0,44.0,30.0,38.0,51.67634,9.501285,21.666668,1,122048,train
43.0,47.0,32.0,40.666668,51.67635,6.0695534,11.666668,1,122048,train
26.0,30.0,15.0,23.666666,258.4849,30.26595,59.333336,1,122048,train
255.0,255.0,237.0,249.0,621.14594,71.77808,169.66667,1,122048,train
59.0,60.0,42.0,53.666668,145.52586,15.944174,36.000008,1,122048,train
11.0,13.0,10.0,11.333333,22.886192,2.6712897,3.0000005,1,122048,train
33.0,45.0,45.0,41.0,222.2556,24.179428,12.0,1,122048,train
88.0,106.0,108.0,100.666664,289.0694,31.871048,54.99998,1,122048,train
96.0,106.0,105.0,102.333336,138.31126,24.445671,7.6293945e-06,1,122048,train
18.0,29.0,15.0,20.666666,16.996733,2.9652734,15.333331,1,122048,train
48.0,52.0,38.0,46.0,130.72447,15.488568,9.0,1,122048,train
255.0,255.0,236.0,248.66667,772.6814,87.309166,228.6667,1,122048,train
208.0,217.0,216.0,213.66667,265.5217,44.02312,132.66669,1,122048,train
59.0,65.0,65.0,63.0,448.2561,44.689167,25.666668,1,122048,train
255.0,255.0,232.0,247.33333,685.05396,82.67515,199.33331,1,122048,train
49.0,45.0,20.0,38.0,22.514198,12.496914,13.666664,1,122048,train
129.0,126.0,111.0,122.0,929.1136,95.6836,8.000008,1,122048,train
55.0,56.0,40.0,50.333332,23.89793,2.725163,3.6666603,1,122048,train
15.0,21.0,11.0,15.666667,6.200357,0.8748779,2.333331,1,122048,train
27.0,33.0,19.0,26.333334,167.42892,29.423449,31.999998,1,122048,train
255.0,255.0,244.0,251.33333,467.43793,56.8738,114.66664,1,122048,train
32.0,43.0,37.0,37.333332,673.8285,73.92385,136.33333,1,122048,train
16.0,26.0,25.0,22.333334,532.13904,57.32883,175.0,1,122048,train
65.0,61.0,36.0,54.0,16.363916,1.8122306,3.666668,1,122048,train
200.0,200.0,176.0,192.0,587.2287,61.859688,65.33333,1,122048,train
42.0,49.0,31.0,40.666668,60.186745,11.554611,13.333328,1,122048,train
253.0,255.0,242.0,250.0,339.6292,69.32052,316.66663,1,122048,train
10.0,15.0,11.0,12.0,185.45619,22.146536,47.0,1,122048,train
130.0,133.0,116.0,126.333336,492.70163,50.73957,47.333332,1,122048,train
10.0,12.0,7.0,9.666667,66.0303,11.867583,18.333332,1,122048,train
255.0,250.0,227.0,244.0,51.933727,29.245993,37.66667,1,122048,train
158.0,155.0,138.0,150.33333,938.7199,96.50151,39.999973,1,122048,train
255.0,254.0,253.0,254.0,16.013899,1.615356,4.0000153,1,122048,train
68.0,68.0,32.0,56.0,299.2171,41.973835,112.66666,1,122048,train
72.0,84.0,82.0,79.333336,32.866745,5.978273,21.666672,1,122048,train
255.0,254.0,239.0,249.33333,448.9771,55.262302,97.66666,1,122048,train
19.0,30.0,14.0,21.0,3.8005853,2.8405342,17.333334,1,122048,train
147.0,154.0,147.0,149.33333,545.45966,61.448856,134.33331,1,122048,train
7.0,12.0,5.0,8.0,87.69772,20.511433,25.666668,1,122048,train
205.0,206.0,192.0,201.0,262.45044,37.51065,73.0,1,122048,train
114.0,128.0,141.0,127.666664,177.00972,21.671757,54.66665,1,122048,train
106.0,122.0,122.0,116.666664,305.8398,31.90706,37.999985,1,122048,train
49.0,55.0,41.0,48.333332,79.51241,11.104209,39.33334,1,122048,train
3.0,14.0,10.0,9.0,317.07166,45.02147,105.666664,1,122048,train
255.0,255.0,241.0,250.33333,496.96255,58.03851,118.33333,1,122048,train
9.0,18.0,17.0,14.666667,92.73738,13.838574,19.666664,1,122048,train
52.0,51.0,31.0,44.666668,36.520924,5.4834847,17.333334,1,122048,train
255.0,255.0,250.0,253.33333,14.794909,1.729794,1.9999847,1,122048,train
47.0,53.0,39.0,46.333332,201.55893,23.160208,45.333336,1,122048,train
255.0,255.0,236.0,248.66667,550.3942,68.12153,134.66669,1,122048,train
8.0,17.0,14.0,13.0,427.3393,52.95514,142.66666,1,122048,train
11.0,16.0,10.0,12.333333,30.0,3.5408633,6.666666,1,122048,train
75.0,53.0,32.0,53.333332,1.6996711,6.1182003,24.999996,1,122048,train
6.0,18.0,16.0,13.333333,499.84354,56.884983,172.66667,1,122048,train
16.0,27.0,13.0,18.666666,21.715326,3.1022856,9.536743e-07,1,122048,train
18.0,18.0,18.0,18.0,36.545254,4.2487793,3.666667,1,122048,train
25.0,29.0,14.0,22.666666,62.432186,7.2639823,13.666666,1,122048,train
255.0,255.0,248.0,252.66667,191.55795,23.893726,70.66669,1,122048,train
196.0,199.0,180.0,191.66667,796.9063,80.980354,95.66668,1,122048,train
79.0,86.0,79.0,81.333336,530.4767,53.406757,8.333317,1,122048,train
37.0,39.0,18.0,31.333334,406.75,52.77246,104.0,1,122048,train
225.0,207.0,183.0,205.0,187.67407,21.757273,36.333344,1,122048,train
4.0,10.0,10.0,8.0,172.76447,24.827524,65.666664,1,122048,train
6.0,15.0,10.0,10.333333,216.60051,24.762573,74.0,1,122048,train
255.0,255.0,237.0,249.0,662.3436,80.29718,176.0,1,122048,train
63.0,74.0,70.0,69.0,751.70044,79.0157,85.33333,1,122048,train
254.0,255.0,247.0,252.0,26.37338,2.9738443,0.6666565,1,122048,train
254.0,255.0,239.0,249.33333,659.50824,73.54325,267.0,1,122048,train
43.0,47.0,30.0,40.0,121.15095,24.018513,34.666664,1,122048,train
255.0,255.0,248.0,252.66667,20.59124,2.0482461,3.6667023,1,122048,train
255.0,254.0,247.0,252.0,301.06772,39.81044,64.66667,1,122048,train
58.0,59.0,41.0,52.666668,243.10263,27.733746,54.999992,1,122048,train
97.0,96.0,66.0,86.333336,884.47,93.521385,129.99998,1,122048,train
181.0,191.0,190.0,187.33333,665.721,73.47055,146.66666,1,122048,train
17.0,27.0,16.0,20.0,10.434983,4.299811,14.333334,1,122048,train
149.0,150.0,134.0,144.33333,779.999,79.59533,16.999973,1,122048,train
120.0,108.0,84.0,104.0,478.90918,48.741955,8.0,1,122048,train
238.0,234.0,209.0,227.0,876.0011,94.963554,235.00002,1,122048,train
17.0,21.0,4.0,14.0,187.65512,37.332676,34.0,1,122048,train
95.0,114.0,131.0,113.333336,76.20004,8.3755245,38.999992,1,122048,train
109.0,129.0,136.0,124.666664,173.79044,18.620857,20.33332,1,122048,train
255.0,254.0,247.0,252.0,139.54848,28.102213,0.66667175,1,122048,train
1.0,10.0,5.0,5.3333335,134.58908,30.519957,44.0,1,122048,train
161.0,168.0,174.0,167.66667,285.1245,43.254898,121.000015,1,122048,train
28.0,34.0,22.0,28.0,346.59137,38.934505,64.333336,1,122048,train
24.0,28.0,14.0,22.0,788.75116,88.794914,229.33334,1,122048,train
47.0,42.0,20.0,36.333332,674.4171,77.76214,179.66666,1,122048,train
72.0,75.0,66.0,71.0,465.59116,49.019203,52.666668,1,122048,train
241.0,242.0,226.0,236.33333,663.53485,73.84982,193.33331,1,122048,train
52.0,64.0,60.0,58.666668,364.5091,36.293728,5.6666613,1,122048,train
146.0,147.0,129.0,140.66667,877.9994,85.77332,25.33331,1,122048,train
245.0,246.0,238.0,243.0,588.422,67.1966,152.33333,1,122048,train
53.0,56.0,39.0,49.333332,63.336838,9.2108345,20.666664,1,122048,train
14.0,16.0,11.0,13.666667,254.3602,29.752474,65.666664,1,122048,train
30.0,36.0,26.0,30.666666,380.7157,44.38079,135.0,1,122048,train
59.0,63.0,49.0,57.0,143.78069,15.434526,5.000004,1,122048,train
19.0,13.0,13.0,15.0,19.002922,4.316044,1.999999,1,122048,train
108.0,112.0,97.0,105.666664,675.2628,68.90752,15.666672,1,122048,train
3.0,12.0,11.0,8.666667,219.70941,27.430922,89.666664,1,122048,train
5.0,17.0,5.0,9.0,203.01341,26.91097,77.0,1,122048,train
7.0,11.0,10.0,9.333333,192.87071,24.668667,73.666664,1,122048,train
255.0,255.0,241.0,250.33333,339.7741,49.55501,69.66666,1,122048,train
255.0,255.0,239.0,249.66667,601.97986,70.57947,144.00002,1,122048,train
237.0,239.0,217.0,231.0,774.5427,84.15559,187.00002,1,122048,train
245.0,247.0,223.0,238.33333,78.81906,15.730643,65.999985,1,122048,train
92.0,103.0,105.0,100.0,311.48746,31.959494,11.333336,1,122048,train
255.0,255.0,255.0,255.0,17.938152,3.2876425,12.000015,1,122048,train
27.0,34.0,18.0,26.333334,149.91331,28.015038,28.999998,1,122048,train
62.0,64.0,51.0,59.0,483.1896,52.195847,90.666664,1,122048,train
96.0,97.0,65.0,86.0,793.68744,81.721146,197.33333,1,122048,train
255.0,254.0,251.0,253.33333,18.306055,2.024267,1.333313,1,122048,train
23.0,23.0,13.0,19.666666,30.901278,11.120122,34.666664,1,122048,train
47.0,46.0,15.0,36.0,489.17276,63.859795,177.66666,1,122048,train
173.0,177.0,162.0,170.66667,268.10654,34.65618,65.66668,1,122048,train
15.0,15.0,15.0,15.0,5.0990195,0.6666768,2.0,1,122048,train
13.0,15.0,12.0,13.333333,4.472136,0.6285422,3.0,0,122048,train
15.0,15.0,15.0,15.0,0.0,0.0,0.0,0,122048,train
175.0,162.0,145.0,160.66667,29.589792,3.1424513,2.333313,0,122048,train
42.0,39.0,22.0,34.333332,56.617626,6.1684227,10.666662,0,122048,train
12.0,16.0,15.0,14.333333,4.853407,0.8670203,3.333334,0,122048,train
243.0,242.0,211.0,232.0,209.23141,22.77497,37.0,0,122048,train
255.0,254.0,255.0,254.66667,1.333313,0.15309311,0.33332825,0,122048,train
24.0,26.0,21.0,23.666666,21.234144,4.839256,18.666664,0,122048,train
15.0,15.0,15.0,15.0,0.0,0.0,0.0,0,122048,train
15.0,15.0,15.0,15.0,0.0,0.0,0.0,0,122048,train
55.0,70.0,77.0,67.333336,58.427544,9.502158,19.666683,0,122048,train
109.0,116.0,109.0,111.333336,318.94025,38.025814,85.33334,0,122048,train
20.0,23.0,14.0,19.0,11.813363,3.6213067,26.666666,0,122048,train
159.0,80.0,49.0,96.0,56.051548,9.436,6.0,0,122048,train
72.0,84.0,80.0,78.666664,41.80641,4.5160847,11.333328,0,122048,train
15.0,15.0,15.0,15.0,0.0,0.0,0.0,0,122048,train
162.0,168.0,156.0,162.0,229.86957,28.079165,67.00001,0,122048,train
15.0,15.0,15.0,15.0,2.8284285,0.31427717,1.333334,0,122048,train
15.0,15.0,15.0,15.0,0.0,0.0,0.0,0,122048,train
22.0,20.0,5.0,15.666667,169.43436,18.856834,40.666664,0,122048,train
135.0,120.0,101.0,118.666664,12.7366495,3.871344,1.9999924,0,122048,train
82.0,87.0,91.0,86.666664,38.975777,4.3036027,7.6666794,0,122048,train
81.0,93.0,89.0,87.666664,31.90264,3.4747274,2.6666641,0,122048,train
13.0,18.0,14.0,15.0,3.162279,0.52377266,1.333334,0,122048,train
114.0,124.0,116.0,118.0,28.674408,3.1270306,5.666664,0,122048,train
15.0,15.0,15.0,15.0,2.108186,0.2771511,0.666667,0,122048,train
13.0,18.0,14.0,15.0,2.9814236,0.38845098,0.33333397,0,122048,train
124.0,130.0,130.0,128.0,1.4907131,0.7856128,4.9999924,0,122048,train
42.0,40.0,25.0,35.666668,114.03313,12.380235,18.333342,0,122048,train
255.0,255.0,255.0,255.0,4.7140336,0.55551213,1.3333282,0,122048,train
12.0,17.0,13.0,14.0,22.281034,2.4036994,7.333334,0,122048,train
15.0,15.0,15.0,15.0,0.0,0.0,0.0,0,122048,train
14.0,16.0,13.0,14.333333,6.000002,0.68494284,2.000001,0,122048,train
18.0,25.0,18.0,20.333334,95.25754,10.119045,16.999996,0,122048,train
14.0,16.0,13.0,14.333333,0.0,0.0,0.0,0,122048,train
140.0,120.0,95.0,118.333336,23.342873,3.6599874,19.666664,0,122048,train
62.0,71.0,68.0,67.0,116.5142,12.9879,24.333332,0,122048,train
15.0,15.0,15.0,15.0,2.7487373,0.35136715,0.666667,0,122048,train
43.0,45.0,23.0,37.0,45.939575,4.694201,4.333332,0,122048,train
14.0,15.0,20.0,16.333334,5.374835,0.6175088,1.3333321,0,122048,train
17.0,22.0,18.0,19.0,19.849434,2.0061626,2.0,0,122048,train
14.0,16.0,13.0,14.333333,1.4142135,0.31430146,0.0,0,122048,train
112.0,114.0,109.0,111.666664,31.216091,3.8872035,9.333336,0,122048,train
14.0,21.0,14.0,16.333334,4.4721375,0.5665544,1.0,0,122048,train
13.0,19.0,15.0,15.666667,10.883216,1.1944058,3.9999971,0,122048,train
15.0,17.0,14.0,15.333333,3.8005848,0.438197,1.333333,0,122048,train
49.0,46.0,5.0,33.333332,119.424545,14.125631,30.000006,0,122048,train
12.0,16.0,15.0,14.333333,3.3333344,0.38491926,1.666667,0,122048,train
13.0,30.0,38.0,27.0,25.512526,2.681031,0.66666794,0,122048,train
12.0,16.0,17.0,15.0,5.0111,0.98269945,0.33333302,0,122048,train
65.0,83.0,103.0,83.666664,72.278786,7.148228,11.3333435,0,122048,train
255.0,255.0,255.0,255.0,1.4142135,0.49607837,1.3333435,0,122048,train
12.0,17.0,13.0,14.0,0.66666794,0.41573587,0.666667,0,122048,train
15.0,15.0,15.0,15.0,0.0,0.0,0.0,0,122048,train
14.0,19.0,15.0,16.0,7.1956787,0.80804634,0.666667,0,122048,train
16.0,18.0,15.0,16.333334,5.6568584,0.66665393,2.000002,0,122048,train
15.0,17.0,14.0,15.333333,1.999999,0.39891592,0.66666603,0,122048,train
15.0,15.0,15.0,15.0,1.6996741,0.272151,1.0,0,122048,train
222.0,208.0,169.0,199.66667,32.293777,3.7280607,6.3333282,0,122048,train
15.0,15.0,15.0,15.0,1.6996734,0.22217602,0.666667,0,122048,train
15.0,15.0,15.0,15.0,0.0,0.0,0.0,0,122048,train
146.0,128.0,90.0,121.333336,221.56467,22.251076,4.0,0,122048,train
12.0,17.0,13.0,14.0,0.0,0.0,0.0,0,122048,train
157.0,141.0,108.0,135.33333,177.4667,20.021254,57.666656,0,122048,train
17.0,23.0,9.0,16.333334,19.235386,3.0510087,15.999998,0,122048,train
233.0,241.0,200.0,224.66667,597.03064,63.89918,158.33337,0,122048,train
15.0,15.0,15.0,15.0,0.0,0.0,0.0,0,122048,train
252.0,252.0,218.0,240.66667,149.21721,21.552624,43.33336,0,122048,train
13.0,18.0,14.0,15.0,3.800586,0.54433,0.666667,0,122048,train
50.0,53.0,34.0,45.666668,18.342432,2.0245683,2.3333359,0,122048,train
25.0,31.0,21.0,25.666666,87.214935,8.801578,1.9999981,0,122048,train
24.0,31.0,24.0,26.333334,144.72195,15.55432,14.333327,0,122048,train
47.0,65.0,79.0,63.666668,35.10301,3.6754968,1.9999924,0,122048,train
255.0,254.0,229.0,246.0,21.499367,2.2395592,1.6666718,0,122048,train
46.0,62.0,75.0,61.0,9.006174,1.0746093,1.6666679,0,122048,train
255.0,255.0,221.0,243.66667,29.604815,4.8230405,12.666702,0,122048,train
41.0,41.0,15.0,32.333332,11.86966,1.7576041,1.9999962,0,122048,train
53.0,42.0,24.0,39.666668,517.4235,54.948257,60.0,0,122048,train
20.0,25.0,18.0,21.0,54.391582,5.447848,1.6666651,0,122048,train
255.0,254.0,245.0,251.33333,8.393143,1.1742684,3.9999847,0,122048,train
15.0,15.0,15.0,15.0,1.4142135,0.31427717,0.0,0,122048,train
15.0,17.0,14.0,15.333333,3.8873014,0.5078125,2.333333,0,122048,train
179.0,165.0,136.0,160.0,268.3799,30.800453,15.666672,0,122048,train
16.0,22.0,18.0,18.666666,24.680178,2.4993896,5.999998,0,122048,train
15.0,15.0,13.0,14.333333,2.666668,0.31427717,0.666667,0,122048,train
15.0,17.0,14.0,15.333333,3.1622777,0.41573587,1.0,0,122048,train
14.0,15.0,17.0,15.333333,1.9436511,0.272151,1.3333349,0,122048,train
14.0,16.0,13.0,14.333333,2.8284285,0.3312491,1.333334,0,122048,train
97.0,99.0,85.0,93.666664,447.84177,45.727615,17.666668,0,122048,train
35.0,27.0,14.0,25.333334,31.878242,3.411827,5.666668,0,122048,train
14.0,16.0,13.0,14.333333,4.4472203,0.5665544,1.666667,0,122048,train
120.0,128.0,131.0,126.333336,51.478138,5.710633,12.000015,0,122048,train
15.0,15.0,15.0,15.0,0.0,0.0,0.0,0,122048,train
63.0,65.0,44.0,57.333332,31.780497,3.7251456,0.0,0,122048,train
14.0,16.0,15.0,15.0,0.0,0.0,0.0,0,122048,train
14.0,16.0,15.0,15.0,5.0990195,0.69882584,2.000001,0,122048,train
104.0,96.0,85.0,95.0,272.21274,28.094202,11.0,0,122048,train
14.0,16.0,13.0,14.333333,3.7712367,0.42874542,2.0,0,122048,train
47.0,65.0,79.0,63.666668,48.270058,5.120806,2.9999924,0,122048,train
29.0,34.0,12.0,25.0,51.74725,5.2597857,3.666668,0,122048,train
14.0,16.0,13.0,14.333333,4.472136,0.49690816,2.0,0,122048,train
14.0,14.0,14.0,14.0,3.1622777,1.1546984,4.0,0,122048,train
45.0,27.0,17.0,29.666666,8.393117,2.351783,0.9999981,0,122048,train
7.0,16.0,15.0,12.666667,32.63604,5.761613,2.333332,0,122048,train
15.0,15.0,15.0,15.0,0.0,0.0,0.0,0,122048,train
30.0,36.0,26.0,30.666666,192.43123,18.904427,1.6666641,0,122048,train
234.0,215.0,173.0,207.33333,159.33475,16.628288,3.9999847,0,122048,train
53.0,49.0,22.0,41.333332,11.556623,1.3557333,1.3333359,0,122048,train
43.0,52.0,51.0,48.666668,51.45009,7.2969418,19.66666,0,122048,train
135.0,132.0,125.0,130.66667,222.6053,22.767765,24.999985,0,122048,train
43.0,39.0,14.0,32.0,17.788883,2.1665852,6.333334,0,122048,train
30.0,31.0,17.0,26.0,345.86124,38.208656,53.333336,0,122048,train
14.0,16.0,15.0,15.0,0.0,0.0,0.0,0,122048,train
14.0,16.0,13.0,14.333333,1.9436517,0.31425288,0.666667,0,122048,train
15.0,15.0,15.0,15.0,0.0,0.0,0.0,0,122048,train
255.0,254.0,218.0,242.33333,48.600437,7.9667277,5.3332977,0,122048,train
182.0,188.0,178.0,182.66667,174.08362,22.44455,47.000015,0,122048,train
16.0,14.0,15.0,15.0,1.4142135,0.31427717,0.0,0,122048,train
72.0,83.0,89.0,81.333336,22.236094,2.3094363,5.3333282,0,122048,train
22.0,27.0,20.0,23.0,47.712093,4.7531633,2.000001,0,122048,train
84.0,28.0,0.0,37.333332,283.6038,33.463818,43.333344,1,124084,train
55.0,6.0,0.0,20.333334,206.14665,28.617434,29.666662,1,124084,train
123.0,93.0,59.0,91.666664,75.83168,8.06147,14.000008,1,124084,train
155.0,112.0,80.0,115.666664,277.96442,27.63465,8.333328,1,124084,train
232.0,158.0,93.0,161.0,523.3026,54.122112,44.999985,1,124084,train
141.0,118.0,51.0,103.333336,115.969345,12.248206,35.999992,1,124084,train
166.0,96.0,11.0,91.0,319.07437,36.571632,24.999992,1,124084,train
108.0,73.0,43.0,74.666664,280.1829,29.162003,27.66666,1,124084,train
140.0,50.0,15.0,68.333336,141.06657,15.198652,18.333347,1,124084,train
145.0,55.0,29.0,76.333336,353.0694,36.340565,16.00001,1,124084,train
108.0,78.0,44.0,76.666664,248.08824,25.004765,34.666656,1,124084,train
60.0,0.0,0.0,20.0,197.63321,28.192072,74.666664,1,124084,train
140.0,118.0,58.0,105.333336,127.68103,12.939575,4.6666565,1,124084,train
113.0,23.0,0.0,45.333332,104.54664,12.935207,33.666668,1,124084,train
104.0,20.0,0.0,41.333332,113.71406,12.665467,23.000004,1,124084,train
174.0,24.0,7.0,68.333336,112.12097,12.0076475,12.999992,1,124084,train
192.0,68.0,40.0,100.0,28.051544,17.23628,45.666664,1,124084,train
200.0,73.0,30.0,101.0,133.0305,15.530118,3.6666718,1,124084,train
160.0,98.0,47.0,101.666664,388.7018,39.327396,53.999992,1,124084,train
143.0,93.0,34.0,90.0,286.46503,29.021494,23.666672,1,124084,train
139.0,56.0,22.0,72.333336,345.8741,35.412724,6.999996,1,124084,train
53.0,32.0,1.0,28.666666,30.612268,4.082485,0.9999981,1,124084,train
115.0,3.0,0.0,39.333332,102.57247,12.41873,16.666672,1,124084,train
58.0,22.0,0.0,26.666666,135.38751,19.083963,37.333336,1,124084,train
150.0,136.0,91.0,125.666664,182.01099,19.00812,0.3333435,1,124084,train
36.0,14.0,3.0,17.666666,5.51765,1.7847074,1.0000019,1,124084,train
214.0,122.0,75.0,137.0,99.92885,13.705859,34.333336,1,124084,train
124.0,36.0,12.0,57.333332,48.746517,7.0675626,38.33333,1,124084,train
215.0,130.0,76.0,140.33333,160.33368,26.5242,72.66665,1,124084,train
98.0,49.0,9.0,52.0,171.53749,17.008917,9.999996,1,124084,train
164.0,139.0,75.0,126.0,142.96544,15.011714,5.333336,1,124084,train
195.0,52.0,18.0,88.333336,143.39146,15.442781,11.333328,1,124084,train
191.0,89.0,51.0,110.333336,111.06055,22.378578,101.33334,1,124084,train
166.0,102.0,41.0,103.0,161.73093,17.774164,19.0,1,124084,train
79.0,9.0,0.0,29.333334,15.606271,7.384966,31.000002,1,124084,train
53.0,12.0,0.0,21.666666,155.35622,18.663359,23.66667,1,124084,train
128.0,54.0,15.0,65.666664,377.10742,37.38785,49.333347,1,124084,train
216.0,163.0,83.0,154.0,514.6913,52.68902,36.666664,1,124084,train
255.0,232.0,173.0,220.0,192.80617,50.317528,201.33333,1,124084,train
76.0,21.0,0.0,32.333332,163.41493,19.870567,31.000004,1,124084,train
82.0,24.0,4.0,36.666668,208.16713,21.070143,19.666666,1,124084,train
62.0,10.0,0.0,24.0,175.37326,20.529413,34.0,1,124084,train
82.0,37.0,0.0,39.666668,194.4485,21.157127,59.66666,1,124084,train
35.0,11.0,0.0,15.333333,32.937653,4.693047,16.000002,1,124084,train
150.0,68.0,21.0,79.666664,285.49918,28.689058,2.0000076,1,124084,train
179.0,134.0,103.0,138.66667,213.0373,24.922968,19.666687,1,124084,train
78.0,41.0,0.0,39.666668,177.41978,21.016031,38.999992,1,124084,train
82.0,26.0,1.0,36.333332,24.747618,4.1537824,11.33334,1,124084,train
162.0,45.0,27.0,78.0,133.58809,16.910395,43.33334,1,124084,train
87.0,49.0,0.0,45.333332,185.53108,25.2347,83.33334,1,124084,train
201.0,60.0,42.0,101.0,42.99872,16.740566,78.333336,1,124084,train
255.0,252.0,161.0,222.66667,8.498345,1.363589,4.9999695,1,124084,train
167.0,145.0,106.0,139.33333,192.3342,19.784088,0.33333588,1,124084,train
136.0,132.0,94.0,120.666664,191.34666,19.553488,12.0,1,124084,train
173.0,64.0,35.0,90.666664,173.29294,18.14806,1.6666756,1,124084,train
152.0,82.0,22.0,85.333336,345.80182,36.263245,27.000008,1,124084,train
160.0,49.0,29.0,79.333336,8.60233,12.037417,49.666668,1,124084,train
48.0,5.0,0.0,17.666666,167.20049,18.916826,41.0,1,124084,train
56.0,9.0,0.0,21.666666,52.919228,9.146876,16.000002,1,124084,train
85.0,21.0,9.0,38.333332,36.496574,6.4860315,3.3333282,1,124084,train
246.0,162.0,76.0,161.33333,327.68143,41.769936,193.66663,1,124084,train
115.0,29.0,2.0,48.666668,100.68654,12.610121,16.999996,1,124084,train
167.0,73.0,35.0,91.666664,126.119865,16.76524,43.666664,1,124084,train
142.0,14.0,5.0,53.666668,120.51187,15.917313,42.333324,1,124084,train
118.0,53.0,15.0,62.0,281.01797,27.803308,27.333336,1,124084,train
172.0,45.0,0.0,72.333336,206.92459,25.94725,49.33332,1,124084,train
70.0,29.0,0.0,33.0,267.75818,30.315624,65.00001,1,124084,train
50.0,6.0,0.0,18.666666,92.43616,11.807092,18.666668,1,124084,train
191.0,112.0,55.0,119.333336,71.46716,16.430904,62.666687,1,124084,train
53.0,53.0,0.0,35.333332,28.720873,4.183373,9.333336,1,124084,train
86.0,45.0,0.0,43.666668,225.1444,26.44309,56.999992,1,124084,train
232.0,171.0,82.0,161.66667,248.55942,26.115093,8.6666565,1,124084,train
177.0,75.0,13.0,88.333336,283.02216,35.60586,85.999985,1,124084,train
255.0,227.0,133.0,205.0,208.61551,24.573948,44.66667,1,124084,train
107.0,88.0,48.0,81.0,70.73267,7.418305,3.0,1,124084,train
97.0,26.0,0.0,41.0,82.328606,15.040237,59.666664,1,124084,train
77.0,53.0,5.0,45.0,45.78695,9.855474,10.0,1,124084,train
98.0,11.0,4.0,37.666668,183.06041,17.752836,18.66666,1,124084,train
219.0,82.0,50.0,117.0,215.66743,27.271288,113.00001,1,124084,train
183.0,35.0,25.0,81.0,11.352935,7.646103,19.0,1,124084,train
54.0,19.0,0.0,24.333334,40.609245,8.039176,11.999998,1,124084,train
255.0,233.0,144.0,210.66667,242.26524,30.442505,72.0,1,124084,train
201.0,93.0,55.0,116.333336,216.9045,24.378685,56.333344,1,124084,train
107.0,19.0,0.0,42.0,55.87685,9.760086,30.0,1,124084,train
70.0,37.0,0.0,35.666668,228.14032,25.076403,65.33333,1,124084,train
87.0,18.0,0.0,35.0,320.3623,44.862694,80.33333,1,124084,train
127.0,35.0,22.0,61.333332,192.02142,19.43912,13.333324,1,124084,train
53.0,21.0,0.0,24.666666,42.1637,6.2665944,4.66667,1,124084,train
255.0,239.0,131.0,208.33333,14.757283,3.135607,7.6666565,1,124084,train
162.0,14.0,14.0,63.333332,8.498367,2.0108957,1.0,1,124084,train
62.0,37.0,7.0,35.333332,153.4782,16.963602,6.3333416,1,124084,train
101.0,101.0,67.0,89.666664,12.018488,1.7290882,2.9999924,1,124084,train
102.0,28.0,0.0,43.333332,175.63599,21.316795,37.000008,1,124084,train
181.0,74.0,40.0,98.333336,81.65647,16.397066,66.33334,1,124084,train
171.0,59.0,35.0,88.333336,92.09294,15.707952,49.00001,1,124084,train
170.0,117.0,83.0,123.333336,54.80065,10.83785,48.000015,1,124084,train
87.0,35.0,0.0,40.666668,96.092545,11.480994,32.999992,1,124084,train
175.0,44.0,14.0,77.666664,127.094894,14.534274,4.3333206,1,124084,train
135.0,46.0,12.0,64.333336,333.17862,34.55109,15.999987,1,124084,train
255.0,212.0,141.0,202.66667,363.93954,44.295307,104.66669,1,124084,train
203.0,145.0,71.0,139.66667,391.534,44.124966,211.00002,1,124084,train
255.0,243.0,149.0,215.66667,198.68513,27.046545,49.333344,1,124084,train
174.0,75.0,34.0,94.333336,198.53745,28.011072,51.666668,1,124084,train
183.0,104.0,71.0,119.333336,167.87564,20.505383,29.333344,1,124084,train
106.0,19.0,0.0,41.666668,69.87291,10.90363,32.33333,1,124084,train
71.0,35.0,0.0,35.333332,138.65785,15.177148,24.000008,1,124084,train
88.0,25.0,0.0,37.666668,179.3476,20.527271,37.33333,1,124084,train
86.0,41.0,0.0,42.333332,231.95068,24.373016,28.666674,1,124084,train
52.0,12.0,10.0,24.666666,62.781807,6.7054467,6.333336,1,124084,train
80.0,33.0,3.0,38.666668,220.04546,24.526682,47.666668,1,124084,train
79.0,51.0,12.0,47.333332,101.353065,12.6,30.0,1,124084,train
202.0,113.0,0.0,105.0,255.20013,30.832111,26.666656,1,124084,train
136.0,84.0,36.0,85.333336,220.5095,22.602177,10.333324,1,124084,train
87.0,67.0,14.0,56.0,122.27201,17.18176,24.666668,1,124084,train
176.0,27.0,5.0,69.333336,28.944384,4.5160303,1.6666565,1,124084,train
40.0,20.0,9.0,23.0,10.883218,2.1372721,10.0,1,124084,train
102.0,30.0,5.0,45.666668,27.247833,2.9997761,12.000004,1,124084,train
86.0,19.0,2.0,35.666668,42.544094,5.2252254,1.3333302,1,124084,train
44.0,16.0,4.0,21.333334,27.668676,6.29608,1.3333359,1,124084,train
36.0,5.0,0.0,13.666667,21.38016,5.269162,22.333332,1,124084,train
68.0,82.0,47.0,65.666664,8.498359,1.3239825,3.9999962,0,124084,train
136.0,1.0,0.0,45.666668,32.280018,3.978703,30.999996,0,124084,train
228.0,155.0,26.0,136.33333,278.7185,29.240232,49.33332,0,124084,train
98.0,108.0,73.0,93.0,14.0,2.0002441,5.0,0,124084,train
64.0,69.0,29.0,54.0,126.863884,13.058061,2.333332,0,124084,train
252.0,222.0,10.0,161.33333,65.89218,9.11472,7.0000153,0,124084,train
21.0,14.0,8.0,14.333333,7.071065,0.7276747,3.333332,0,124084,train
51.0,63.0,17.0,43.666668,17.307665,1.8790646,1.3333282,0,124084,train
19.0,28.0,9.0,18.666666,3.8873034,1.2272589,0.66666603,0,124084,train
10.0,15.0,9.0,11.333333,7.2111025,0.81649035,0.0,0,124084,train
88.0,98.0,64.0,83.333336,53.872276,5.782137,5.0,0,124084,train
115.0,14.0,6.0,45.0,22.251093,3.5870183,2.666668,0,124084,train
69.0,78.0,35.0,60.666668,24.041615,3.3481643,8.999992,0,124084,train
74.0,11.0,6.0,30.333334,10.466882,2.021159,4.333338,0,124084,train
14.0,15.0,9.0,12.666667,4.2426405,0.56654096,0.0,0,124084,train
69.0,81.0,43.0,64.333336,17.262691,1.7067765,1.9999962,0,124084,train
156.0,0.0,4.0,53.333332,3.2998297,0.8950002,4.6666718,0,124084,train
195.0,171.0,71.0,145.66667,105.68085,10.93759,1.666687,0,124084,train
165.0,167.0,128.0,153.33333,15.804391,2.6048334,5.0000153,0,124084,train
28.0,38.0,13.0,26.333334,3.8005862,1.3527136,8.000004,0,124084,train
151.0,1.0,10.0,54.0,18.909138,2.2099297,1.6666679,0,124084,train
118.0,6.0,4.0,42.666668,43.863415,4.417829,1.3333282,0,124084,train
202.0,116.0,0.0,106.0,259.90298,27.546604,21.333328,0,124084,train
20.0,15.0,9.0,14.666667,2.9814236,0.42874542,2.0,0,124084,train
158.0,19.0,16.0,64.333336,42.426414,5.415522,15.000004,0,124084,train
255.0,191.0,28.0,158.0,35.978382,9.8475685,28.0,0,124084,train
17.0,19.0,8.0,14.666667,15.441645,1.7575998,2.333332,0,124084,train
154.0,0.0,8.0,54.0,15.202329,1.5869955,0.0,0,124084,train
193.0,161.0,0.0,118.0,120.831375,13.108286,21.666672,0,124084,train
15.0,21.0,7.0,14.333333,4.027683,0.5158617,0.33333397,0,124084,train
77.0,81.0,46.0,68.0,123.08081,12.748066,3.0000038,0,124084,train
148.0,5.0,0.0,51.0,20.044392,3.7966177,0.33333588,0,124084,train
167.0,1.0,5.0,57.666668,7.0710745,1.6263516,5.3333282,0,124084,train
55.0,63.0,12.0,43.333332,9.7182455,1.6288266,2.3333359,0,124084,train
144.0,2.0,0.0,48.666668,12.046205,1.3768631,4.9999924,0,124084,train
75.0,69.0,21.0,55.0,88.72554,9.588786,11.333336,0,124084,train
60.0,23.0,0.0,27.666666,122.09014,15.593163,17.333336,0,124084,train
123.0,128.0,98.0,116.333336,16.090017,2.1941862,4.0,0,124084,train
167.0,0.0,8.0,58.333332,2.3570244,1.1862658,0.6666641,0,124084,train
82.0,9.0,3.0,31.333334,8.353309,1.2317516,1.6666641,0,124084,train
147.0,12.0,8.0,55.666668,21.234144,2.3200889,4.6666565,0,124084,train
150.0,1.0,7.0,52.666668,46.972805,5.4000597,7.666664,0,124084,train
21.0,22.0,8.0,17.0,17.088007,1.7482116,0.0,0,124084,train
32.0,34.0,10.0,25.333334,18.360584,2.2283847,3.333334,0,124084,train
18.0,26.0,2.0,15.333333,20.923141,2.9191215,13.333336,0,124084,train
131.0,1.0,1.0,44.333332,34.87438,4.4169307,14.333336,0,124084,train
13.0,14.0,9.0,12.0,5.2704616,0.6085732,2.333333,0,124084,train
69.0,80.0,37.0,62.0,42.44997,4.2716303,2.0,0,124084,train
162.0,1.0,9.0,57.333332,13.308306,1.6555128,1.6666641,0,124084,train
14.0,14.0,6.0,11.333333,0.0,0.47139552,2.0,0,124084,train
92.0,98.0,62.0,84.0,98.72294,10.028061,5.0,0,124084,train
47.0,55.0,18.0,40.0,30.81486,3.3201563,5.0,0,124084,train
54.0,67.0,21.0,47.333332,51.952972,5.470446,0.66666794,0,124084,train
86.0,95.0,64.0,81.666664,13.097926,1.3827904,2.0,0,124084,train
23.0,21.0,8.0,17.333334,3.4318793,0.59029627,0.66666794,0,124084,train
82.0,18.0,6.0,35.333332,9.545221,2.9191163,0.3333397,0,124084,train
82.0,18.0,8.0,36.0,4.714051,1.0822498,1.6666641,0,124084,train
123.0,19.0,0.0,47.333332,138.2309,14.717099,18.000008,0,124084,train
12.0,20.0,0.0,10.666667,53.6677,6.180637,9.0,0,124084,train
44.0,29.0,6.0,26.333334,50.38739,5.3702455,4.666666,0,124084,train
192.0,42.0,25.0,86.333336,73.65084,9.469885,30.333344,0,124084,train
60.0,71.0,28.0,53.0,62.69857,6.4593267,1.3333321,0,124084,train
123.0,6.0,0.0,43.0,22.21611,4.8025465,11.333332,0,124084,train
147.0,0.0,2.0,49.666668,53.333336,6.061413,18.333332,0,124084,train
118.0,124.0,80.0,107.333336,71.63178,7.6125665,6.3333282,0,124084,train
133.0,0.0,8.0,47.0,8.969081,0.9572146,1.0,0,124084,train
15.0,15.0,7.0,12.333333,5.6960025,1.0034198,5.666669,0,124084,train
17.0,14.0,7.0,12.666667,6.2003593,0.6988149,1.666666,0,124084,train
95.0,100.0,77.0,90.666664,151.00993,15.748015,3.6666565,0,124084,train
40.0,10.0,0.0,16.666666,32.11092,4.9218874,17.333336,0,124084,train
52.0,61.0,18.0,43.666668,39.779953,4.24977,6.333332,0,124084,train
107.0,21.0,4.0,44.0,24.517569,3.0392935,4.666668,0,124084,train
202.0,42.0,20.0,88.0,27.4064,3.8683157,2.6666718,0,124084,train
34.0,27.0,1.0,20.666666,22.35074,2.5277634,5.333336,0,124084,train
14.0,15.0,7.0,12.0,6.4117956,0.8461879,5.0,0,124084,train
11.0,19.0,8.0,12.666667,9.545214,1.1111135,0.99999905,0,124084,train
207.0,55.0,50.0,104.0,27.560036,6.9103494,31.666664,0,124084,train
77.0,89.0,51.0,72.333336,9.055393,1.3650206,4.6666718,0,124084,train
13.0,14.0,8.0,11.666667,1.4142135,0.31425288,0.0,0,124084,train
98.0,11.0,2.0,37.0,13.106399,1.5216937,2.666668,0,124084,train
42.0,51.0,8.0,33.666668,3.0184655,0.9658475,1.3333321,0,124084,train
13.0,16.0,7.0,12.0,2.666668,0.4714117,0.666667,0,124084,train
203.0,94.0,55.0,117.333336,327.56238,38.429993,111.66669,0,124084,train
147.0,1.0,4.0,50.666668,125.01111,18.795187,72.99999,0,124084,train
99.0,8.0,5.0,37.333332,41.055515,4.267127,6.0000076,0,124084,train
146.0,8.0,5.0,53.0,41.389755,4.9017944,9.666668,0,124084,train
86.0,9.0,0.0,31.666666,10.760014,2.4467223,16.666672,0,124084,train
9.0,14.0,8.0,10.333333,1.4142135,0.3142893,0.0,0,124084,train
186.0,24.0,13.0,74.333336,44.12356,5.3613105,10.666687,0,124084,train
165.0,0.0,9.0,58.0,4.7375603,0.7856128,1.3333321,0,124084,train
63.0,72.0,27.0,54.0,50.51292,5.1626616,4.333332,0,124084,train
26.0,31.0,8.0,21.666666,23.781416,2.4059837,0.33333015,0,124084,train
58.0,15.0,8.0,27.0,6.749487,0.92223907,2.666666,0,124084,train
27.0,30.0,9.0,22.0,34.058773,3.517148,5.333332,0,124084,train
140.0,5.0,0.0,48.333332,105.88569,12.086561,16.000008,0,124084,train
102.0,7.0,5.0,38.0,13.597382,1.7854596,1.3333321,0,124084,train
155.0,31.0,23.0,69.666664,154.56462,16.598215,36.66666,0,124084,train
11.0,13.0,8.0,10.666667,0.0,0.0,0.0,0,124084,train
68.0,74.0,30.0,57.333332,80.77678,11.47623,10.33334,0,124084,train
146.0,1.0,4.0,50.333332,12.481104,1.360811,3.0000038,0,124084,train
139.0,74.0,0.0,71.0,212.03773,22.486628,56.000004,0,124084,train
35.0,45.0,8.0,29.333334,7.5571876,1.6007429,4.666666,0,124084,train
9.0,14.0,10.0,11.0,0.47140542,0.34349465,0.33333397,0,124084,train
143.0,7.0,11.0,53.666668,20.275879,2.8803024,10.000008,0,124084,train
47.0,51.0,16.0,38.0,74.77373,8.886271,5.666668,0,124084,train
170.0,0.0,11.0,60.333332,26.263624,3.4029872,6.999996,0,124084,train
91.0,17.0,8.0,38.666668,8.894441,2.0414407,7.3333397,0,124084,train
72.0,76.0,41.0,63.0,115.980835,12.013481,4.333336,0,124084,train
42.0,48.0,14.0,34.666668,90.79648,9.512533,1.6666641,0,124084,train
147.0,0.0,6.0,51.0,15.606267,2.3727374,10.666668,0,124084,train
51.0,62.0,22.0,45.0,42.219006,4.4363995,11.666664,0,124084,train
134.0,14.0,0.0,49.333332,148.76155,17.275534,58.66667,0,124084,train
136.0,12.0,10.0,52.666668,3.162273,1.5162692,5.3333397,0,124084,train
67.0,73.0,35.0,58.333332,84.1929,8.719226,4.333332,0,124084,train
102.0,109.0,75.0,95.333336,15.092318,1.6924118,5.6666794,0,124084,train
39.0,24.0,3.0,22.0,23.271347,2.595244,8.0,0,124084,train
24.0,14.0,12.0,16.666666,13.274868,1.6101428,0.9999981,0,124084,train
70.0,19.0,2.0,30.333334,12.692958,3.2385805,6.000004,0,124084,train
75.0,17.0,5.0,32.333332,6.6164823,1.8592601,3.9999924,0,124084,train
144.0,10.0,9.0,54.333332,102.34256,12.78803,10.666668,0,124084,train
109.0,124.0,131.0,121.333336,330.52148,33.608124,25.666656,1,126039,train
45.0,39.0,41.0,41.666668,40.66667,4.1035933,5.333332,1,126039,train
35.0,34.0,32.0,33.666668,4.7375607,1.7846732,9.000008,1,126039,train
128.0,130.0,142.0,133.33333,71.20706,10.066284,11.000038,1,126039,train
101.0,95.0,109.0,101.666664,112.674545,16.955278,64.00001,1,126039,train
107.0,139.0,162.0,136.0,287.58496,32.53644,64.66667,1,126039,train
75.0,81.0,115.0,90.333336,120.621544,13.229956,20.666672,1,126039,train
39.0,48.0,55.0,47.333332,8.692269,2.066757,4.999996,1,126039,train
141.0,158.0,178.0,159.0,239.49579,28.23271,49.333336,1,126039,train
115.0,135.0,168.0,139.33333,138.98041,14.846874,1.5258789e-05,1,126039,train
55.0,44.0,48.0,49.0,303.82196,33.877052,68.666664,1,126039,train
45.0,49.0,50.0,48.0,41.0149,4.4503007,2.0,1,126039,train
51.0,66.0,69.0,62.0,84.677155,17.14603,70.33333,1,126039,train
118.0,154.0,190.0,154.0,81.86712,11.168105,37.333344,1,126039,train
39.0,61.0,74.0,58.0,415.16394,46.756035,94.66666,1,126039,train
70.0,50.0,62.0,60.666668,200.19212,20.209667,1.0000076,1,126039,train
115.0,140.0,162.0,139.0,337.11258,38.296055,74.999985,1,126039,train
82.0,103.0,120.0,101.666664,295.69846,30.27151,4.333336,1,126039,train
53.0,66.0,74.0,64.333336,38.16339,5.87313,3.8146973e-06,1,126039,train
128.0,167.0,198.0,164.33333,9.809294,2.239123,2.0000153,1,126039,train
119.0,151.0,202.0,157.33333,79.43829,7.848666,4.9999847,1,126039,train
91.0,131.0,182.0,134.66667,20.869942,5.1675067,0.33332825,1,126039,train
118.0,113.0,119.0,116.666664,54.26272,16.354292,70.000015,1,126039,train
132.0,134.0,147.0,137.66667,70.47304,9.806826,16.333313,1,126039,train
139.0,121.0,119.0,126.333336,56.531216,6.8185897,38.000008,1,126039,train
39.0,33.0,37.0,36.333332,140.74406,21.302704,67.0,1,126039,train
96.0,133.0,185.0,138.0,101.08961,10.281108,15.666672,1,126039,train
41.0,48.0,54.0,47.666668,157.0796,20.484262,64.99999,1,126039,train
117.0,143.0,168.0,142.66667,282.22766,33.564377,73.666695,1,126039,train
120.0,154.0,192.0,155.33333,5.51766,1.9162138,2.666687,1,126039,train
112.0,147.0,203.0,154.0,142.07747,14.986387,6.0,1,126039,train
130.0,166.0,180.0,158.66667,127.47548,16.918232,51.333344,1,126039,train
130.0,158.0,180.0,156.0,25.214638,3.043628,2.3333435,1,126039,train
59.0,55.0,56.0,56.666668,4.4472237,1.3374672,5.666668,1,126039,train
55.0,53.0,56.0,54.666668,19.413622,3.4322758,7.0,1,126039,train
50.0,67.0,97.0,71.333336,197.55394,20.37029,8.999992,1,126039,train
88.0,132.0,181.0,133.66667,4.3461437,0.719429,4.333359,1,126039,train
148.0,182.0,217.0,182.33333,294.60406,29.8163,3.0000153,1,126039,train
141.0,172.0,192.0,168.33333,104.48817,16.803493,63.99997,1,126039,train
151.0,185.0,220.0,185.33333,305.7159,35.55003,8.0000305,1,126039,train
49.0,52.0,57.0,52.666668,406.3444,46.469006,86.99999,1,126039,train
129.0,151.0,165.0,148.33333,215.23373,22.473553,28.33332,1,126039,train
169.0,178.0,187.0,178.0,138.47583,18.368143,107.66667,1,126039,train
114.0,145.0,173.0,144.0,116.39491,16.016958,44.666664,1,126039,train
54.0,60.0,72.0,62.0,46.173584,5.1255717,12.0,1,126039,train
36.0,32.0,31.0,33.0,15.670212,1.7916363,0.9999962,1,126039,train
129.0,151.0,200.0,160.0,74.959236,16.990232,58.333336,1,126039,train
68.0,87.0,93.0,82.666664,253.61736,29.39514,70.0,1,126039,train
55.0,66.0,72.0,64.333336,125.01112,15.306823,44.33333,1,126039,train
105.0,137.0,160.0,134.0,255.09256,29.1111,54.333344,1,126039,train
122.0,158.0,190.0,156.66667,42.64841,4.7803307,7.9999695,1,126039,train
115.0,149.0,174.0,146.0,25.978596,3.2448878,4.6666718,1,126039,train
137.0,168.0,199.0,168.0,58.84255,12.250479,3.6666718,1,126039,train
121.0,136.0,169.0,142.0,297.8818,37.046,92.33333,1,126039,train
58.0,68.0,77.0,67.666664,31.340435,4.806002,10.333321,1,126039,train
131.0,138.0,148.0,139.0,91.39414,10.798763,31.666664,1,126039,train
48.0,58.0,59.0,55.0,14.643926,2.7844522,16.0,1,126039,train
165.0,168.0,187.0,173.33333,271.3477,28.842312,42.33332,1,126039,train
108.0,129.0,134.0,123.666664,441.93713,45.892826,39.666664,1,126039,train
53.0,68.0,87.0,69.333336,435.91028,45.03426,77.999985,1,126039,train
76.0,63.0,72.0,70.333336,250.86606,28.057602,25.66666,1,126039,train
51.0,64.0,83.0,66.0,432.29874,44.832195,89.66666,1,126039,train
96.0,133.0,177.0,135.33333,28.534578,3.6472914,12.666702,1,126039,train
35.0,41.0,55.0,43.666668,82.63037,18.419296,9.666664,1,126039,train
44.0,36.0,34.0,38.0,42.666664,4.426193,2.3333359,1,126039,train
61.0,72.0,78.0,70.333336,101.8332,11.186409,17.0,1,126039,train
113.0,116.0,123.0,117.333336,411.26282,45.481785,29.333344,1,126039,train
34.0,32.0,33.0,33.0,21.129234,2.4298005,6.000004,1,126039,train
120.0,137.0,163.0,140.0,50.881145,6.116384,17.666672,1,126039,train
125.0,157.0,206.0,162.66667,41.667973,5.1425004,18.000015,1,126039,train
139.0,150.0,172.0,153.66667,70.31675,11.502802,45.666687,1,126039,train
53.0,58.0,64.0,58.333332,18.909143,4.271973,22.000008,1,126039,train
156.0,184.0,231.0,190.33333,220.75677,24.22107,40.999985,1,126039,train
88.0,105.0,112.0,101.666664,310.51965,32.25209,30.000015,1,126039,train
51.0,40.0,48.0,46.333332,38.005844,4.2075663,4.6666718,1,126039,train
110.0,138.0,185.0,144.33333,51.31385,5.206291,3.6666412,1,126039,train
64.0,51.0,71.0,62.0,198.48312,27.137707,91.333336,1,126039,train
132.0,165.0,210.0,169.0,69.960304,7.345944,8.666672,1,126039,train
45.0,48.0,55.0,49.333332,218.89519,27.187517,64.66667,1,126039,train
64.0,90.0,117.0,90.333336,377.1713,38.341534,21.333317,1,126039,train
138.0,144.0,158.0,146.66667,112.503815,12.335638,25.00003,1,126039,train
54.0,69.0,76.0,66.333336,257.36444,29.573135,52.333317,1,126039,train
124.0,160.0,184.0,156.0,40.35951,11.284582,9.3333435,1,126039,train
125.0,162.0,207.0,164.66667,10.381601,5.119662,19.666672,1,126039,train
87.0,109.0,156.0,117.333336,25.647173,3.1285918,3.6666565,1,126039,train
31.0,41.0,51.0,41.0,194.02463,27.955624,59.000004,1,126039,train
71.0,89.0,135.0,98.333336,114.174324,13.175054,21.66668,1,126039,train
41.0,32.0,33.0,35.333332,40.933556,4.203982,4.6666737,1,126039,train
37.0,51.0,80.0,56.0,313.7575,34.886417,85.66667,1,126039,train
32.0,32.0,34.0,32.666668,23.645527,3.0554967,5.6666603,1,126039,train
47.0,47.0,45.0,46.333332,10.000006,1.8526006,7.666664,1,126039,train
52.0,57.0,60.0,56.333332,55.4577,14.526259,16.000008,1,126039,train
55.0,36.0,38.0,43.0,17.081503,1.8599986,2.333332,1,126039,train
48.0,66.0,68.0,60.666668,159.12608,24.840614,84.33333,1,126039,train
77.0,96.0,102.0,91.666664,302.64206,33.01108,33.666664,1,126039,train
41.0,64.0,82.0,62.333332,247.5713,39.96885,171.66667,1,126039,train
48.0,55.0,65.0,56.0,212.92929,30.271784,159.33333,1,126039,train
132.0,140.0,161.0,144.33333,97.83887,11.559712,44.33336,1,126039,train
119.0,156.0,198.0,157.66667,68.85089,8.213461,36.33333,1,126039,train
50.0,53.0,62.0,55.0,41.80643,5.108156,14.666668,1,126039,train
89.0,104.0,125.0,106.0,431.33542,44.057888,3.3333244,1,126039,train
37.0,42.0,48.0,42.333332,227.48967,28.125572,87.333336,1,126039,train
56.0,76.0,87.0,73.0,247.70456,28.679771,57.999992,1,126039,train
109.0,128.0,158.0,131.66667,150.44969,19.238024,35.666695,1,126039,train
66.0,81.0,86.0,77.666664,165.38976,21.712927,46.000008,1,126039,train
55.0,70.0,77.0,67.333336,120.0759,16.66157,38.99999,1,126039,train
128.0,161.0,202.0,163.66667,211.33438,30.178635,34.33336,1,126039,train
135.0,169.0,178.0,160.66667,335.46655,41.59144,104.00001,1,126039,train
47.0,37.0,45.0,43.0,57.82925,7.9799247,16.666668,1,126039,train
119.0,158.0,189.0,155.33333,25.26744,2.8246267,4.6666565,1,126039,train
53.0,62.0,59.0,58.0,482.444,54.471752,100.66666,1,126039,train
159.0,169.0,194.0,174.0,199.84052,27.718521,85.33333,1,126039,train
123.0,155.0,193.0,157.0,7.1956754,2.0958478,8.333313,1,126039,train
137.0,154.0,172.0,154.33333,112.66867,14.536794,35.999977,1,126039,train
130.0,164.0,199.0,164.33333,15.733878,3.936756,8.0000305,1,126039,train
145.0,165.0,192.0,167.33333,77.81743,10.336147,32.999985,1,126039,train
131.0,156.0,178.0,155.0,343.3576,40.671825,141.66666,1,126039,train
73.0,82.0,91.0,82.0,11.813357,3.4022338,1.3333282,1,126039,train
39.0,41.0,30.0,36.666668,107.939285,11.802906,19.33333,1,126039,train
59.0,50.0,51.0,53.333332,157.58736,24.983446,2.6666603,1,126039,train
95.0,139.0,184.0,139.33333,4.472136,0.88609046,2.0,0,126039,train
54.0,42.0,42.0,46.0,5.9628525,1.238423,3.3333359,0,126039,train
30.0,32.0,29.0,30.333334,2.8674414,0.46554896,2.999998,0,126039,train
64.0,40.0,40.0,48.0,82.80231,8.569269,2.333332,0,126039,train
53.0,37.0,40.0,43.333332,2.5386004,0.6084729,1.6666641,0,126039,train
116.0,149.0,180.0,148.33333,21.186993,2.5567772,16.000015,0,126039,train
101.0,139.0,178.0,139.33333,16.445175,1.7638958,3.0517578e-05,0,126039,train
115.0,161.0,177.0,151.0,4.0,0.70156074,2.333313,0,126039,train
32.0,33.0,35.0,33.333332,3.1622777,0.4157542,1.0,0,126039,train
85.0,132.0,178.0,131.66667,8.537489,1.1759305,7.3333435,0,126039,train
93.0,137.0,184.0,138.0,4.2426405,0.8315084,2.0,0,126039,train
89.0,133.0,182.0,134.66667,1.6996772,0.35355338,0.0,0,126039,train
129.0,164.0,186.0,159.66667,7.071068,1.2861947,7.3333435,0,126039,train
90.0,132.0,174.0,132.0,20.92312,2.0549102,1.6666718,0,126039,train
36.0,39.0,54.0,43.0,71.693794,7.627129,0.6666641,0,126039,train
117.0,163.0,187.0,155.66667,8.602283,0.8937718,0.666687,0,126039,train
43.0,47.0,46.0,45.333332,11.005053,1.4721951,3.333332,0,126039,train
117.0,144.0,171.0,144.0,26.803831,2.7524846,0.33332825,0,126039,train
48.0,53.0,56.0,52.333332,7.0079317,2.6362298,16.999996,0,126039,train
122.0,163.0,181.0,155.33333,8.666659,1.0183856,3.6666718,0,126039,train
120.0,167.0,183.0,156.66667,11.392024,1.2678415,3.3333435,0,126039,train
106.0,143.0,188.0,145.66667,12.083066,1.5637496,0.33332825,0,126039,train
88.0,131.0,174.0,131.0,2.5385804,0.4635124,0.66667175,0,126039,train
54.0,44.0,43.0,47.0,11.64283,1.7946998,2.666668,0,126039,train
109.0,144.0,184.0,145.66667,41.1636,4.47781,6.6666565,0,126039,train
121.0,164.0,180.0,155.0,8.027732,1.0652537,5.3333282,0,126039,train
28.0,32.0,31.0,30.333334,1.333334,0.6175829,1.333334,0,126039,train
92.0,131.0,172.0,131.66667,20.880613,2.0549102,0.0,0,126039,train
118.0,152.0,187.0,152.33333,29.75829,3.0920134,8.333313,0,126039,train
90.0,133.0,175.0,132.66667,5.6959743,0.6281172,0.666687,0,126039,train
100.0,139.0,178.0,139.0,9.614788,1.1145346,3.3333282,0,126039,train
44.0,31.0,38.0,37.666668,75.16795,8.035079,6.999996,0,126039,train
81.0,103.0,142.0,108.666664,43.769604,4.3772316,2.9999924,0,126039,train
117.0,146.0,206.0,156.33333,140.95943,18.15375,46.00003,0,126039,train
45.0,34.0,40.0,39.666668,133.76018,14.239575,15.666666,0,126039,train
96.0,142.0,192.0,143.33333,13.308291,1.5480583,4.3333282,0,126039,train
61.0,51.0,50.0,54.0,7.0079226,1.0515288,3.333332,0,126039,train
150.0,156.0,180.0,162.0,91.453674,12.885994,10.666672,0,126039,train
89.0,132.0,175.0,132.0,1.4142135,0.3156095,0.0,0,126039,train
107.0,138.0,169.0,138.0,323.34366,35.6679,97.0,0,126039,train
125.0,148.0,189.0,154.0,32.04512,3.7075725,2.6666565,0,126039,train
145.0,167.0,188.0,166.66667,30.695614,3.2049158,0.99998474,0,126039,train
88.0,130.0,172.0,130.0,4.2426515,1.1800755,1.3333359,0,126039,train
146.0,163.0,206.0,171.66667,6.1282535,1.1858541,2.0,0,126039,train
33.0,35.0,34.0,34.0,4.472136,0.49669316,2.0,0,126039,train
109.0,151.0,189.0,149.66667,7.6739144,1.0009761,0.666687,0,126039,train
62.0,55.0,62.0,59.666668,43.461346,5.7841845,20.000004,0,126039,train
115.0,161.0,184.0,153.33333,6.4117856,0.8637672,1.6666718,0,126039,train
53.0,51.0,62.0,55.333332,45.697067,5.0424466,15.999996,0,126039,train
58.0,64.0,78.0,66.666664,100.09108,12.181789,11.33334,0,126039,train
175.0,189.0,226.0,196.66667,32.826138,3.7837026,6.666687,0,126039,train
104.0,145.0,177.0,142.0,20.537237,2.1185565,1.6666718,0,126039,train
90.0,132.0,180.0,134.0,12.0,1.1549824,0.0,0,126039,train
98.0,142.0,189.0,143.0,3.8005695,0.5077524,1.6666718,0,126039,train
145.0,165.0,189.0,166.33333,43.708633,4.789311,1.0,0,126039,train
34.0,36.0,35.0,35.0,10.088501,1.1306822,3.666668,0,126039,train
93.0,135.0,183.0,137.0,4.0551605,0.631219,2.6666718,0,126039,train
85.0,128.0,171.0,128.0,4.2426405,0.47186464,2.0,0,126039,train
62.0,62.0,62.0,62.0,304.61084,34.01343,57.33333,0,126039,train
88.0,130.0,172.0,130.0,13.333313,1.3968436,1.3333282,0,126039,train
59.0,53.0,55.0,55.666668,4.0,1.8856468,8.0,0,126039,train
45.0,48.0,63.0,52.0,70.37202,7.425525,2.0,0,126039,train
63.0,56.0,63.0,60.666668,14.8024,3.2977636,14.33334,0,126039,train
96.0,140.0,189.0,141.66667,8.246211,0.94269395,0.0,0,126039,train
86.0,113.0,168.0,122.333336,7.0079484,9.406405,48.33333,0,126039,train
31.0,31.0,31.0,31.0,1.4142135,0.7536127,3.666666,0,126039,train
91.0,137.0,186.0,138.0,2.4037108,0.8315084,2.6666565,0,126039,train
38.0,46.0,49.0,44.333332,15.092314,1.5713034,7.6293945e-06,0,126039,train
125.0,154.0,184.0,154.33333,46.21927,7.9680758,28.333328,0,126039,train
51.0,36.0,39.0,42.0,7.615773,1.1654512,5.0,0,126039,train
88.0,132.0,181.0,133.66667,4.807396,1.0038986,4.3333282,0,126039,train
52.0,44.0,68.0,54.666668,85.89657,15.147034,55.666656,0,126039,train
43.0,43.0,51.0,45.666668,259.2198,31.333775,40.999992,0,126039,train
122.0,168.0,192.0,160.66667,13.498985,1.5989499,5.333374,0,126039,train
122.0,170.0,190.0,160.66667,5.206859,0.5448624,1.6666565,0,126039,train
40.0,48.0,59.0,49.0,239.02812,29.497335,69.0,0,126039,train
95.0,139.0,188.0,140.66667,35.68067,3.8514912,4.6666565,0,126039,train
92.0,131.0,174.0,132.33333,20.055481,2.7232363,4.6666565,0,126039,train
89.0,132.0,175.0,132.0,7.601187,0.98623335,3.0,0,126039,train
87.0,130.0,173.0,130.0,4.4472017,0.6846532,4.6666718,0,126039,train
100.0,142.0,184.0,142.0,9.672401,1.1197796,1.6666565,0,126039,train
96.0,140.0,189.0,141.66667,12.165538,1.3139873,0.3333435,0,126039,train
107.0,142.0,184.0,144.33333,24.092443,2.9020467,0.99998474,0,126039,train
52.0,42.0,43.0,45.666668,11.045361,1.5947454,6.666664,0,126039,train
35.0,31.0,30.0,32.0,16.0,2.219135,5.666668,0,126039,train
108.0,148.0,183.0,146.33333,31.169765,3.086956,1.0000153,0,126039,train
93.0,134.0,178.0,135.0,19.379251,2.1986325,1.6666718,0,126039,train
39.0,37.0,38.0,38.0,19.787766,2.0535138,1.0,0,126039,train
117.0,158.0,180.0,151.66667,4.4472017,0.5659616,0.66667175,0,126039,train
99.0,142.0,193.0,144.66667,5.0990195,0.5659616,0.0,0,126039,train
56.0,51.0,47.0,51.333332,4.055176,0.79257417,1.6666718,0,126039,train
119.0,163.0,192.0,158.0,19.516401,2.3435416,2.0,0,126039,train
114.0,164.0,191.0,156.33333,11.045334,1.2311072,0.333313,0,126039,train
44.0,50.0,66.0,53.333332,54.994953,6.5677805,9.33334,0,126039,train
96.0,139.0,190.0,141.66667,5.656854,0.6846532,2.0,0,126039,train
121.0,160.0,191.0,157.33333,21.468325,3.7549446,1.666687,0,126039,train
123.0,123.0,133.0,126.333336,61.40033,11.249132,16.66668,0,126039,train
100.0,142.0,180.0,140.66667,17.950546,2.0874438,1.3333588,0,126039,train
119.0,167.0,189.0,158.33333,14.12643,1.4476544,1.666687,0,126039,train
111.0,154.0,186.0,150.33333,17.133465,1.8011498,0.666687,0,126039,train
54.0,57.0,72.0,61.0,23.57022,4.9676933,15.000004,0,126039,train
29.0,35.0,51.0,38.333332,29.306805,4.9115467,12.3333435,0,126039,train
101.0,131.0,185.0,139.0,30.886911,3.577545,1.3333435,0,126039,train
98.0,142.0,191.0,143.66667,7.2111025,0.8160978,1.0,0,126039,train
130.0,151.0,182.0,154.33333,69.02011,10.692524,34.666656,0,126039,train
123.0,165.0,189.0,159.0,18.196426,1.875,1.3333282,0,126039,train
116.0,143.0,196.0,151.66667,17.82008,3.1659813,19.00003,0,126039,train
103.0,142.0,183.0,142.66667,14.6439495,1.4757149,1.0000153,0,126039,train
138.0,143.0,163.0,148.0,69.82675,7.3541813,14.0,0,126039,train
150.0,169.0,199.0,172.66667,28.79045,3.2334313,5.6667023,0,126039,train
99.0,141.0,191.0,143.66667,7.60115,0.9174949,0.66667175,0,126039,train
115.0,160.0,181.0,152.0,6.9602137,0.74477345,0.66667175,0,126039,train
27.0,33.0,29.0,29.666666,0.47140542,0.22221035,0.33333397,0,126039,train
111.0,94.0,110.0,105.0,82.57658,14.361968,73.0,0,126039,train
89.0,131.0,173.0,131.0,14.337189,1.6381679,0.6666565,0,126039,train
51.0,37.0,37.0,41.666668,6.4117975,1.3240747,10.333328,0,126039,train
106.0,135.0,193.0,144.66667,19.327593,1.9560603,1.3333282,0,126039,train
112.0,158.0,194.0,154.66667,28.382313,3.122499,0.6666565,0,126039,train
98.0,141.0,192.0,143.66667,11.47948,1.2445192,2.3333435,0,126039,train
79.0,105.0,162.0,115.333336,12.578646,1.4823177,3.9999847,0,126039,train
57.0,57.0,47.0,53.666668,71.26319,11.189726,35.999992,1,130034,train
90.0,95.0,75.0,86.666664,104.04273,16.592014,42.000008,1,130034,train
75.0,94.0,66.0,78.333336,106.25024,15.412825,41.33332,1,130034,train
113.0,110.0,95.0,106.0,362.9671,37.786938,44.000004,1,130034,train
53.0,75.0,62.0,63.333332,142.51706,17.121044,3.6666641,1,130034,train
53.0,81.0,56.0,63.333332,146.23953,19.30074,22.666668,1,130034,train
71.0,74.0,57.0,67.333336,228.65793,25.5894,35.999992,1,130034,train
114.0,118.0,95.0,109.0,133.44829,14.803366,47.666664,1,130034,train
68.0,91.0,62.0,73.666664,24.230385,12.495019,9.333328,1,130034,train
54.0,56.0,45.0,51.666668,16.034685,5.3873405,4.333336,1,130034,train
43.0,70.0,51.0,54.666668,68.8186,13.422948,53.66666,1,130034,train
43.0,76.0,49.0,56.0,162.12067,17.978027,77.333336,1,130034,train
55.0,55.0,45.0,51.666668,46.6881,18.369406,24.66666,1,130034,train
110.0,103.0,93.0,102.0,23.142088,13.994663,41.333344,1,130034,train
217.0,211.0,197.0,208.33333,197.34288,37.564945,298.0,1,130034,train
129.0,116.0,97.0,114.0,142.38057,17.07869,47.333344,1,130034,train
65.0,94.0,66.0,75.0,109.99495,19.471684,31.333332,1,130034,train
97.0,96.0,78.0,90.333336,152.63974,17.782705,2.9999924,1,130034,train
185.0,175.0,163.0,174.33333,163.04121,32.911427,61.33332,1,130034,train
143.0,152.0,135.0,143.33333,178.36044,26.032957,200.99997,1,130034,train
197.0,181.0,155.0,177.66667,137.58066,26.663923,163.66669,1,130034,train
72.0,66.0,44.0,60.666668,267.1733,39.349472,209.0,1,130034,train
135.0,133.0,108.0,125.333336,135.56548,19.661963,1.3333206,1,130034,train
43.0,69.0,44.0,52.0,76.36898,9.599538,21.666664,1,130034,train
144.0,131.0,114.0,129.66667,136.71465,19.205915,51.666687,1,130034,train
62.0,92.0,66.0,73.333336,83.20524,14.613627,46.666664,1,130034,train
99.0,104.0,84.0,95.666664,169.44943,20.26357,50.000015,1,130034,train
77.0,73.0,62.0,70.666664,16.878658,16.399403,100.000015,1,130034,train
69.0,61.0,48.0,59.333332,240.25218,25.584028,104.66667,1,130034,train
52.0,49.0,42.0,47.666668,234.4592,29.982702,114.0,1,130034,train
142.0,132.0,120.0,131.33333,205.45938,27.628393,35.333313,1,130034,train
192.0,166.0,149.0,169.0,58.214146,22.9168,93.66666,1,130034,train
34.0,58.0,42.0,44.666668,127.36649,18.44563,84.99999,1,130034,train
152.0,139.0,122.0,137.66667,66.44128,18.109476,32.666656,1,130034,train
144.0,126.0,114.0,128.0,52.4955,7.563404,4.666664,1,130034,train
52.0,82.0,58.0,64.0,162.36105,17.420103,22.333336,1,130034,train
114.0,108.0,96.0,106.0,189.57553,21.987656,15.000008,1,130034,train
117.0,123.0,109.0,116.333336,146.55301,20.189726,62.333344,1,130034,train
86.0,78.0,67.0,77.0,109.18079,20.007275,69.33333,1,130034,train
162.0,151.0,131.0,148.0,19.235388,14.491377,16.666672,1,130034,train
69.0,83.0,66.0,72.666664,145.89189,17.636549,25.666672,1,130034,train
86.0,83.0,74.0,81.0,96.28315,13.009124,63.000004,1,130034,train
145.0,147.0,125.0,139.0,51.822346,25.677101,76.33334,1,130034,train
98.0,97.0,77.0,90.666664,52.470097,13.534714,44.333336,1,130034,train
78.0,87.0,66.0,77.0,144.07791,16.69882,27.333336,1,130034,train
151.0,128.0,112.0,130.33333,73.37575,21.69772,53.0,1,130034,train
101.0,96.0,77.0,91.333336,267.4476,30.821579,88.99998,1,130034,train
85.0,73.0,59.0,72.333336,268.6166,31.889105,165.33331,1,130034,train
222.0,202.0,191.0,205.0,153.53972,27.986708,189.0,1,130034,train
72.0,86.0,69.0,75.666664,112.33384,12.47519,19.333344,1,130034,train
84.0,78.0,62.0,74.666664,106.46647,17.89392,77.66669,1,130034,train
201.0,176.0,156.0,177.66667,108.88118,24.670525,154.33336,1,130034,train
103.0,92.0,86.0,93.666664,159.51314,27.245592,40.333344,1,130034,train
109.0,101.0,98.0,102.666664,220.11815,31.390045,73.00002,1,130034,train
61.0,59.0,47.0,55.666668,45.03086,10.704528,26.333328,1,130034,train
50.0,46.0,35.0,43.666668,43.23066,14.569632,42.33333,1,130034,train
60.0,71.0,55.0,62.0,154.62355,18.495302,44.666664,1,130034,train
89.0,92.0,71.0,84.0,227.56879,22.672903,7.333336,1,130034,train
131.0,123.0,104.0,119.333336,281.90622,29.349323,4.333336,1,130034,train
95.0,80.0,61.0,78.666664,24.267027,12.55486,40.000008,1,130034,train
109.0,101.0,90.0,100.0,119.74787,22.306416,114.333336,1,130034,train
150.0,137.0,128.0,138.33333,102.35992,14.851676,39.33332,1,130034,train
113.0,105.0,94.0,104.0,172.09042,19.221266,16.333336,1,130034,train
88.0,97.0,78.0,87.666664,148.69507,18.74586,36.000008,1,130034,train
158.0,160.0,136.0,151.33333,97.66154,19.311615,143.66666,1,130034,train
129.0,121.0,110.0,120.0,93.672005,13.015466,50.33333,1,130034,train
54.0,56.0,45.0,51.666668,71.18365,10.905891,54.33333,1,130034,train
138.0,125.0,109.0,124.0,278.86914,33.156956,77.33334,1,130034,train
120.0,117.0,102.0,113.0,357.3389,39.51844,35.666664,1,130034,train
136.0,115.0,98.0,116.333336,138.76918,20.42402,86.66664,1,130034,train
99.0,101.0,87.0,95.666664,44.544605,17.191704,7.6293945e-06,1,130034,train
174.0,155.0,140.0,156.33333,110.844246,19.194777,6.6666946,1,130034,train
64.0,76.0,66.0,68.666664,81.55434,16.578117,18.333328,1,130034,train
48.0,50.0,39.0,45.666668,37.31547,8.816378,46.333332,1,130034,train
27.0,45.0,29.0,33.666668,76.512886,22.006985,71.66666,1,130034,train
118.0,106.0,92.0,105.333336,120.71269,25.864695,73.66665,1,130034,train
160.0,128.0,117.0,135.0,180.40758,22.87641,102.999985,1,130034,train
117.0,113.0,102.0,110.666664,107.012985,13.761749,22.000015,1,130034,train
137.0,138.0,106.0,127.0,178.7077,23.29121,5.6666718,1,130034,train
94.0,90.0,81.0,88.333336,56.334324,11.179947,16.000015,1,130034,train
88.0,89.0,81.0,86.0,29.154753,9.697198,10.666672,1,130034,train
70.0,71.0,57.0,66.0,165.00839,26.298895,164.66666,1,130034,train
134.0,132.0,111.0,125.666664,146.84837,22.974192,20.666672,1,130034,train
74.0,72.0,51.0,65.666664,27.455,12.2786255,6.3333435,1,130034,train
55.0,53.0,40.0,49.333332,297.94034,33.053646,153.00002,1,130034,train
98.0,135.0,102.0,111.666664,59.01789,18.860844,82.66666,1,130034,train
161.0,140.0,123.0,141.33333,152.01826,22.309742,33.33335,1,130034,train
96.0,96.0,88.0,93.333336,194.69519,23.141602,43.666683,1,130034,train
60.0,60.0,58.0,59.333332,10.077488,2.866453,23.333328,1,130034,train
113.0,105.0,84.0,100.666664,217.90775,32.72369,85.66669,1,130034,train
52.0,63.0,59.0,58.0,97.06813,11.775446,19.999996,1,130034,train
61.0,59.0,47.0,55.666668,109.42374,12.129711,31.666656,1,130034,train
114.0,116.0,102.0,110.666664,66.01345,8.293976,17.33332,1,130034,train
135.0,136.0,128.0,133.0,289.6039,34.88396,14.666664,1,130034,train
68.0,65.0,50.0,61.0,206.66777,29.643982,74.33334,1,130034,train
99.0,91.0,80.0,90.0,46.39206,19.315939,26.666664,1,130034,train
209.0,185.0,175.0,189.66667,214.9982,26.932932,119.66667,1,130034,train
139.0,116.0,108.0,121.0,62.52644,10.056675,29.000008,1,130034,train
173.0,155.0,145.0,157.66667,135.92238,20.249084,126.33335,1,130034,train
53.0,55.0,41.0,49.666668,77.92447,9.599105,37.33333,1,130034,train
143.0,131.0,117.0,130.33333,383.79883,39.315754,67.33331,1,130034,train
71.0,65.0,53.0,63.0,240.72575,33.70429,67.33333,1,130034,train
89.0,86.0,79.0,84.666664,83.294655,20.046516,16.333324,1,130034,train
118.0,110.0,91.0,106.333336,268.86594,28.27702,30.999985,1,130034,train
114.0,113.0,92.0,106.333336,83.42928,11.398285,2.6666718,1,130034,train
157.0,150.0,134.0,147.0,252.67459,36.373726,134.0,1,130034,train
51.0,50.0,45.0,48.666668,21.296848,2.8332567,5.999996,1,130034,train
77.0,77.0,67.0,73.666664,131.06912,15.49042,26.999985,1,130034,train
85.0,83.0,60.0,76.0,69.40543,15.391188,36.333336,1,130034,train
64.0,68.0,53.0,61.666668,63.357887,18.230177,106.99999,1,130034,train
131.0,125.0,113.0,123.0,44.13364,10.947094,10.3333435,1,130034,train
156.0,146.0,136.0,146.0,162.54774,21.059416,73.666664,1,130034,train
126.0,123.0,106.0,118.333336,160.09232,17.066334,50.66667,1,130034,train
110.0,116.0,102.0,109.333336,148.91907,17.029215,40.333336,1,130034,train
61.0,58.0,51.0,56.666668,158.24103,20.501596,42.66666,1,130034,train
80.0,104.0,70.0,84.666664,21.002638,8.618091,27.999992,1,130034,train
54.0,55.0,41.0,50.0,32.26626,19.18297,21.666668,1,130034,train
137.0,133.0,121.0,130.33333,213.47339,24.137545,71.33331,1,130034,train
80.0,80.0,72.0,77.333336,242.9156,24.77253,20.333324,1,130034,train
214.0,186.0,175.0,191.66667,92.127945,21.800364,81.66669,1,130034,train
172.0,161.0,143.0,158.66667,139.77284,15.245196,67.000015,0,130034,train
205.0,182.0,140.0,175.66667,174.26991,25.048119,51.33335,0,130034,train
98.0,103.0,83.0,94.666664,45.52166,11.026468,11.999985,0,130034,train
104.0,124.0,87.0,105.0,173.09023,19.509087,31.666672,0,130034,train
109.0,108.0,77.0,98.0,193.79372,24.816101,39.666664,0,130034,train
158.0,149.0,134.0,147.0,126.95493,15.464804,0.33332825,0,130034,train
95.0,113.0,89.0,99.0,100.38149,11.135243,52.999992,0,130034,train
110.0,114.0,100.0,108.0,57.713863,10.414833,50.333336,0,130034,train
99.0,121.0,98.0,106.0,139.3477,14.006172,37.666664,0,130034,train
150.0,134.0,111.0,131.66667,181.0519,35.46882,49.999992,0,130034,train
57.0,94.0,61.0,70.666664,95.54639,15.109577,14.666668,0,130034,train
111.0,95.0,79.0,95.0,339.89575,39.461823,80.000015,0,130034,train
140.0,135.0,116.0,130.33333,70.42883,13.497251,93.33331,0,130034,train
210.0,195.0,166.0,190.33333,88.06311,23.798101,152.33331,0,130034,train
139.0,132.0,103.0,124.666664,208.00107,43.51847,22.000015,0,130034,train
120.0,108.0,94.0,107.333336,183.41269,21.84784,80.33332,0,130034,train
116.0,112.0,101.0,109.666664,36.08633,7.864825,30.999992,0,130034,train
137.0,132.0,112.0,127.0,153.72775,30.23731,47.666656,0,130034,train
113.0,107.0,95.0,105.0,138.5007,15.640336,20.0,0,130034,train
165.0,154.0,132.0,150.33333,112.9995,19.526775,76.66664,0,130034,train
133.0,123.0,111.0,122.333336,97.66723,13.887346,90.66667,0,130034,train
92.0,106.0,80.0,92.666664,198.14531,19.802738,18.000008,0,130034,train
147.0,140.0,114.0,133.66667,72.69419,8.895553,9.333359,0,130034,train
131.0,139.0,116.0,128.66667,78.7937,22.495008,20.000015,0,130034,train
150.0,133.0,117.0,133.33333,112.16259,17.816639,30.999977,0,130034,train
111.0,100.0,78.0,96.333336,241.13528,26.417564,113.999985,0,130034,train
179.0,164.0,143.0,162.0,237.75105,32.325283,42.33333,0,130034,train
120.0,119.0,98.0,112.333336,132.48396,15.360257,49.666656,0,130034,train
137.0,125.0,101.0,121.0,197.67653,29.70322,70.99999,0,130034,train
143.0,126.0,108.0,125.666664,107.04621,16.280321,68.333336,0,130034,train
110.0,97.0,78.0,95.0,64.752525,15.924965,65.33333,0,130034,train
119.0,110.0,95.0,108.0,14.666672,12.504608,60.000008,0,130034,train
203.0,187.0,164.0,184.66667,83.43992,20.673098,205.00003,0,130034,train
105.0,102.0,85.0,97.333336,29.683514,11.902886,31.666656,0,130034,train
164.0,161.0,144.0,156.33333,130.77545,18.977577,117.99998,0,130034,train
195.0,180.0,151.0,175.33333,52.26004,13.7264,79.3333,0,130034,train
109.0,118.0,97.0,108.0,180.26216,25.266983,63.66667,0,130034,train
121.0,114.0,96.0,110.333336,86.26188,15.8722315,23.999992,0,130034,train
102.0,109.0,91.0,100.666664,131.20978,15.042973,26.333328,0,130034,train
92.0,101.0,82.0,91.666664,14.4221945,10.076272,14.000015,0,130034,train
147.0,127.0,116.0,130.0,303.22858,33.67087,40.66667,0,130034,train
134.0,136.0,115.0,128.33333,49.67897,12.24035,92.333305,0,130034,train
141.0,135.0,119.0,131.66667,323.34363,34.558037,62.33334,0,130034,train
109.0,108.0,88.0,101.666664,37.668144,9.503854,21.999985,0,130034,train
82.0,82.0,80.0,81.333336,77.01226,9.390586,16.333347,0,130034,train
166.0,150.0,137.0,151.0,43.67557,7.867804,20.666656,0,130034,train
73.0,107.0,74.0,84.666664,124.762,14.045597,18.666656,0,130034,train
140.0,130.0,105.0,125.0,111.26444,14.637515,36.666664,0,130034,train
140.0,129.0,111.0,126.666664,98.99271,11.236102,18.333328,0,130034,train
112.0,131.0,111.0,118.0,136.82916,20.102884,107.99999,0,130034,train
130.0,136.0,110.0,125.333336,115.33527,22.499414,25.666664,0,130034,train
87.0,104.0,85.0,92.0,63.653584,7.822088,26.333336,0,130034,train
88.0,80.0,69.0,79.0,56.805714,13.321373,62.0,0,130034,train
91.0,92.0,87.0,90.0,142.7414,18.48924,42.000004,0,130034,train
141.0,129.0,117.0,129.0,180.09195,21.944956,80.0,0,130034,train
79.0,84.0,64.0,75.666664,38.577496,16.965296,108.66667,0,130034,train
96.0,87.0,70.0,84.333336,155.00896,30.643297,161.33331,0,130034,train
136.0,137.0,106.0,126.333336,129.06502,16.289165,13.000015,0,130034,train
151.0,131.0,120.0,134.0,110.79513,18.107372,54.000015,0,130034,train
71.0,72.0,56.0,66.333336,8.232726,4.4834766,12.666664,0,130034,train
165.0,152.0,133.0,150.0,81.7,15.034921,121.33333,0,130034,train
98.0,88.0,76.0,87.333336,174.40182,26.526077,50.333317,0,130034,train
108.0,118.0,91.0,105.666664,115.412285,17.615328,61.333344,0,130034,train
144.0,123.0,106.0,124.333336,166.52863,24.944431,42.999992,0,130034,train
140.0,114.0,91.0,115.0,94.73353,15.739331,44.0,0,130034,train
92.0,101.0,80.0,91.0,76.44461,12.033319,57.000008,0,130034,train
62.0,95.0,74.0,77.0,93.00537,13.118097,26.333332,0,130034,train
125.0,129.0,104.0,119.333336,208.43596,28.491467,131.0,0,130034,train
146.0,134.0,110.0,130.0,240.30814,28.64887,31.0,0,130034,train
88.0,109.0,92.0,96.333336,29.363628,11.073287,28.333336,0,130034,train
97.0,85.0,69.0,83.666664,33.57248,21.560734,120.33334,0,130034,train
153.0,140.0,124.0,139.0,118.57861,19.414576,48.666656,0,130034,train
117.0,121.0,94.0,110.666664,117.2168,15.918831,9.999992,0,130034,train
120.0,108.0,94.0,107.333336,100.56067,17.467995,119.33333,0,130034,train
92.0,104.0,82.0,92.666664,85.64787,10.678359,17.66668,0,130034,train
72.0,81.0,64.0,72.333336,64.75252,13.668901,43.33333,0,130034,train
175.0,152.0,136.0,154.33333,69.87292,18.279621,17.666656,0,130034,train
60.0,95.0,63.0,72.666664,46.859142,8.220711,37.66667,0,130034,train
85.0,86.0,72.0,81.0,37.623867,18.465445,138.33333,0,130034,train
183.0,163.0,154.0,166.66667,229.29703,32.7548,93.66668,0,130034,train
105.0,99.0,83.0,95.666664,173.44226,21.187246,127.333336,0,130034,train
135.0,125.0,113.0,124.333336,96.49985,10.825228,59.999985,0,130034,train
143.0,131.0,115.0,129.66667,211.02187,26.535355,18.666656,0,130034,train
131.0,131.0,107.0,123.0,27.345518,9.206772,31.666664,0,130034,train
88.0,80.0,61.0,76.333336,53.90732,17.505857,59.999992,0,130034,train
145.0,141.0,116.0,134.0,44.063065,7.763471,2.6666641,0,130034,train
110.0,114.0,91.0,105.0,96.79876,16.62735,11.666664,0,130034,train
62.0,83.0,50.0,65.0,46.39204,6.4387136,26.666664,0,130034,train
119.0,115.0,90.0,108.0,165.08719,20.539667,3.0,0,130034,train
90.0,104.0,87.0,93.666664,142.14624,17.823517,46.66668,0,130034,train
170.0,170.0,144.0,161.33333,145.98705,23.75966,93.66665,0,130034,train
149.0,142.0,123.0,138.0,262.16193,31.492792,82.66667,0,130034,train
80.0,100.0,73.0,84.333336,169.81622,21.29045,28.333328,0,130034,train
85.0,121.0,95.0,100.333336,183.47993,19.967882,33.66668,0,130034,train
97.0,88.0,73.0,86.0,124.04033,23.908987,47.66667,0,130034,train
107.0,110.0,93.0,103.333336,143.7436,16.115913,54.66665,0,130034,train
177.0,160.0,144.0,160.33333,116.55898,19.885414,22.66668,0,130034,train
114.0,111.0,96.0,107.0,85.11039,12.079449,3.3333435,0,130034,train
105.0,130.0,100.0,111.666664,173.4064,19.807793,14.333328,0,130034,train
135.0,128.0,112.0,125.0,102.69371,20.661356,2.3333282,0,130034,train
104.0,98.0,74.0,92.0,133.73936,18.932936,44.0,0,130034,train
143.0,139.0,110.0,130.66667,52.334408,10.392493,27.666649,0,130034,train
89.0,99.0,75.0,87.666664,97.06811,10.938036,39.333344,0,130034,train
94.0,91.0,74.0,86.333336,66.57327,17.48138,42.666656,0,130034,train
132.0,137.0,114.0,127.666664,75.43061,11.882934,67.99999,0,130034,train
107.0,106.0,88.0,100.333336,155.14868,27.099463,42.66668,0,130034,train
158.0,145.0,128.0,143.66667,231.06805,25.0998,12.999992,0,130034,train
95.0,103.0,82.0,93.333336,166.27956,19.31657,3.9999924,0,130034,train
111.0,120.0,103.0,111.333336,90.91754,14.943595,85.33334,0,130034,train
153.0,118.0,99.0,123.333336,60.28452,10.916989,11.666687,0,130034,train
67.0,102.0,60.0,76.333336,201.84593,30.795626,5.666664,0,130034,train
126.0,113.0,94.0,111.0,35.55903,18.676548,25.333328,0,130034,train
97.0,94.0,77.0,89.333336,182.07753,24.257952,48.666664,0,130034,train
136.0,130.0,108.0,124.666664,140.28938,19.640644,4.6666718,0,130034,train
130.0,118.0,106.0,118.0,128.91428,24.098795,24.000008,0,130034,train
140.0,141.0,127.0,136.0,184.01935,23.02228,65.33333,0,130034,train
97.0,117.0,92.0,102.0,62.64006,8.33526,27.333336,0,130034,train
97.0,97.0,87.0,93.666664,43.230644,7.2624826,32.666656,0,130034,train
116.0,101.0,80.0,99.0,64.11793,20.443472,108.33334,0,130034,train
107.0,119.0,95.0,107.0,103.30644,15.707998,39.66667,0,130034,train
252.0,250.0,251.0,251.0,2.0,1.118034,13.3333435,1,101085,val
134.0,155.0,122.0,137.0,113.99513,15.812129,48.333344,1,101085,val
141.0,155.0,104.0,133.33333,514.02747,55.205563,30.666649,1,101085,val
53.0,61.0,46.0,53.333332,66.16478,13.774605,25.000008,1,101085,val
119.0,134.0,101.0,118.0,695.185,67.19546,57.66667,1,101085,val
235.0,255.0,167.0,219.0,258.83887,39.66244,111.66667,1,101085,val
38.0,45.0,29.0,37.333332,74.87026,21.337252,55.0,1,101085,val
86.0,100.0,83.0,89.666664,209.79779,25.315355,18.000008,1,101085,val
94.0,108.0,91.0,97.666664,517.8503,55.62538,54.33332,1,101085,val
253.0,253.0,255.0,253.66667,209.41824,32.02837,38.000015,1,101085,val
82.0,95.0,78.0,85.0,44.47221,9.269326,39.0,1,101085,val
79.0,91.0,71.0,80.333336,254.23042,32.91064,14.333328,1,101085,val
0.0,8.0,2.0,3.3333333,179.91725,19.575396,66.666664,1,101085,val
112.0,117.0,111.0,113.333336,428.64178,52.327023,138.0,1,101085,val
12.0,23.0,15.0,16.666666,9.00617,3.5350482,28.999998,1,101085,val
228.0,227.0,179.0,211.33333,16.013882,10.501302,26.666672,1,101085,val
82.0,93.0,77.0,84.0,31.598175,5.6151824,40.66667,1,101085,val
41.0,53.0,39.0,44.333332,19.742792,6.85195,15.000004,1,101085,val
139.0,158.0,136.0,144.33333,117.009026,17.465256,4.333313,1,101085,val
95.0,111.0,82.0,96.0,181.0807,20.129683,70.333336,1,101085,val
107.0,119.0,79.0,101.666664,138.07326,28.405993,92.000015,1,101085,val
122.0,135.0,105.0,120.666664,307.36624,34.721508,2.9999847,1,101085,val
48.0,60.0,50.0,52.666668,248.63942,27.490965,4.333338,1,101085,val
28.0,52.0,4.0,28.0,269.41583,46.69914,204.99998,1,101085,val
91.0,103.0,79.0,91.0,38.692524,13.301565,19.999992,1,101085,val
83.0,109.0,70.0,87.333336,396.98868,44.703712,51.999992,1,101085,val
124.0,130.0,104.0,119.333336,181.158,23.351194,93.000015,1,101085,val
52.0,62.0,28.0,47.333332,406.77213,49.527138,94.00001,1,101085,val
255.0,255.0,255.0,255.0,1.0540861,0.9802742,2.6666718,1,101085,val
48.0,77.0,47.0,57.333332,171.27042,19.4334,31.000004,1,101085,val
168.0,190.0,115.0,157.66667,188.4893,25.657753,91.33331,1,101085,val
161.0,163.0,141.0,155.0,684.986,74.18236,54.99999,1,101085,val
67.0,77.0,69.0,71.0,71.25852,10.573681,10.999996,1,101085,val
48.0,56.0,43.0,49.0,70.515564,11.13885,33.0,1,101085,val
59.0,72.0,54.0,61.666668,179.7937,20.434048,34.999996,1,101085,val
185.0,190.0,158.0,177.66667,589.7691,69.52651,181.66669,1,101085,val
86.0,98.0,86.0,90.0,200.91403,32.783237,108.333336,1,101085,val
126.0,171.0,78.0,125.0,75.73345,15.041285,63.66667,1,101085,val
242.0,255.0,231.0,242.66667,316.2,55.348434,156.00002,1,101085,val
133.0,143.0,119.0,131.66667,780.95807,79.64931,10.666698,1,101085,val
124.0,142.0,118.0,128.0,302.46692,36.093845,33.000015,1,101085,val
45.0,59.0,36.0,46.666668,46.207264,10.155709,30.66666,1,101085,val
60.0,77.0,58.0,65.0,125.94267,14.525519,22.999996,1,101085,val
50.0,73.0,44.0,55.666668,436.63205,47.296234,134.0,1,101085,val
96.0,108.0,86.0,96.666664,79.434105,34.47239,49.66667,1,101085,val
236.0,242.0,228.0,235.33333,389.75916,46.42156,59.99997,1,101085,val
120.0,151.0,83.0,118.0,515.85376,55.133972,61.666664,1,101085,val
136.0,145.0,100.0,127.0,38.078865,6.091506,7.0,1,101085,val
99.0,110.0,76.0,95.0,94.28091,14.344958,56.0,1,101085,val
61.0,99.0,50.0,70.0,158.78217,25.044863,44.333336,1,101085,val
144.0,155.0,115.0,138.0,371.752,40.32771,91.666664,1,101085,val
157.0,172.0,149.0,159.33333,382.1681,43.13768,84.999985,1,101085,val
55.0,69.0,52.0,58.666668,68.0996,12.09936,108.666664,1,101085,val
93.0,113.0,88.0,98.0,201.84593,23.201752,31.0,1,101085,val
8.0,14.0,14.0,12.0,125.64853,17.729874,8.666666,1,101085,val
64.0,77.0,57.0,66.0,96.231186,10.030787,10.0,1,101085,val
255.0,255.0,251.0,253.66667,439.10867,50.16512,155.33336,1,101085,val
55.0,67.0,47.0,56.333332,557.81573,64.17337,160.0,1,101085,val
0.0,7.0,0.0,2.3333333,140.81824,22.17872,65.666664,1,101085,val
254.0,255.0,244.0,251.0,271.9191,31.229994,77.33333,1,101085,val
91.0,114.0,86.0,97.0,411.1453,49.87368,23.0,1,101085,val
51.0,71.0,44.0,55.333332,380.2353,42.329727,25.333332,1,101085,val
195.0,213.0,187.0,198.33333,260.07608,33.33562,81.999985,1,101085,val
68.0,80.0,66.0,71.333336,30.335175,5.5865874,3.3333473,1,101085,val
155.0,171.0,106.0,144.0,687.7164,69.79501,51.000008,1,101085,val
78.0,84.0,70.0,77.333336,74.714264,10.793336,64.33334,1,101085,val
152.0,192.0,95.0,146.33333,277.18628,31.562004,70.666695,1,101085,val
80.0,92.0,70.0,80.666664,26.098103,5.724084,5.3333282,1,101085,val
173.0,210.0,130.0,171.0,183.05617,26.627018,162.66666,1,101085,val
88.0,102.0,67.0,85.666664,264.45078,37.004883,62.333344,1,101085,val
36.0,49.0,42.0,42.333332,155.48132,18.463177,46.000008,1,101085,val
128.0,141.0,111.0,126.666664,76.07745,8.985665,19.666664,1,101085,val
39.0,59.0,22.0,40.0,306.39877,43.083065,146.0,1,101085,val
152.0,164.0,140.0,152.0,342.68027,44.737362,66.0,1,101085,val
95.0,109.0,92.0,98.666664,481.19528,49.17067,24.666672,1,101085,val
231.0,235.0,218.0,228.0,370.61896,38.112602,61.666656,1,101085,val
141.0,175.0,140.0,152.0,41.16362,14.938546,14.333328,1,101085,val
200.0,231.0,153.0,194.66667,78.23042,29.451729,85.000015,1,101085,val
32.0,48.0,45.0,41.666668,177.35901,22.042854,62.999992,1,101085,val
63.0,99.0,61.0,74.333336,46.67143,9.140852,3.9999924,1,101085,val
249.0,251.0,250.0,250.0,280.45718,32.960617,62.0,1,101085,val
230.0,242.0,218.0,230.0,396.67087,40.567795,114.0,1,101085,val
55.0,64.0,43.0,54.0,439.50327,63.100166,81.00001,1,101085,val
58.0,65.0,34.0,52.333332,548.78394,68.37499,186.0,1,101085,val
180.0,206.0,177.0,187.66667,101.01375,30.903706,28.333359,1,101085,val
85.0,96.0,82.0,87.666664,38.4592,10.535607,83.999985,1,101085,val
142.0,168.0,131.0,147.0,54.994953,24.183542,54.000015,1,101085,val
69.0,81.0,67.0,72.333336,420.82486,47.80773,67.33333,1,101085,val
103.0,114.0,97.0,104.666664,68.72976,26.182539,1.9073486e-05,1,101085,val
63.0,68.0,48.0,59.666668,129.45355,22.779375,13.666668,1,101085,val
178.0,215.0,110.0,167.66667,25.72071,29.533913,49.66668,1,101085,val
72.0,87.0,68.0,75.666664,346.37488,34.965504,37.33333,1,101085,val
89.0,105.0,92.0,95.333336,97.096725,22.368977,86.33332,1,101085,val
226.0,241.0,208.0,225.0,286.76163,30.867281,8.666672,1,101085,val
38.0,48.0,23.0,36.333332,467.1771,59.82652,131.33333,1,101085,val
78.0,84.0,50.0,70.666664,414.84802,55.03693,146.66666,1,101085,val
245.0,253.0,212.0,236.66667,295.06534,41.96036,178.66669,1,101085,val
141.0,155.0,129.0,141.66667,145.62204,20.346317,46.666687,1,101085,val
241.0,250.0,231.0,240.66667,193.94441,25.888508,8.3333435,1,101085,val
174.0,195.0,152.0,173.66667,307.1214,34.45593,37.33333,1,101085,val
255.0,254.0,255.0,254.66667,1.9436629,0.48412293,0.3333435,1,101085,val
66.0,80.0,47.0,64.333336,332.27832,46.124027,109.99999,1,101085,val
28.0,39.0,25.0,30.666666,403.83963,44.0387,97.33333,1,101085,val
122.0,134.0,114.0,123.333336,513.3112,60.39114,101.33332,1,101085,val
110.0,130.0,81.0,107.0,499.62875,54.133217,12.999989,1,101085,val
185.0,217.0,167.0,189.66667,238.87189,30.728779,2.3333435,1,101085,val
131.0,131.0,97.0,119.666664,77.316086,12.619932,3.9999924,1,101085,val
192.0,200.0,177.0,189.66667,100.568405,41.162407,147.99998,1,101085,val
67.0,80.0,60.0,69.0,71.221085,10.397049,25.666664,1,101085,val
121.0,151.0,115.0,129.0,254.7753,32.119423,78.33333,1,101085,val
125.0,142.0,124.0,130.33333,575.9032,58.178905,28.666695,1,101085,val
42.0,47.0,25.0,38.0,202.8245,35.235874,81.666664,1,101085,val
88.0,113.0,71.0,90.666664,129.31013,13.992081,11.3333435,1,101085,val
132.0,139.0,88.0,119.666664,89.45886,12.835611,31.999992,1,101085,val
68.0,76.0,53.0,65.666664,42.908176,11.86449,36.333344,1,101085,val
143.0,153.0,93.0,129.66667,201.92188,20.453453,18.333313,1,101085,val
25.0,36.0,20.0,27.0,439.95682,48.830013,88.33333,1,101085,val
165.0,173.0,162.0,166.66667,802.3135,81.9152,50.666687,1,101085,val
151.0,165.0,140.0,152.0,228.08818,32.804256,119.0,1,101085,val
2.0,14.0,0.0,5.3333335,154.72412,23.672203,30.999998,1,101085,val
18.0,30.0,28.0,25.333334,74.33558,10.72796,76.0,0,101085,val
53.0,64.0,60.0,59.0,29.078444,8.646839,6.333332,0,101085,val
7.0,19.0,19.0,15.0,52.670883,7.303154,38.0,0,101085,val
45.0,48.0,37.0,43.333332,81.00069,11.701477,65.33334,0,101085,val
4.0,14.0,3.0,7.0,69.75034,14.044902,94.666664,0,101085,val
79.0,89.0,78.0,82.0,67.601776,10.249262,14.000008,0,101085,val
43.0,53.0,55.0,50.333332,103.593216,14.64626,42.33333,0,101085,val
53.0,63.0,54.0,56.666668,59.000942,7.8457417,8.666668,0,101085,val
33.0,58.0,37.0,42.666668,4.921614,8.854103,19.000004,0,101085,val
143.0,150.0,116.0,136.33333,127.47548,17.232838,29.000023,0,101085,val
25.0,65.0,30.0,40.0,38.508297,10.307613,39.666664,0,101085,val
44.0,54.0,45.0,47.666668,64.52734,7.63324,2.6666641,0,101085,val
172.0,183.0,140.0,165.0,23.800077,3.1036773,5.6666718,0,101085,val
70.0,95.0,27.0,64.0,198.63535,34.466824,213.33333,0,101085,val
174.0,185.0,142.0,167.0,25.49509,7.393647,2.3333435,0,101085,val
31.0,42.0,36.0,36.333332,19.344824,7.3983426,26.000002,0,101085,val
73.0,85.0,81.0,79.666664,59.615433,7.6464863,8.0,0,101085,val
32.0,46.0,47.0,41.666668,16.97711,6.776469,2.0,0,101085,val
189.0,214.0,182.0,195.0,211.90353,28.285997,89.99999,0,101085,val
60.0,69.0,64.0,64.333336,98.34745,16.273714,55.666676,0,101085,val
72.0,83.0,75.0,76.666664,22.803505,7.2572026,8.0,0,101085,val
102.0,131.0,87.0,106.666664,132.60637,18.622576,100.66666,0,101085,val
36.0,50.0,51.0,45.666668,39.88037,6.4750123,29.333332,0,101085,val
67.0,79.0,77.0,74.333336,142.3181,17.11616,21.999989,0,101085,val
6.0,16.0,15.0,12.333333,67.54423,10.028355,11.333337,0,101085,val
65.0,78.0,71.0,71.333336,60.666656,8.157417,14.666664,0,101085,val
112.0,126.0,109.0,115.666664,64.532524,10.120804,1.3333511,0,101085,val
42.0,53.0,47.0,47.333332,75.901985,13.342579,49.333347,0,101085,val
36.0,52.0,15.0,34.333332,133.07976,25.699013,74.66668,0,101085,val
64.0,74.0,65.0,67.666664,81.60881,10.829804,20.999989,0,101085,val
67.0,74.0,66.0,69.0,86.313385,11.196323,32.0,0,101085,val
66.0,75.0,72.0,71.0,52.9675,6.85252,13.0,0,101085,val
131.0,143.0,107.0,127.0,70.71224,23.744038,52.999992,0,101085,val
57.0,68.0,62.0,62.333332,77.08293,10.898458,42.999992,0,101085,val
28.0,39.0,35.0,34.0,49.964424,9.614804,7.333332,0,101085,val
73.0,81.0,70.0,74.666664,81.33606,10.452716,52.99999,0,101085,val
228.0,235.0,181.0,214.66667,28.007923,4.072104,11.6666565,0,101085,val
5.0,7.0,6.0,6.0,9.944288,2.9499714,0.666667,0,101085,val
39.0,50.0,36.0,41.666668,88.67042,14.206975,54.33333,0,101085,val
214.0,239.0,158.0,203.66667,204.45322,36.640034,193.33336,0,101085,val
57.0,68.0,64.0,63.0,39.60359,10.850277,2.666668,0,101085,val
132.0,148.0,111.0,130.33333,219.8747,35.448685,30.666695,0,101085,val
83.0,102.0,74.0,86.333336,267.99045,32.380096,120.33332,0,101085,val
47.0,58.0,44.0,49.666668,91.68181,10.475126,38.66666,0,101085,val
109.0,125.0,99.0,111.0,95.87607,11.48496,27.999992,0,101085,val
153.0,172.0,142.0,155.66667,245.70488,24.349064,3.3333206,0,101085,val
58.0,68.0,67.0,64.333336,13.207746,3.3259602,12.666679,0,101085,val
152.0,176.0,142.0,156.66667,111.7507,13.375365,0.99998474,0,101085,val
48.0,55.0,39.0,47.333332,30.594114,7.5637107,18.666664,0,101085,val
51.0,63.0,53.0,55.666668,89.075485,10.082376,0.33332443,0,101085,val
55.0,62.0,54.0,57.0,18.439089,8.929069,28.0,0,101085,val
129.0,145.0,119.0,131.0,150.05182,25.42886,38.0,0,101085,val
77.0,88.0,74.0,79.666664,125.93648,16.686651,2.9999924,0,101085,val
73.0,105.0,58.0,78.666664,145.13748,16.45153,55.999992,0,101085,val
29.0,35.0,25.0,29.666666,52.359863,5.6512733,22.333338,0,101085,val
48.0,59.0,51.0,52.666668,46.88757,8.814162,49.666653,0,101085,val
23.0,37.0,22.0,27.333334,366.90903,41.28415,94.0,0,101085,val
109.0,157.0,99.0,121.666664,72.862114,11.248047,5.6666718,0,101085,val
36.0,46.0,38.0,40.0,35.805023,8.336212,11.666666,0,101085,val
133.0,153.0,118.0,134.66667,115.377655,21.566395,44.0,0,101085,val
61.0,70.0,67.0,66.0,68.6003,7.8551803,11.333332,0,101085,val
62.0,72.0,63.0,65.666664,20.0,6.9920783,26.0,0,101085,val
236.0,253.0,159.0,216.0,55.667664,13.5,58.333313,0,101085,val
39.0,50.0,42.0,43.666668,102.36426,12.866322,30.999992,0,101085,val
131.0,141.0,106.0,126.0,107.72909,13.536193,63.0,0,101085,val
11.0,23.0,23.0,19.0,109.91916,12.911325,31.333334,0,101085,val
31.0,42.0,28.0,33.666668,97.58186,14.953231,102.66666,0,101085,val
126.0,125.0,97.0,116.0,68.54196,9.040058,24.0,0,101085,val
42.0,48.0,38.0,42.666668,18.110767,4.3074584,9.333336,0,101085,val
252.0,253.0,255.0,253.33333,2.8674228,0.8267973,5.333359,0,101085,val
72.0,118.0,46.0,78.666664,121.7137,23.404654,8.999992,0,101085,val
46.0,54.0,39.0,46.333332,83.86762,12.801434,59.666668,0,101085,val
55.0,63.0,52.0,56.666668,104.668785,13.447661,22.333336,0,101085,val
66.0,76.0,67.0,69.666664,15.092313,7.6810822,10.6666565,0,101085,val
61.0,72.0,66.0,66.333336,151.37885,17.380999,83.66666,0,101085,val
0.0,7.0,17.0,8.0,7.6011686,1.8724775,15.333333,0,101085,val
89.0,103.0,80.0,90.666664,36.51789,11.581319,17.666672,0,101085,val
49.0,61.0,61.0,57.0,52.03845,13.0384,69.0,0,101085,val
61.0,71.0,60.0,64.0,92.8607,11.216182,6.333336,0,101085,val
113.0,124.0,90.0,109.0,122.70741,13.309015,45.0,0,101085,val
60.0,70.0,62.0,64.0,79.25906,9.246199,32.333332,0,101085,val
33.0,45.0,45.0,41.0,41.07987,7.1286654,63.0,0,101085,val
104.0,120.0,91.0,105.0,237.22939,26.436983,36.666664,0,101085,val
9.0,21.0,19.0,16.333334,16.034683,3.3632405,28.000004,0,101085,val
90.0,103.0,86.0,93.0,51.88448,12.655922,51.66667,0,101085,val
5.0,16.0,18.0,13.0,92.00966,11.740098,47.0,0,101085,val
56.0,65.0,60.0,60.333332,51.923027,7.8448706,32.33334,0,101085,val
66.0,78.0,68.0,70.666664,52.51243,7.977018,11.999996,0,101085,val
111.0,134.0,64.0,103.0,182.03784,37.229153,217.33331,0,101085,val
33.0,60.0,29.0,40.666668,246.40572,26.514847,50.33333,0,101085,val
134.0,167.0,136.0,145.66667,288.602,34.509186,84.66669,0,101085,val
88.0,104.0,101.0,97.666664,368.20584,37.388226,67.66667,0,101085,val
45.0,53.0,42.0,46.666668,53.37082,5.9958887,2.666668,0,101085,val
20.0,32.0,30.0,27.333334,103.365585,10.267743,24.000002,0,101085,val
88.0,100.0,88.0,92.0,77.31608,13.010906,43.666664,0,101085,val
53.0,65.0,53.0,57.0,91.08237,11.76412,26.333332,0,101085,val
54.0,66.0,56.0,58.666668,28.382317,13.225268,51.99999,0,101085,val
84.0,91.0,84.0,86.333336,16.499168,5.2275376,36.333344,0,101085,val
9.0,22.0,12.0,14.333333,50.8112,7.0448327,7.9999986,0,101085,val
87.0,100.0,91.0,92.666664,68.94926,8.714997,6.0,0,101085,val
114.0,165.0,98.0,125.666664,327.72415,32.780045,3.3333511,0,101085,val
3.0,15.0,15.0,11.0,156.77443,18.888086,38.333332,0,101085,val
34.0,43.0,38.0,38.333332,56.12882,8.569896,24.66667,0,101085,val
156.0,171.0,128.0,151.66667,39.65409,5.190511,10.6666565,0,101085,val
0.0,5.0,0.0,1.6666666,222.49594,34.85317,48.333332,0,101085,val
69.0,77.0,64.0,70.0,73.00685,14.885566,29.0,0,101085,val
0.0,8.0,5.0,4.3333335,54.409966,7.9960537,39.333332,0,101085,val
46.0,56.0,58.0,53.333332,58.54723,6.863734,2.6666718,0,101085,val
53.0,63.0,54.0,56.666668,63.71114,8.143788,41.333324,0,101085,val
98.0,145.0,91.0,111.333336,314.55438,33.520763,1.6666718,0,101085,val
145.0,184.0,119.0,149.33333,103.93694,13.89912,37.000015,0,101085,val
34.0,46.0,26.0,35.333332,115.208015,16.282232,27.333344,0,101085,val
36.0,46.0,47.0,43.0,27.45906,6.0389767,26.0,0,101085,val
112.0,135.0,106.0,117.666664,18.049316,15.134037,66.66669,0,101085,val
130.0,150.0,125.0,135.0,23.851389,8.113333,31.666672,0,101085,val
15.0,26.0,20.0,20.333334,79.36554,9.229731,9.666663,0,101085,val
60.0,71.0,67.0,66.0,38.41585,9.158116,8.333336,0,101085,val
51.0,58.0,42.0,50.333332,20.466774,4.3026667,10.999996,0,101085,val
34.0,44.0,35.0,37.666668,47.565163,5.619637,0.9999962,0,101085,val
112.0,161.0,105.0,126.0,142.53731,21.153227,54.999985,0,101085,val
132.0,139.0,131.0,134.0,50.07769,8.948529,2.3333282,1,101087,val
100.0,111.0,107.0,106.0,67.23094,7.875496,37.0,1,101087,val
255.0,254.0,249.0,252.66667,34.912575,5.358988,4.666687,1,101087,val
140.0,150.0,151.0,147.0,18.909153,3.6352227,11.333328,1,101087,val
255.0,255.0,253.0,254.33333,81.64012,17.071426,0.99998474,1,101087,val
47.0,59.0,23.0,43.0,24.513035,3.8106425,27.333332,1,101087,val
140.0,90.0,53.0,94.333336,102.38273,11.103341,16.333328,1,101087,val
66.0,79.0,49.0,64.666664,171.11723,18.482533,39.66667,1,101087,val
37.0,28.0,13.0,26.0,72.7385,21.884531,20.333336,1,101087,val
135.0,91.0,0.0,75.333336,123.645546,16.748747,92.66665,1,101087,val
255.0,255.0,250.0,253.33333,98.24343,21.709553,12.666641,1,101087,val
255.0,255.0,255.0,255.0,1.0540861,0.21650635,0.6666565,1,101087,val
140.0,103.0,77.0,106.666664,98.18351,13.722985,25.666656,1,101087,val
143.0,107.0,83.0,111.0,51.49543,8.890501,15.333336,1,101087,val
254.0,255.0,251.0,253.33333,10.435009,1.3549677,0.6666565,1,101087,val
67.0,66.0,61.0,64.666664,427.68655,60.547092,219.66667,1,101087,val
164.0,160.0,157.0,160.33333,765.44727,75.51962,0.6666527,1,101087,val
66.0,67.0,33.0,55.333332,450.27228,55.387035,178.33334,1,101087,val
138.0,113.0,33.0,94.666664,76.918434,9.922847,39.000008,1,101087,val
59.0,80.0,39.0,59.333332,36.080147,10.268015,8.333336,1,101087,val
253.0,252.0,248.0,251.0,9.486853,1.3707321,10.3333435,1,101087,val
255.0,253.0,246.0,251.33333,345.34943,40.235344,83.66666,1,101087,val
84.0,56.0,34.0,58.0,65.363945,10.735239,44.999996,1,101087,val
255.0,255.0,250.0,253.33333,293.9055,37.492657,74.99997,1,101087,val
117.0,129.0,43.0,96.333336,78.21622,11.177675,47.666656,1,101087,val
240.0,240.0,232.0,237.33333,680.5901,72.11048,193.66664,1,101087,val
221.0,186.0,158.0,188.33333,127.384796,17.833979,34.99997,1,101087,val
112.0,117.0,113.0,114.0,42.525818,4.5823627,4.333336,1,101087,val
24.0,29.0,9.0,20.666666,283.9421,47.79426,137.33334,1,101087,val
102.0,131.0,83.0,105.333336,72.99467,11.965486,18.666656,1,101087,val
81.0,92.0,88.0,87.0,44.554577,5.4969807,20.333336,1,101087,val
99.0,110.0,106.0,105.0,57.00877,7.5128794,19.0,1,101087,val
117.0,95.0,58.0,90.0,101.34321,13.576893,40.0,1,101087,val
68.0,74.0,72.0,71.333336,213.88109,22.723112,30.999992,1,101087,val
120.0,108.0,94.0,107.333336,65.998314,8.87885,24.666672,1,101087,val
254.0,255.0,253.0,254.0,6.5659213,0.6643841,1.5258789e-05,1,101087,val
58.0,76.0,34.0,56.0,202.48347,20.552525,26.666664,1,101087,val
113.0,138.0,83.0,111.333336,41.16362,5.5875487,19.666672,1,101087,val
254.0,255.0,253.0,254.0,16.970585,2.0194368,1.3333435,1,101087,val
123.0,123.0,113.0,119.666664,33.730946,5.233139,23.666672,1,101087,val
115.0,124.0,121.0,120.0,26.297443,12.642044,8.333336,1,101087,val
154.0,167.0,59.0,126.666664,51.44362,10.051624,22.66668,1,101087,val
59.0,72.0,26.0,52.333332,187.69066,35.709316,99.66667,1,101087,val
148.0,171.0,151.0,156.66667,395.5424,42.175392,13.666679,1,101087,val
144.0,125.0,111.0,126.666664,194.18318,24.920341,31.666672,1,101087,val
111.0,101.0,74.0,95.333336,95.2494,15.022428,40.333344,1,101087,val
132.0,98.0,70.0,100.0,224.62215,24.710236,16.333332,1,101087,val
246.0,254.0,239.0,246.33333,617.8718,67.48391,215.66663,1,101087,val
152.0,160.0,149.0,153.66667,274.95493,29.845272,65.66669,1,101087,val
82.0,93.0,89.0,88.0,85.298164,9.56204,13.333336,1,101087,val
108.0,90.0,70.0,89.333336,61.46364,10.726855,20.666664,1,101087,val
45.0,54.0,7.0,35.333332,211.18974,33.06372,70.66667,1,101087,val
122.0,132.0,121.0,125.0,70.23928,8.911731,14.999992,1,101087,val
87.0,74.0,32.0,64.333336,59.914745,18.187729,62.666656,1,101087,val
0.0,10.0,0.0,3.3333333,44.82311,8.381506,46.666668,1,101087,val
172.0,135.0,117.0,141.33333,227.37538,26.010195,38.33332,1,101087,val
133.0,131.0,90.0,118.0,20.011106,10.79225,13.000008,1,101087,val
95.0,101.0,37.0,77.666664,113.674,13.362399,55.000008,1,101087,val
125.0,128.0,97.0,116.666664,61.755787,11.777187,12.3333435,1,101087,val
248.0,249.0,244.0,247.0,484.79688,55.51967,123.0,1,101087,val
89.0,88.0,86.0,87.666664,526.5692,62.161583,232.33334,1,101087,val
170.0,131.0,116.0,139.0,338.64105,40.29073,112.33334,1,101087,val
214.0,193.0,110.0,172.33333,299.67575,48.215305,152.33333,1,101087,val
173.0,190.0,76.0,146.33333,210.22423,23.458948,34.000015,1,101087,val
252.0,251.0,249.0,250.66667,6.2003736,1.2247449,12.999985,1,101087,val
77.0,69.0,46.0,64.0,121.01882,18.144844,91.33334,1,101087,val
254.0,255.0,253.0,254.0,34.953934,7.022286,6.0,1,101087,val
150.0,175.0,154.0,159.66667,337.6958,34.25801,33.66668,1,101087,val
253.0,252.0,247.0,250.66667,151.0158,21.670923,22.666687,1,101087,val
255.0,254.0,248.0,252.33333,83.443924,16.910727,4.666641,1,101087,val
77.0,87.0,62.0,75.333336,155.58421,22.891068,57.66665,1,101087,val
192.0,145.0,125.0,154.0,51.67637,13.084163,34.666656,1,101087,val
211.0,194.0,102.0,169.0,299.85474,43.591297,149.66667,1,101087,val
133.0,135.0,132.0,133.33333,127.792366,14.214319,16.999977,1,101087,val
255.0,254.0,247.0,252.0,298.36365,37.374897,68.33333,1,101087,val
136.0,126.0,116.0,126.0,42.439507,15.635466,4.3333282,1,101087,val
102.0,136.0,76.0,104.666664,22.350746,2.6811335,10.666679,1,101087,val
214.0,215.0,201.0,210.0,251.38063,31.170149,82.66667,1,101087,val
80.0,91.0,85.0,85.333336,98.68694,11.208648,24.333328,1,101087,val
255.0,225.0,197.0,225.66667,136.19678,26.538372,87.000015,1,101087,val
27.0,28.0,14.0,23.0,86.504974,9.391061,24.000002,1,101087,val
255.0,254.0,252.0,253.66667,7.363539,1.1989579,0.333313,1,101087,val
255.0,254.0,247.0,252.0,318.41446,47.069473,64.33333,1,101087,val
79.0,99.0,62.0,80.0,18.767572,4.074801,9.999992,1,101087,val
201.0,211.0,200.0,204.0,162.2789,27.474705,76.66667,1,101087,val
254.0,255.0,255.0,254.66667,10.593501,1.4142135,8.000015,1,101087,val
136.0,139.0,82.0,119.0,140.44768,16.00781,65.66667,1,101087,val
29.0,41.0,27.0,32.333332,114.97343,23.852657,4.999996,1,101087,val
86.0,95.0,92.0,91.0,18.208666,4.793184,14.0,1,101087,val
44.0,36.0,23.0,34.333332,89.5681,10.405361,41.666664,1,101087,val
109.0,97.0,55.0,87.0,43.011612,13.416189,52.33333,1,101087,val
135.0,117.0,53.0,101.666664,48.02083,6.725578,15.6666565,1,101087,val
209.0,193.0,54.0,152.0,39.066906,10.8933935,28.333336,1,101087,val
127.0,133.0,133.0,131.0,32.509842,4.7062125,3.0000076,1,101087,val
255.0,255.0,253.0,254.33333,3.887331,0.5038911,1.3333435,1,101087,val
67.0,51.0,38.0,52.0,66.8165,8.866798,53.000004,1,101087,val
131.0,124.0,114.0,123.0,258.40878,26.922142,43.000008,1,101087,val
136.0,87.0,54.0,92.333336,70.174385,7.8443723,1.9999847,1,101087,val
36.0,45.0,14.0,31.666666,35.087193,7.483486,19.333334,1,101087,val
163.0,124.0,93.0,126.666664,263.13705,28.689474,10.666664,1,101087,val
174.0,165.0,88.0,142.33333,275.77325,34.2788,64.66666,1,101087,val
58.0,61.0,34.0,51.0,36.086327,20.96506,70.666664,1,101087,val
84.0,90.0,0.0,58.0,259.36035,36.987156,190.66667,1,101087,val
99.0,110.0,106.0,105.0,67.75773,8.274231,31.0,1,101087,val
123.0,110.0,94.0,109.0,41.65468,6.0023594,22.666672,1,101087,val
115.0,141.0,76.0,110.666664,39.066887,4.11884,2.6666794,1,101087,val
86.0,91.0,84.0,87.0,210.39908,63.888145,349.3333,1,101087,val
117.0,87.0,51.0,85.0,57.13531,5.807836,12.0,1,101087,val
201.0,182.0,41.0,141.33333,52.079002,6.4253526,7.3333282,1,101087,val
204.0,209.0,205.0,206.0,554.5186,67.96661,94.00001,1,101087,val
102.0,101.0,55.0,86.0,67.491554,16.46829,15.999992,1,101087,val
5.0,5.0,0.0,3.3333333,22.983084,18.690462,34.333336,1,101087,val
102.0,103.0,72.0,92.333336,108.81277,13.007885,3.0000076,1,101087,val
146.0,124.0,101.0,123.666664,161.76045,20.193377,39.666656,1,101087,val
109.0,114.0,108.0,110.333336,53.868156,6.2480464,1.6666489,1,101087,val
255.0,254.0,252.0,253.66667,3.887289,0.47186464,1.3333282,1,101087,val
84.0,96.0,56.0,78.666664,88.163994,12.070896,47.333324,1,101087,val
124.0,145.0,126.0,131.66667,277.73447,43.163525,114.66665,1,101087,val
226.0,229.0,222.0,225.66667,456.04697,50.54786,130.00003,1,101087,val
78.0,87.0,44.0,69.666664,190.55241,21.011925,36.333317,1,101087,val
255.0,255.0,253.0,254.33333,2.8284488,0.3307189,1.3333435,0,101087,val
120.0,159.0,78.0,119.0,20.005552,3.5664725,9.333336,0,101087,val
207.0,168.0,11.0,128.66667,48.362057,6.5535655,3.3333511,0,101087,val
210.0,180.0,8.0,132.66667,88.64412,9.143816,27.666641,0,101087,val
174.0,133.0,111.0,139.33333,16.970562,3.6271546,19.666641,0,101087,val
134.0,143.0,142.0,139.66667,5.8309517,0.6860781,2.0,0,101087,val
255.0,255.0,255.0,255.0,0.0,0.0,0.0,0,101087,val
148.0,162.0,163.0,157.66667,8.246211,0.91429615,0.0,0,101087,val
106.0,119.0,110.0,111.666664,100.079956,10.958373,25.333336,0,101087,val
121.0,131.0,130.0,127.333336,41.78513,4.708702,4.9999847,0,101087,val
147.0,156.0,153.0,152.0,24.29908,3.9469132,2.6666718,0,101087,val
115.0,94.0,49.0,86.0,134.10443,18.92285,10.333328,0,101087,val
255.0,255.0,255.0,255.0,0.0,0.0,0.0,0,101087,val
58.0,84.0,57.0,66.333336,66.47473,8.605348,25.666672,0,101087,val
64.0,62.0,37.0,54.333332,95.16885,23.152971,55.333332,0,101087,val
61.0,87.0,58.0,68.666664,54.86549,12.309902,98.66666,0,101087,val
223.0,235.0,221.0,226.33333,483.14087,51.464073,131.66664,0,101087,val
255.0,255.0,255.0,255.0,0.0,0.0,0.0,0,101087,val
250.0,229.0,58.0,179.0,45.891167,16.67632,107.66667,0,101087,val
183.0,142.0,14.0,113.0,115.505646,17.318422,55.33332,0,101087,val
255.0,255.0,255.0,255.0,3.3993423,0.4098399,1.0,0,101087,val
85.0,90.0,86.0,87.0,45.011116,5.2798166,2.6666718,0,101087,val
254.0,255.0,255.0,254.66667,2.666687,0.31868872,0.66667175,0,101087,val
163.0,175.0,175.0,171.0,89.005615,9.249683,15.0,0,101087,val
77.0,88.0,54.0,73.0,4.714042,1.2935764,6.0,0,101087,val
255.0,255.0,255.0,255.0,4.0,0.4677072,1.0,0,101087,val
255.0,255.0,255.0,255.0,0.0,0.0,0.0,0,101087,val
136.0,151.0,148.0,145.0,10.0,1.4142135,3.0,0,101087,val
99.0,126.0,85.0,103.333336,97.98071,15.197592,38.333336,0,101087,val
121.0,156.0,98.0,125.0,40.827538,17.092379,89.0,0,101087,val
115.0,106.0,91.0,104.0,38.666668,5.0261035,12.0,0,101087,val
255.0,255.0,255.0,255.0,0.0,0.0,0.0,0,101087,val
73.0,78.0,72.0,74.333336,66.89628,7.187262,15.666664,0,101087,val
255.0,255.0,255.0,255.0,0.0,0.0,0.0,0,101087,val
254.0,255.0,255.0,254.66667,0.47139734,0.38017267,1.3333435,0,101087,val
255.0,255.0,255.0,255.0,1.0540764,0.125,0.33332825,0,101087,val
126.0,136.0,135.0,132.33333,33.01515,4.5462036,9.0,0,101087,val
255.0,255.0,255.0,255.0,0.0,0.0,0.0,0,101087,val
45.0,74.0,26.0,48.333332,17.029394,4.5967784,30.000008,0,101087,val
255.0,255.0,255.0,255.0,0.0,0.0,0.0,0,101087,val
126.0,135.0,134.0,131.66667,5.8309517,0.73686415,0.0,0,101087,val
109.0,123.0,124.0,118.666664,1.0540957,1.5376143,8.666672,0,101087,val
255.0,255.0,255.0,255.0,0.0,0.0,0.0,0,101087,val
255.0,255.0,255.0,255.0,0.0,0.0,0.0,0,101087,val
62.0,64.0,53.0,59.666668,27.487362,4.1249113,0.66667175,0,101087,val
252.0,252.0,250.0,251.33333,3.3333495,1.1659224,10.666672,0,101087,val
75.0,93.0,55.0,74.333336,79.511024,10.498698,32.000004,0,101087,val
31.0,52.0,45.0,42.666668,69.21304,10.127712,5.0,0,101087,val
11.0,31.0,4.0,15.333333,84.97059,25.478361,101.33334,0,101087,val
40.0,56.0,29.0,41.666668,93.172485,9.714441,13.666664,0,101087,val
255.0,255.0,255.0,255.0,0.0,0.0,0.0,0,101087,val
255.0,255.0,255.0,255.0,0.0,0.0,0.0,0,101087,val
255.0,255.0,255.0,255.0,0.0,0.0,0.0,0,101087,val
255.0,255.0,255.0,255.0,0.0,0.0,0.0,0,101087,val
106.0,117.0,111.0,111.333336,8.0,1.0995382,2.0,0,101087,val
255.0,255.0,253.0,254.33333,9.944293,1.1021996,1.333313,0,101087,val
122.0,132.0,131.0,128.33333,1.9999924,0.47186464,0.0,0,101087,val
135.0,145.0,144.0,141.33333,4.2426405,0.6846532,6.0,0,101087,val
113.0,86.0,33.0,77.333336,214.64801,38.70528,141.99998,0,101087,val
255.0,255.0,255.0,255.0,0.0,0.0,0.0,0,101087,val
12.0,43.0,12.0,22.333334,43.931767,10.083732,90.0,0,101087,val
131.0,141.0,140.0,137.33333,10.338686,3.1461782,20.666672,0,101087,val
254.0,255.0,253.0,254.0,4.0,0.47598583,1.0,0,101087,val
147.0,157.0,156.0,153.33333,3.8873258,2.2573664,8.6666565,0,101087,val
114.0,125.0,121.0,120.0,11.401754,1.1545596,2.0,0,101087,val
143.0,153.0,152.0,149.33333,13.928389,1.685763,1.0,0,101087,val
255.0,255.0,255.0,255.0,0.0,0.0,0.0,0,101087,val
68.0,74.0,40.0,60.666668,12.083046,4.0,20.0,0,101087,val
225.0,190.0,4.0,139.66667,120.3338,13.541819,9.333321,0,101087,val
82.0,91.0,88.0,87.0,58.54722,8.478027,28.333336,0,101087,val
40.0,69.0,25.0,44.666668,89.38928,13.588702,38.0,0,101087,val
130.0,157.0,102.0,129.66667,139.94283,15.455866,26.333359,0,101087,val
247.0,253.0,249.0,249.66667,7.0079165,0.7831228,0.33332825,0,101087,val
255.0,255.0,255.0,255.0,0.0,0.0,0.0,0,101087,val
120.0,119.0,114.0,117.666664,557.0222,66.05082,122.66666,0,101087,val
161.0,176.0,173.0,170.0,217.77916,24.556774,17.0,0,101087,val
255.0,255.0,255.0,255.0,0.0,0.0,0.0,0,101087,val
255.0,255.0,255.0,255.0,0.0,0.0,0.0,0,101087,val
144.0,156.0,156.0,152.0,6.960224,0.9540211,1.6666718,0,101087,val
255.0,255.0,255.0,255.0,0.0,0.0,0.0,0,101087,val
89.0,99.0,26.0,71.333336,78.73725,12.153759,30.333328,0,101087,val
65.0,87.0,38.0,63.333332,189.06201,22.766178,9.33334,0,101087,val
255.0,253.0,252.0,253.33333,55.33736,9.8331785,2.3332977,0,101087,val
130.0,138.0,127.0,131.66667,345.636,34.779778,26.666695,0,101087,val
255.0,255.0,255.0,255.0,0.0,0.0,0.0,0,101087,val
51.0,74.0,54.0,59.666668,105.21196,11.228267,17.666664,0,101087,val
84.0,95.0,89.0,89.333336,7.9021893,0.86065245,0.66667175,0,101087,val
141.0,159.0,99.0,133.0,53.476887,5.904679,14.0,0,101087,val
255.0,255.0,255.0,255.0,0.0,0.0,0.0,0,101087,val
255.0,255.0,255.0,255.0,0.0,0.0,0.0,0,101087,val
115.0,146.0,76.0,112.333336,62.739323,9.081392,7.3333435,0,101087,val
197.0,155.0,11.0,121.0,49.58718,5.510909,10.333328,0,101087,val
125.0,135.0,134.0,131.33333,9.42807,1.2839149,8.999992,0,101087,val
72.0,53.0,0.0,41.666668,278.60168,38.88892,92.99999,0,101087,val
255.0,255.0,255.0,255.0,0.0,0.0,0.0,0,101087,val
40.0,64.0,42.0,48.666668,20.35245,11.54035,1.6666718,0,101087,val
83.0,84.0,53.0,73.333336,11.392005,2.004755,6.3333282,0,101087,val
90.0,101.0,84.0,91.666664,25.144014,9.477049,27.333344,0,101087,val
15.0,45.0,19.0,26.333334,22.33582,4.6484046,8.999998,0,101087,val
91.0,101.0,100.0,97.333336,6.666664,2.1127865,19.333336,0,101087,val
102.0,116.0,54.0,90.666664,74.848,10.526612,18.000008,0,101087,val
113.0,124.0,120.0,119.0,6.3245554,0.7856128,3.0,0,101087,val
93.0,99.0,73.0,88.333336,117.42895,12.432317,25.999992,0,101087,val
158.0,108.0,73.0,113.0,55.8291,5.5954084,1.6666718,0,101087,val
125.0,116.0,101.0,114.0,8.944275,2.6667073,17.666664,0,101087,val
105.0,116.0,110.0,110.333336,5.8309517,0.9432118,4.0,0,101087,val
93.0,102.0,99.0,98.0,22.090729,2.7329013,2.6666718,0,101087,val
31.0,49.0,33.0,37.666668,182.51088,20.962042,20.66666,0,101087,val
254.0,255.0,255.0,254.66667,3.3993423,0.35903516,0.3333435,0,101087,val
83.0,101.0,77.0,87.0,146.81355,27.064053,50.66667,0,101087,val
255.0,255.0,255.0,255.0,0.0,0.0,0.0,0,101087,val
21.0,33.0,23.0,25.666666,269.76944,29.046764,64.66667,0,101087,val
56.0,86.0,50.0,64.0,283.21017,29.78648,15.999998,0,101087,val
137.0,148.0,150.0,145.0,10.29563,1.0661701,2.0,0,101087,val
133.0,144.0,138.0,138.33333,48.910324,5.1854286,1.9999847,0,101087,val
78.0,87.0,44.0,69.666664,42.047592,9.075812,27.333324,0,101087,val
58.0,87.0,56.0,67.0,26.415485,5.4215374,49.0,0,101087,val
255.0,255.0,255.0,255.0,0.0,0.0,0.0,0,101087,val
195.0,148.0,42.0,128.33333,21.587051,5.578103,21.333359,0,101087,val
121.0,134.0,124.0,126.333336,237.94023,24.31469,19.66668,0,101087,val
166.0,224.0,248.0,212.66667,14.313948,7.3090267,28.99997,1,102061,val
80.0,148.0,247.0,158.33333,11.64283,2.8620632,3.3333435,1,102061,val
189.0,174.0,143.0,168.66667,250.44005,29.460613,104.000015,1,102061,val
97.0,107.0,99.0,101.0,179.3575,21.325865,48.666664,1,102061,val
86.0,162.0,250.0,166.0,56.883873,12.797628,2.3333435,1,102061,val
104.0,166.0,243.0,171.0,4.2163444,6.3205395,13.0,1,102061,val
174.0,218.0,243.0,211.66667,94.46221,15.311734,17.000015,1,102061,val
85.0,134.0,177.0,132.0,489.49542,50.472202,73.66666,1,102061,val
109.0,159.0,218.0,162.0,406.4505,45.32881,137.66666,1,102061,val
105.0,126.0,147.0,126.0,148.9228,15.6647,53.66668,1,102061,val
43.0,67.0,95.0,68.333336,232.33356,38.854584,169.99997,1,102061,val
197.0,183.0,154.0,178.0,210.53214,28.821854,76.33333,1,102061,val
86.0,130.0,167.0,127.666664,589.8354,58.28796,22.000011,1,102061,val
151.0,177.0,210.0,179.33333,475.39197,52.272144,76.33332,1,102061,val
96.0,134.0,171.0,133.66667,455.74286,56.633797,16.333351,1,102061,val
136.0,122.0,83.0,113.666664,112.031746,12.676412,23.000015,1,102061,val
63.0,97.0,135.0,98.333336,134.32715,24.56232,3.6666565,1,102061,val
112.0,179.0,250.0,180.33333,47.844643,5.725491,24.666687,1,102061,val
68.0,84.0,71.0,74.333336,269.37625,27.812614,37.333324,1,102061,val
157.0,218.0,247.0,207.33333,43.850758,5.768652,35.00003,1,102061,val
207.0,192.0,161.0,186.66667,220.3094,29.762405,134.33334,1,102061,val
75.0,87.0,83.0,81.666664,373.87012,37.771828,1.0000038,1,102061,val
168.0,227.0,255.0,216.66667,22.335829,2.42384,13.3333435,1,102061,val
113.0,182.0,249.0,181.33333,137.95331,24.591507,59.666656,1,102061,val
34.0,46.0,36.0,38.666668,3.3333428,2.5531461,16.000004,1,102061,val
136.0,193.0,246.0,191.66667,353.21542,40.76996,152.00003,1,102061,val
53.0,98.0,131.0,94.0,555.0996,56.558933,127.66667,1,102061,val
141.0,126.0,83.0,116.666664,373.92007,40.1278,82.000015,1,102061,val
58.0,68.0,67.0,64.333336,20.698908,4.3575263,5.6666756,1,102061,val
114.0,132.0,152.0,132.66667,116.21628,18.095774,33.66665,1,102061,val
63.0,100.0,142.0,101.666664,159.9903,36.705036,191.33334,1,102061,val
143.0,205.0,252.0,200.0,37.386864,4.976507,24.333328,1,102061,val
90.0,83.0,67.0,80.0,306.8941,36.433548,66.333336,1,102061,val
82.0,106.0,130.0,106.0,336.16135,46.865997,131.66666,1,102061,val
67.0,140.0,234.0,147.0,37.82122,4.872395,1.0,1,102061,val
91.0,130.0,163.0,128.0,298.11743,52.153378,84.33332,1,102061,val
31.0,47.0,37.0,38.333332,274.71848,30.96,127.00001,1,102061,val
169.0,201.0,216.0,195.33333,619.1729,69.10664,170.33331,1,102061,val
191.0,241.0,255.0,229.0,141.90842,22.990147,57.33333,1,102061,val
116.0,105.0,75.0,98.666664,20.27043,21.845963,81.33334,1,102061,val
179.0,235.0,255.0,223.0,110.44655,24.441175,25.333328,1,102061,val
142.0,184.0,198.0,174.66667,599.4533,60.561176,82.33334,1,102061,val
40.0,68.0,72.0,60.0,125.39714,17.597775,26.999992,1,102061,val
50.0,56.0,46.0,50.666668,50.334435,8.416293,33.999996,1,102061,val
74.0,91.0,73.0,79.333336,28.720875,15.344164,60.666656,1,102061,val
200.0,228.0,249.0,225.66667,28.85982,17.239014,60.33336,1,102061,val
181.0,166.0,137.0,161.33333,168.24915,19.461952,44.000015,1,102061,val
172.0,202.0,238.0,204.0,278.67145,32.87506,86.66666,1,102061,val
93.0,170.0,250.0,171.0,29.363615,4.0943465,11.000015,1,102061,val
134.0,125.0,96.0,118.333336,324.84695,33.453514,18.666664,1,102061,val
39.0,83.0,118.0,80.0,313.86975,39.894855,152.66666,1,102061,val
182.0,236.0,255.0,224.33333,36.81786,10.324803,12.333328,1,102061,val
87.0,100.0,93.0,93.333336,91.739975,10.507833,24.333344,1,102061,val
73.0,128.0,185.0,128.66667,478.14688,49.056717,9.000023,1,102061,val
114.0,169.0,225.0,169.33333,399.99472,45.175655,139.33331,1,102061,val
34.0,61.0,72.0,55.666668,100.07219,23.459333,31.666656,1,102061,val
94.0,141.0,167.0,134.0,164.39046,43.33887,214.0,1,102061,val
106.0,175.0,250.0,177.0,5.0110974,4.385701,5.3333282,1,102061,val
168.0,220.0,244.0,210.66667,67.38613,20.638916,18.333313,1,102061,val
99.0,110.0,104.0,104.333336,102.788895,16.08167,35.0,1,102061,val
120.0,179.0,247.0,182.0,96.070564,16.457094,23.333328,1,102061,val
82.0,74.0,55.0,70.333336,394.07895,41.584885,42.99999,1,102061,val
116.0,185.0,250.0,183.66667,20.837988,3.471986,24.99997,1,102061,val
87.0,90.0,73.0,83.333336,122.986916,18.061932,39.00001,1,102061,val
106.0,148.0,206.0,153.33333,359.52127,37.458805,45.66664,1,102061,val
143.0,209.0,255.0,202.33333,192.18338,37.451794,93.33331,1,102061,val
169.0,218.0,250.0,212.33333,48.002308,6.1675816,24.99997,1,102061,val
128.0,179.0,242.0,183.0,232.18625,28.741846,110.33333,1,102061,val
82.0,133.0,196.0,137.0,271.76175,30.225454,62.0,1,102061,val
89.0,83.0,57.0,76.333336,100.227516,13.339615,6.3333435,1,102061,val
61.0,71.0,62.0,64.666664,123.26303,13.389677,5.6666603,1,102061,val
125.0,110.0,77.0,104.0,186.63454,27.202923,58.000008,1,102061,val
54.0,65.0,51.0,56.666668,35.131496,5.2613344,32.000004,1,102061,val
124.0,109.0,70.0,101.0,161.45245,30.94195,121.666664,1,102061,val
255.0,255.0,243.0,251.0,753.33594,88.83618,191.0,1,102061,val
125.0,195.0,254.0,191.33333,5.2704496,0.9437293,9.3333435,1,102061,val
117.0,169.0,216.0,167.33333,506.93176,55.907326,93.66664,1,102061,val
166.0,226.0,254.0,215.33333,23.021729,3.048437,4.0,1,102061,val
59.0,70.0,62.0,63.666668,10.295634,6.716497,23.999989,1,102061,val
158.0,212.0,236.0,202.0,152.58366,20.30875,10.333328,1,102061,val
75.0,125.0,186.0,128.66667,133.56065,29.87343,82.99998,1,102061,val
117.0,176.0,246.0,179.66667,188.04317,24.275759,60.000008,1,102061,val
181.0,232.0,255.0,222.66667,92.90617,20.106747,40.666687,1,102061,val
128.0,115.0,80.0,107.666664,200.72095,33.54169,103.000015,1,102061,val
189.0,169.0,145.0,167.66667,229.38617,23.501911,3.0000153,1,102061,val
210.0,236.0,255.0,233.66667,212.33362,21.635565,16.333344,1,102061,val
35.0,35.0,25.0,31.666666,113.28038,16.014482,11.333338,1,102061,val
172.0,214.0,239.0,208.33333,415.9514,49.96618,79.666664,1,102061,val
195.0,223.0,234.0,217.33333,591.1349,63.45523,197.33331,1,102061,val
116.0,186.0,248.0,183.33333,41.1447,4.595344,10.333359,1,102061,val
121.0,181.0,251.0,184.33333,22.666662,4.3941545,0.66664124,1,102061,val
125.0,194.0,251.0,190.0,61.40034,6.8764205,5.3333435,1,102061,val
133.0,203.0,255.0,197.0,5.497468,2.1360009,2.6666565,1,102061,val
79.0,141.0,216.0,145.33333,214.54033,31.662743,22.333344,1,102061,val
108.0,170.0,245.0,174.33333,8.432747,2.6667073,17.666687,1,102061,val
65.0,99.0,108.0,90.666664,240.95827,42.673737,77.33334,1,102061,val
132.0,192.0,254.0,192.66667,39.129417,8.487813,15.0000305,1,102061,val
74.0,112.0,133.0,106.333336,436.57098,67.33965,199.99998,1,102061,val
177.0,207.0,235.0,206.33333,225.50388,25.008045,5.6666565,1,102061,val
147.0,192.0,231.0,190.0,420.83118,44.968174,146.66667,1,102061,val
149.0,166.0,184.0,166.33333,254.31825,35.862843,207.0,1,102061,val
46.0,52.0,42.0,46.666668,62.72514,8.841527,12.333328,1,102061,val
77.0,88.0,82.0,82.333336,74.60862,9.506294,3.6666641,1,102061,val
49.0,75.0,92.0,72.0,481.69263,57.89071,217.33334,1,102061,val
81.0,89.0,74.0,81.333336,172.45418,19.170525,71.33334,1,102061,val
119.0,189.0,249.0,185.66667,12.337816,3.3476903,6.9999695,1,102061,val
135.0,122.0,88.0,115.0,151.72856,26.307192,71.333336,1,102061,val
145.0,198.0,250.0,197.66667,79.366936,18.21036,37.666687,1,102061,val
74.0,111.0,155.0,113.333336,332.1479,39.305195,114.33333,1,102061,val
28.0,45.0,37.0,36.666668,292.68448,34.19591,144.33333,1,102061,val
141.0,199.0,247.0,195.66667,54.871563,6.263111,26.666641,1,102061,val
103.0,160.0,229.0,164.0,341.08975,39.924,124.333336,1,102061,val
94.0,131.0,157.0,127.333336,442.58282,49.242584,115.66665,1,102061,val
54.0,99.0,141.0,98.0,535.9355,53.879375,123.333336,1,102061,val
33.0,39.0,37.0,36.333332,159.39119,17.00939,31.666676,1,102061,val
102.0,113.0,107.0,107.333336,49.875397,23.772112,83.000015,1,102061,val
174.0,161.0,127.0,154.0,257.56165,27.794235,40.333336,1,102061,val
44.0,82.0,127.0,84.333336,176.22838,25.511774,83.99999,1,102061,val
93.0,172.0,247.0,170.66667,36.545277,4.8511033,9.999985,1,102061,val
168.0,152.0,118.0,146.0,188.02188,20.408092,44.333336,1,102061,val
56.0,73.0,83.0,70.666664,8.498377,2.047531,6.3333282,0,102061,val
156.0,220.0,255.0,210.33333,20.666672,2.1578345,2.3333282,0,102061,val
106.0,104.0,79.0,96.333336,33.944405,15.268591,9.333336,0,102061,val
73.0,87.0,96.0,85.333336,56.35206,10.5876875,83.33334,0,102061,val
210.0,191.0,176.0,192.33333,152.20528,44.131596,194.0,0,102061,val
130.0,137.0,121.0,129.33333,20.93373,3.9098732,2.666687,0,102061,val
58.0,80.0,59.0,65.666664,13.572853,2.314716,7.6666718,0,102061,val
40.0,57.0,49.0,48.666668,46.363308,5.5163774,5.6666718,0,102061,val
60.0,72.0,58.0,63.333332,103.07711,11.232103,3.3333397,0,102061,val
102.0,115.0,89.0,102.0,47.010635,8.075208,35.0,0,102061,val
98.0,108.0,81.0,95.666664,28.362722,4.8685856,21.333336,0,102061,val
159.0,144.0,125.0,142.66667,627.7984,65.97107,66.66664,0,102061,val
153.0,215.0,255.0,207.66667,2.4037066,0.93958104,5.333359,0,102061,val
136.0,156.0,157.0,149.66667,12.337832,1.7908186,3.3333435,0,102061,val
250.0,252.0,249.0,250.33333,5.754251,1.2808689,13.000015,0,102061,val
164.0,144.0,120.0,142.66667,282.98453,43.16582,61.66668,0,102061,val
246.0,246.0,246.0,246.0,24.092413,3.6843207,17.0,0,102061,val
159.0,151.0,132.0,147.33333,393.459,40.37553,87.66668,0,102061,val
100.0,118.0,140.0,119.333336,41.236443,8.080044,15.666672,0,102061,val
79.0,93.0,68.0,80.0,11.869666,1.4356306,2.6666718,0,102061,val
16.0,29.0,20.0,21.666666,14.764827,3.8586159,34.0,0,102061,val
57.0,76.0,56.0,63.0,44.484707,11.421351,50.666668,0,102061,val
85.0,99.0,73.0,85.666664,44.20407,7.972181,48.0,0,102061,val
54.0,74.0,49.0,59.0,28.460499,4.082523,3.0,0,102061,val
83.0,167.0,255.0,168.33333,4.807375,0.5430671,0.66664124,0,102061,val
80.0,90.0,65.0,78.333336,50.19074,5.597633,24.666664,0,102061,val
66.0,87.0,106.0,86.333336,45.45571,6.0309668,21.333344,0,102061,val
35.0,60.0,54.0,49.666668,7.2111025,0.7370298,1.0,0,102061,val
135.0,154.0,158.0,149.0,24.267012,3.586814,19.666656,0,102061,val
130.0,203.0,254.0,195.66667,8.856868,0.96217525,1.0,0,102061,val
104.0,114.0,113.0,110.333336,12.578638,2.263199,4.6666718,0,102061,val
48.0,70.0,68.0,62.0,1.3333282,0.1570293,0.33333206,0,102061,val
109.0,188.0,255.0,184.0,3.5901117,0.6434769,2.0,0,102061,val
65.0,147.0,246.0,152.66667,5.0110993,1.2382258,5.6666565,0,102061,val
74.0,90.0,64.0,76.0,35.44009,6.1663938,8.0,0,102061,val
67.0,92.0,114.0,91.0,30.641281,6.4560943,1.0000076,0,102061,val
45.0,70.0,66.0,60.333332,1.9436419,0.3140586,0.6666641,0,102061,val
135.0,134.0,106.0,125.0,56.764618,6.728844,18.0,0,102061,val
46.0,68.0,45.0,53.0,22.191092,2.2540112,2.666668,0,102061,val
43.0,66.0,58.0,55.666668,22.135939,4.346138,21.0,0,102061,val
41.0,62.0,57.0,53.333332,21.343742,3.630384,1.3333282,0,102061,val
153.0,216.0,255.0,208.0,5.6764975,1.1319232,4.6666718,0,102061,val
255.0,255.0,251.0,253.66667,5.7542458,0.67023784,1.3333435,0,102061,val
38.0,59.0,40.0,45.666668,3.1622777,0.4157542,1.0,0,102061,val
107.0,187.0,255.0,183.0,2.1082013,0.3125,0.66667175,0,102061,val
119.0,193.0,254.0,188.66667,25.372791,2.5202305,4.333313,0,102061,val
99.0,98.0,77.0,91.333336,164.52625,21.030275,71.33332,0,102061,val
90.0,166.0,254.0,170.0,17.49922,1.7477664,3.3333435,0,102061,val
143.0,136.0,110.0,129.66667,4.3461375,6.1964107,50.000023,0,102061,val
89.0,91.0,80.0,86.666664,207.00241,21.102926,9.000008,0,102061,val
48.0,69.0,62.0,59.666668,1.4142135,1.0657121,6.0,0,102061,val
141.0,212.0,254.0,202.33333,9.067643,1.5562375,3.6666718,0,102061,val
45.0,64.0,44.0,51.0,21.234144,2.3329961,1.0,0,102061,val
52.0,75.0,67.0,64.666664,21.218441,2.3991373,11.333324,0,102061,val
178.0,171.0,155.0,168.0,170.1581,28.69863,92.0,0,102061,val
104.0,184.0,253.0,180.33333,2.981433,0.4330127,3.0000153,0,102061,val
102.0,180.0,254.0,178.66667,5.1854353,0.5978477,2.0,0,102061,val
39.0,64.0,60.0,54.333332,7.071068,1.1331089,4.0,0,102061,val
44.0,67.0,61.0,57.333332,3.1622777,0.56660825,5.0,0,102061,val
145.0,214.0,255.0,204.66667,11.897687,1.2839149,2.3333435,0,102061,val
117.0,117.0,93.0,109.0,29.94811,3.7221622,4.6666718,0,102061,val
66.0,74.0,53.0,64.333336,27.018515,4.845791,2.0000114,0,102061,val
40.0,63.0,35.0,46.0,1.4142189,0.6242183,3.3333359,0,102061,val
115.0,101.0,74.0,96.666664,281.02234,32.396393,71.33334,0,102061,val
119.0,193.0,254.0,188.66667,6.128273,0.6434769,1.3333282,0,102061,val
179.0,163.0,140.0,160.66667,175.07458,21.436453,72.33331,0,102061,val
131.0,197.0,255.0,194.33333,8.340008,0.95606613,1.333313,0,102061,val
130.0,202.0,250.0,194.0,6.0369086,1.475053,11.000015,0,102061,val
91.0,105.0,80.0,92.0,44.71141,6.961985,60.333336,0,102061,val
96.0,111.0,108.0,105.0,48.45386,8.809951,64.99999,0,102061,val
46.0,72.0,61.0,59.666668,50.11986,5.5288,0.33333206,0,102061,val
53.0,70.0,51.0,58.0,10.0,2.0787122,13.0,0,102061,val
196.0,237.0,255.0,229.33333,305.00455,48.199497,76.33331,0,102061,val
46.0,69.0,61.0,58.666668,40.02222,4.6904416,9.666668,0,102061,val
59.0,77.0,89.0,75.0,31.216085,4.0525117,0.3333435,0,102061,val
80.0,159.0,254.0,164.33333,3.0184932,0.4901371,0.3333435,0,102061,val
56.0,76.0,51.0,61.0,18.384777,2.3465087,7.0,0,102061,val
41.0,63.0,42.0,48.666668,3.3333359,1.2183493,7.000004,0,102061,val
101.0,112.0,95.0,102.666664,54.621933,6.65955,5.3333282,0,102061,val
49.0,74.0,68.0,63.666668,28.382303,5.0481567,33.33333,0,102061,val
152.0,220.0,255.0,209.0,23.213964,2.3251345,0.33332825,0,102061,val
73.0,89.0,63.0,75.0,19.142733,1.9964569,0.6666641,0,102061,val
55.0,78.0,72.0,68.333336,4.055178,0.7371954,1.3333282,0,102061,val
72.0,159.0,255.0,162.0,5.696032,0.72886896,0.66667175,0,102061,val
161.0,149.0,123.0,144.33333,85.2617,11.715708,1.3333588,0,102061,val
112.0,125.0,134.0,123.666664,26.787224,12.518619,50.999992,0,102061,val
241.0,238.0,219.0,232.66667,12.337825,5.5933137,42.99997,0,102061,val
66.0,95.0,93.0,84.666664,4.0,0.4708287,1.0,0,102061,val
76.0,82.0,70.0,76.0,161.35538,17.41681,25.666664,0,102061,val
56.0,81.0,77.0,71.333336,4.0,0.47186464,1.0,0,102061,val
41.0,128.0,225.0,131.33333,1.4142135,0.3156095,0.0,0,102061,val
57.0,82.0,78.0,72.333336,38.415836,4.2720017,1.6666718,0,102061,val
96.0,94.0,82.0,90.666664,118.91359,14.36902,54.000015,0,102061,val
101.0,183.0,255.0,179.66667,7.3635693,0.7551904,0.6666565,0,102061,val
47.0,72.0,66.0,61.666668,4.472136,0.5663928,1.0,0,102061,val
97.0,112.0,89.0,99.333336,44.141197,5.4569516,7.6666718,0,102061,val
44.0,67.0,39.0,50.0,12.073843,1.4943743,3.666668,0,102061,val
73.0,95.0,74.0,80.666664,15.811388,1.6179233,4.0,0,102061,val
61.0,77.0,51.0,63.0,14.422205,4.294687,17.0,0,102061,val
253.0,250.0,233.0,245.33333,16.89839,1.9162138,1.666687,0,102061,val
122.0,138.0,135.0,131.66667,14.267289,2.204842,1.666626,0,102061,val
48.0,134.0,233.0,138.33333,5.656854,0.66585237,0.0,0,102061,val
32.0,36.0,35.0,34.333332,2.0,2.0964885,5.999998,0,102061,val
74.0,89.0,66.0,76.333336,28.114841,3.5651717,1.3333359,0,102061,val
71.0,90.0,70.0,77.0,35.455757,3.5360863,3.6666641,0,102061,val
76.0,98.0,77.0,83.666664,9.533563,1.1875,1.0,0,102061,val
48.0,71.0,63.0,60.666668,4.737549,0.6085732,0.33333588,0,102061,val
90.0,168.0,253.0,170.33333,7.0710335,0.832682,0.666687,0,102061,val
231.0,216.0,183.0,210.0,511.56342,61.955536,110.0,0,102061,val
145.0,132.0,100.0,125.666664,153.3051,20.505287,57.33335,0,102061,val
39.0,64.0,58.0,53.666668,3.018463,0.4157542,1.3333359,0,102061,val
49.0,70.0,63.0,60.666668,4.2426405,0.81654644,3.0,0,102061,val
52.0,75.0,67.0,64.666664,31.531286,3.5035207,3.3333282,0,102061,val
97.0,113.0,113.0,107.666664,78.2943,11.713457,25.666656,0,102061,val
202.0,180.0,143.0,175.0,193.34366,26.04181,57.33333,0,102061,val
54.0,73.0,51.0,59.333332,19.516378,3.4740248,0.0,0,102061,val
108.0,116.0,101.0,108.333336,88.44836,9.820608,29.666672,0,102061,val
37.0,59.0,36.0,44.0,8.393114,0.9162301,2.333332,0,102061,val
40.0,61.0,52.0,51.0,39.06121,4.2947154,2.333332,0,102061,val
240.0,227.0,195.0,220.66667,281.03186,29.243189,13.666672,0,102061,val
67.0,75.0,77.0,73.0,423.51883,43.963825,48.666664,1,103070,val
88.0,103.0,96.0,95.666664,33.631992,4.061298,2.3333435,1,103070,val
107.0,128.0,133.0,122.666664,87.591225,12.259522,38.66665,1,103070,val
74.0,93.0,99.0,88.666664,433.4472,47.605118,67.33334,1,103070,val
49.0,58.0,53.0,53.333332,28.697655,3.2470315,1.6666718,1,103070,val
244.0,255.0,255.0,251.33333,552.9583,64.65286,157.99998,1,103070,val
94.0,112.0,116.0,107.333336,141.58234,14.510469,31.000015,1,103070,val
86.0,105.0,109.0,100.0,119.61793,12.552818,20.666664,1,103070,val
39.0,49.0,48.0,45.333332,76.35152,7.6138015,4.666668,1,103070,val
60.0,83.0,73.0,72.0,166.51793,16.475035,19.333336,1,103070,val
46.0,55.0,52.0,51.0,123.12685,14.083318,24.666664,1,103070,val
67.0,83.0,83.0,77.666664,169.90523,18.14822,18.666672,1,103070,val
162.0,170.0,181.0,171.0,76.5434,8.291679,3.6666565,1,103070,val
49.0,55.0,51.0,51.666668,88.84569,9.400707,13.999996,1,103070,val
99.0,117.0,121.0,112.333336,120.401184,18.293291,32.66667,1,103070,val
44.0,60.0,59.0,54.333332,25.019993,2.7800207,14.666672,1,103070,val
81.0,91.0,90.0,87.333336,159.09885,30.296259,73.66666,1,103070,val
100.0,108.0,111.0,106.333336,431.35855,45.209797,25.666649,1,103070,val
43.0,64.0,69.0,58.666668,164.71457,26.004282,74.33333,1,103070,val
105.0,117.0,117.0,113.0,700.21747,71.62863,31.999996,1,103070,val
42.0,51.0,48.0,47.0,82.57253,10.051442,20.333336,1,103070,val
96.0,121.0,118.0,111.666664,13.743694,6.195938,6.3333282,1,103070,val
100.0,125.0,122.0,115.666664,52.772053,9.610989,30.333328,1,103070,val
68.0,90.0,78.0,78.666664,539.27374,63.686947,200.33334,1,103070,val
178.0,205.0,200.0,194.33333,438.77432,53.733192,111.999985,1,103070,val
74.0,83.0,80.0,79.0,81.21576,8.485281,0.0,1,103070,val
47.0,56.0,53.0,52.0,126.95495,14.7495775,18.666668,1,103070,val
41.0,55.0,55.0,50.333332,123.54847,18.798336,51.000004,1,103070,val
89.0,118.0,126.0,111.0,242.75867,29.29207,59.33333,1,103070,val
130.0,144.0,145.0,139.66667,107.935165,27.247831,115.000015,1,103070,val
73.0,89.0,88.0,83.333336,383.39218,40.525394,1.6666527,1,103070,val
129.0,143.0,154.0,142.0,52.05343,6.4174447,34.999992,1,103070,val
73.0,94.0,95.0,87.333336,49.127953,5.296483,6.6666794,1,103070,val
95.0,109.0,110.0,104.666664,168.0476,17.463215,21.666664,1,103070,val
44.0,53.0,50.0,49.0,132.67253,14.80945,24.0,1,103070,val
71.0,82.0,88.0,80.333336,517.4132,57.267788,110.66666,1,103070,val
84.0,99.0,94.0,92.333336,22.666664,2.7034411,3.9999847,1,103070,val
47.0,56.0,53.0,52.0,154.80453,18.366947,34.333336,1,103070,val
89.0,108.0,112.0,103.0,82.54022,8.684802,0.66667175,1,103070,val
68.0,89.0,92.0,83.0,189.10611,22.693892,42.333336,1,103070,val
58.0,67.0,64.0,63.0,119.45246,12.017575,4.999996,1,103070,val
41.0,51.0,50.0,47.333332,13.349988,2.870836,11.333328,1,103070,val
91.0,100.0,105.0,98.666664,484.33893,52.253998,57.000015,1,103070,val
151.0,164.0,173.0,162.66667,411.20554,43.687008,40.666656,1,103070,val
85.0,101.0,101.0,95.666664,154.4553,19.259129,50.666664,1,103070,val
35.0,46.0,48.0,43.0,42.546715,4.232313,1.6666641,1,103070,val
59.0,68.0,65.0,64.0,21.400934,3.2697716,14.0,1,103070,val
41.0,64.0,54.0,53.0,57.117817,14.008325,28.666668,1,103070,val
60.0,80.0,81.0,73.666664,54.037018,5.6328073,4.999996,1,103070,val
100.0,128.0,139.0,122.333336,34.14023,4.582469,8.666672,1,103070,val
42.0,66.0,53.0,53.666668,142.38757,17.92263,66.33333,1,103070,val
53.0,69.0,68.0,63.333332,45.772385,5.5044813,9.666668,1,103070,val
98.0,116.0,120.0,111.333336,448.5047,44.972454,1.3333244,1,103070,val
104.0,109.0,113.0,108.666664,302.64648,32.748493,36.666656,1,103070,val
101.0,107.0,105.0,104.333336,346.73334,35.401424,1.6666718,1,103070,val
119.0,134.0,139.0,130.66667,158.76259,18.088541,45.666695,1,103070,val
66.0,86.0,87.0,79.666664,321.8989,36.79488,118.000015,1,103070,val
48.0,71.0,63.0,60.666668,116.48938,14.238517,27.999992,1,103070,val
27.0,38.0,40.0,35.0,53.08483,5.770884,13.666668,1,103070,val
105.0,126.0,127.0,119.333336,27.784895,5.079543,10.6666565,1,103070,val
95.0,101.0,99.0,98.333336,277.87488,28.526543,11.333336,1,103070,val
93.0,109.0,109.0,103.666664,209.52061,21.172699,1.3333282,1,103070,val
52.0,62.0,61.0,58.333332,662.17487,72.9319,269.0,1,103070,val
142.0,159.0,167.0,156.0,301.83035,41.30808,108.666664,1,103070,val
72.0,80.0,82.0,78.0,403.60376,52.870216,141.33334,1,103070,val
233.0,253.0,255.0,247.0,197.82033,39.96737,98.33333,1,103070,val
59.0,75.0,74.0,69.333336,516.69763,61.822807,193.66664,1,103070,val
40.0,52.0,50.0,47.333332,91.5302,15.930229,26.666668,1,103070,val
107.0,139.0,128.0,124.666664,684.5717,70.93973,68.33334,1,103070,val
54.0,71.0,65.0,63.333332,245.34781,27.974405,37.66667,1,103070,val
91.0,105.0,108.0,101.333336,246.25642,25.960926,13.000008,1,103070,val
111.0,121.0,120.0,117.333336,73.37725,7.7610807,20.999992,1,103070,val
42.0,58.0,58.0,52.666668,169.39761,19.970425,52.999996,1,103070,val
52.0,70.0,70.0,64.0,42.54409,4.8016825,0.0,1,103070,val
112.0,123.0,119.0,118.0,71.23826,8.783252,2.6666565,1,103070,val
108.0,114.0,114.0,112.0,292.5159,31.02653,36.33334,1,103070,val
98.0,118.0,116.0,110.666664,79.80671,10.816608,42.999992,1,103070,val
45.0,59.0,60.0,54.666668,47.010628,6.892467,2.0,1,103070,val
64.0,80.0,77.0,73.666664,132.13629,13.864544,14.666683,1,103070,val
110.0,130.0,131.0,123.666664,18.909153,7.2062254,18.33332,1,103070,val
32.0,56.0,58.0,48.666668,238.39557,35.397263,102.0,1,103070,val
47.0,63.0,62.0,57.333332,6.289319,4.262333,1.9999924,1,103070,val
84.0,90.0,88.0,87.333336,323.98764,33.037952,7.3333282,1,103070,val
96.0,103.0,96.0,98.333336,33.95422,6.826677,13.000008,1,103070,val
73.0,79.0,77.0,76.333336,301.88226,30.90528,18.999992,1,103070,val
73.0,86.0,92.0,83.666664,461.92834,46.5206,54.000015,1,103070,val
81.0,98.0,79.0,86.0,221.12541,27.11841,62.0,1,103070,val
44.0,63.0,67.0,58.0,26.436504,3.3997214,3.3333359,1,103070,val
150.0,163.0,172.0,161.66667,194.67693,26.835508,48.000023,1,103070,val
94.0,114.0,112.0,106.666664,49.21608,12.389551,21.333328,1,103070,val
84.0,102.0,106.0,97.333336,162.13025,16.634777,9.666649,1,103070,val
89.0,105.0,104.0,99.333336,179.44669,18.679085,7.6666718,1,103070,val
97.0,111.0,111.0,106.333336,227.60687,23.333708,3.0000076,1,103070,val
77.0,104.0,97.0,92.666664,167.4548,22.568428,18.666672,1,103070,val
75.0,90.0,87.0,84.0,62.654263,9.659637,13.666664,1,103070,val
79.0,91.0,87.0,85.666664,20.154964,4.329394,7.0000076,1,103070,val
85.0,108.0,100.0,97.666664,121.239914,17.171442,18.000015,1,103070,val
46.0,64.0,64.0,58.0,67.468506,6.9485765,6.333336,1,103070,val
241.0,254.0,255.0,250.0,142.04225,33.12724,52.666687,1,103070,val
136.0,153.0,160.0,149.66667,269.63718,33.550392,86.00002,1,103070,val
46.0,64.0,68.0,59.333332,43.964626,4.6268206,4.3333282,1,103070,val
56.0,71.0,76.0,67.666664,416.2598,46.30533,73.33334,1,103070,val
56.0,80.0,82.0,72.666664,61.89958,10.947094,43.66667,1,103070,val
48.0,66.0,68.0,60.666668,304.57,48.497623,109.666664,1,103070,val
51.0,67.0,67.0,61.666668,23.213968,3.5362244,6.999996,1,103070,val
71.0,95.0,99.0,88.333336,426.84836,46.374863,61.33333,1,103070,val
104.0,119.0,122.0,115.0,46.200043,21.017315,98.333336,1,103070,val
55.0,73.0,75.0,67.666664,7.6739187,3.3299952,5.0000076,1,103070,val
222.0,233.0,239.0,231.33333,697.0632,74.45727,211.66666,1,103070,val
41.0,62.0,57.0,53.333332,63.094284,10.7955065,27.000004,1,103070,val
47.0,51.0,52.0,50.0,183.34242,19.819614,36.333332,1,103070,val
79.0,108.0,103.0,96.666664,241.70137,28.324018,86.00001,1,103070,val
69.0,90.0,91.0,83.333336,51.727924,6.021446,0.66664886,1,103070,val
54.0,69.0,72.0,65.0,375.21576,40.528297,90.33334,1,103070,val
84.0,99.0,96.0,93.0,244.49948,24.848171,3.6666718,1,103070,val
58.0,67.0,64.0,63.0,203.06593,21.172998,15.666664,1,103070,val
72.0,92.0,93.0,85.666664,62.377,6.8362904,6.3333206,1,103070,val
42.0,56.0,57.0,51.666668,168.69962,18.856468,60.66666,1,103070,val
51.0,67.0,66.0,61.333332,93.00538,11.326907,23.666672,1,103070,val
159.0,175.0,201.0,178.33333,39.735226,4.681246,9.666641,1,103070,val
92.0,135.0,151.0,126.0,14.000015,1.6265017,11.0,0,103070,val
73.0,78.0,71.0,74.0,32.180046,3.8128202,4.6666718,0,103070,val
87.0,110.0,100.0,99.0,13.498975,2.4894307,8.3333435,0,103070,val
99.0,101.0,98.0,99.333336,97.52948,10.025261,12.3333435,0,103070,val
115.0,145.0,155.0,138.33333,28.491707,3.0394542,7.0,0,103070,val
37.0,57.0,48.0,47.333332,41.97619,4.396987,3.666668,0,103070,val
165.0,179.0,192.0,178.66667,90.86863,9.631998,7.0000153,0,103070,val
80.0,107.0,92.0,93.0,36.71208,4.004514,1.0,0,103070,val
205.0,224.0,255.0,228.0,32.400307,3.5663357,6.6666565,0,103070,val
47.0,66.0,60.0,57.666668,38.955822,3.922093,1.6666603,0,103070,val
51.0,63.0,59.0,57.666668,59.46427,7.588894,13.333328,0,103070,val
99.0,104.0,81.0,94.666664,32.584938,3.8737397,0.6666794,0,103070,val
51.0,67.0,66.0,61.333332,12.445433,1.4053817,2.3333282,0,103070,val
83.0,102.0,96.0,93.666664,14.142136,1.4743907,3.0,0,103070,val
70.0,122.0,76.0,89.333336,8.232729,1.1698942,7.0000076,0,103070,val
134.0,156.0,177.0,155.66667,30.731783,3.1911743,3.6666565,0,103070,val
82.0,102.0,103.0,95.666664,93.8616,10.252334,7.0,0,103070,val
48.0,60.0,60.0,56.0,9.910713,2.204233,2.3333359,0,103070,val
37.0,53.0,53.0,47.666668,45.568012,4.7868123,7.3333282,0,103070,val
109.0,115.0,103.0,109.0,53.841312,6.288786,11.0,0,103070,val
122.0,144.0,155.0,140.33333,32.99832,3.446579,3.0,0,103070,val
66.0,76.0,65.0,69.0,117.26986,12.410087,2.3333359,0,103070,val
86.0,106.0,104.0,98.666664,138.56729,14.83967,25.666672,0,103070,val
35.0,46.0,42.0,41.0,68.379654,7.114198,4.333336,0,103070,val
47.0,58.0,54.0,53.0,107.51745,12.353616,31.666664,0,103070,val
60.0,84.0,88.0,77.333336,23.290428,2.6407638,2.6666641,0,103070,val
98.0,140.0,120.0,119.333336,24.747606,2.499414,1.6666718,0,103070,val
84.0,102.0,104.0,96.666664,50.824306,5.811828,26.333336,0,103070,val
34.0,52.0,56.0,47.333332,66.69666,7.203871,4.000004,0,103070,val
118.0,137.0,141.0,132.0,47.67483,5.9421034,26.333328,0,103070,val
99.0,114.0,119.0,110.666664,389.74976,41.912006,20.333317,0,103070,val
41.0,59.0,61.0,53.666668,185.847,23.373402,49.999996,0,103070,val
60.0,89.0,67.0,72.0,24.004618,2.403509,7.6293945e-06,0,103070,val
72.0,94.0,71.0,79.0,28.697655,2.9708052,6.0,0,103070,val
64.0,79.0,76.0,73.0,44.161324,5.292564,14.333336,0,103070,val
132.0,158.0,175.0,155.0,22.533936,2.4036105,2.3333282,0,103070,val
63.0,110.0,66.0,79.666664,31.400637,3.2241309,1.0,0,103070,val
100.0,129.0,137.0,122.0,1.0540957,0.73620117,3.6666641,0,103070,val
20.0,35.0,38.0,31.0,48.78297,6.366272,31.666668,0,103070,val
112.0,124.0,112.0,116.0,63.043198,7.6928334,11.0,0,103070,val
49.0,53.0,52.0,51.333332,92.31468,10.043254,1.3333359,0,103070,val
29.0,38.0,45.0,37.333332,9.486833,1.4907347,4.0,0,103070,val
66.0,115.0,68.0,83.0,25.495098,2.6439052,2.3333282,0,103070,val
61.0,101.0,66.0,76.0,22.63723,2.3366559,1.3333359,0,103070,val
104.0,122.0,126.0,117.333336,59.93328,7.6448894,9.000015,0,103070,val
138.0,156.0,168.0,154.0,26.907248,2.8194358,3.0,0,103070,val
66.0,71.0,67.0,68.0,55.71556,5.659271,7.333332,0,103070,val
108.0,124.0,124.0,118.666664,97.535194,10.052207,11.666664,0,103070,val
66.0,86.0,87.0,79.666664,23.800102,2.8548033,5.9999924,0,103070,val
140.0,158.0,168.0,155.33333,26.741581,2.9481192,0.66667175,0,103070,val
91.0,109.0,109.0,103.0,43.85836,6.5791454,21.000008,0,103070,val
123.0,137.0,138.0,132.66667,91.83561,23.301584,147.33336,0,103070,val
34.0,54.0,55.0,47.666668,33.21312,3.4275067,0.33333206,0,103070,val
119.0,138.0,142.0,133.0,141.37267,16.236652,44.999992,0,103070,val
84.0,102.0,104.0,96.666664,122.85674,13.772177,1.3333282,0,103070,val
109.0,108.0,106.0,107.666664,125.361694,12.866958,5.9999924,0,103070,val
62.0,61.0,56.0,59.666668,75.63655,7.5953894,6.3333397,0,103070,val
76.0,68.0,65.0,69.666664,47.800503,4.839262,4.6666718,0,103070,val
96.0,114.0,116.0,108.666664,47.565166,13.30553,20.666664,0,103070,val
83.0,105.0,102.0,96.666664,8.537521,1.0670857,0.6666565,0,103070,val
147.0,169.0,190.0,168.66667,35.928932,3.6587865,8.0,0,103070,val
100.0,119.0,117.0,112.0,57.513268,6.0152802,4.666664,0,103070,val
94.0,79.0,74.0,82.333336,12.727933,1.6212397,2.6666718,0,103070,val
100.0,118.0,118.0,112.0,85.29687,11.232756,14.666672,0,103070,val
86.0,97.0,93.0,92.0,50.288063,5.0208063,5.3333282,0,103070,val
116.0,140.0,150.0,135.33333,24.33105,2.6003306,3.0,0,103070,val
77.0,90.0,83.0,83.333336,35.92894,4.3550324,5.6666565,0,103070,val
114.0,138.0,150.0,134.0,7.2111025,1.0661701,2.0,0,103070,val
90.0,95.0,89.0,91.333336,34.887127,4.2594104,8.6666565,0,103070,val
166.0,187.0,218.0,190.33333,41.5505,4.8484855,8.6666565,0,103070,val
117.0,138.0,123.0,126.0,36.89324,4.929384,6.666664,0,103070,val
71.0,99.0,85.0,85.0,191.93633,20.197233,10.666672,0,103070,val
71.0,89.0,91.0,83.666664,14.391363,1.6365277,0.33333588,0,103070,val
109.0,123.0,126.0,119.333336,348.17395,35.17995,4.3333206,0,103070,val
75.0,86.0,80.0,80.333336,132.40761,13.572937,3.3333282,0,103070,val
32.0,41.0,48.0,40.333332,5.6960025,1.710099,0.6666641,0,103070,val
71.0,90.0,96.0,85.666664,63.56273,6.5704565,7.6293945e-06,0,103070,val
168.0,180.0,196.0,181.33333,95.318214,12.390694,51.333313,0,103070,val
24.0,34.0,36.0,31.333334,1.8856189,0.93122905,4.666666,0,103070,val
79.0,78.0,74.0,77.0,69.76947,7.4882393,1.3333359,0,103070,val
71.0,119.0,77.0,89.0,35.90108,3.7836382,2.6666641,0,103070,val
64.0,79.0,86.0,76.333336,147.69713,17.85316,34.33332,0,103070,val
66.0,82.0,82.0,76.666664,174.97174,19.160429,6.3333282,0,103070,val
121.0,141.0,148.0,136.66667,22.47471,2.3414571,2.3333435,0,103070,val
61.0,80.0,78.0,73.0,36.08632,6.5504727,7.666668,0,103070,val
65.0,76.0,72.0,71.0,99.45854,10.692102,25.333328,0,103070,val
59.0,71.0,69.0,66.333336,53.75872,14.476038,96.0,0,103070,val
45.0,63.0,65.0,57.666668,16.05546,1.6405506,0.33333206,0,103070,val
68.0,80.0,80.0,76.0,48.18483,6.4151998,19.000008,0,103070,val
32.0,51.0,57.0,46.666668,9.055386,1.5713034,1.0,0,103070,val
74.0,66.0,63.0,67.666664,30.731823,3.471283,11.0,0,103070,val
99.0,128.0,136.0,121.0,17.262669,1.8642924,1.3333282,0,103070,val
91.0,113.0,111.0,105.0,32.74481,3.4427516,4.0000076,0,103070,val
78.0,88.0,80.0,82.0,49.055534,5.6502905,1.6666641,0,103070,val
68.0,58.0,57.0,61.0,53.333332,5.479766,1.0,0,103070,val
45.0,61.0,60.0,55.333332,64.284096,6.78233,9.33334,0,103070,val
146.0,168.0,191.0,168.33333,44.507145,4.6091366,5.333313,0,103070,val
65.0,77.0,73.0,71.666664,35.805023,6.154346,9.999996,0,103070,val
91.0,107.0,106.0,101.333336,8.069151,1.0321965,1.3333282,0,103070,val
38.0,56.0,56.0,50.0,17.751373,1.8459336,1.3333321,0,103070,val
30.0,44.0,45.0,39.666668,17.20465,2.8674536,4.0,0,103070,val
34.0,55.0,56.0,48.333332,23.194826,3.1544704,0.0,0,103070,val
87.0,102.0,95.0,94.666664,55.33333,6.3400545,8.666672,0,103070,val
122.0,140.0,152.0,138.0,60.5622,6.8764205,2.3333282,0,103070,val
164.0,182.0,202.0,182.66667,8.666687,1.2183493,2.6666718,0,103070,val
99.0,94.0,90.0,94.333336,144.73346,14.686668,1.3333282,0,103070,val
83.0,99.0,72.0,84.666664,36.908287,3.9159255,2.0000153,0,103070,val
79.0,102.0,74.0,85.0,29.612303,3.0135598,1.9999924,0,103070,val
38.0,53.0,56.0,49.0,6.411799,0.6850097,0.66666794,0,103070,val
153.0,170.0,190.0,171.0,12.3738165,2.5441415,3.3333282,0,103070,val
55.0,74.0,81.0,70.0,41.55051,7.271503,30.666668,0,103070,val
86.0,135.0,103.0,108.0,18.049307,1.9938872,1.3333282,0,103070,val
91.0,84.0,78.0,84.333336,41.617306,4.2516656,5.0,0,103070,val
105.0,130.0,134.0,123.0,16.898388,1.7848101,4.0000076,0,103070,val
93.0,110.0,104.0,102.333336,72.69417,8.057108,13.3333435,0,103070,val
34.0,49.0,52.0,45.0,1.054091,0.27220705,0.33333206,0,103070,val
69.0,70.0,62.0,67.0,94.153534,9.415978,2.6666641,0,103070,val
97.0,112.0,107.0,105.333336,181.49626,18.463198,4.666649,0,103070,val
22.0,32.0,41.0,31.666666,6.324558,1.1559861,3.000002,0,103070,val
45.0,58.0,51.0,51.333332,44.35213,4.540938,0.6666641,0,103070,val
185.0,179.0,163.0,175.66667,86.85748,9.853814,15.333359,1,105025,val
95.0,92.0,77.0,88.0,97.49416,18.30199,43.999992,1,105025,val
186.0,179.0,163.0,176.0,113.43624,12.547176,19.333328,1,105025,val
180.0,173.0,157.0,170.0,148.85938,15.090806,13.666672,1,105025,val
80.0,81.0,76.0,79.0,186.45047,25.257696,29.0,1,105025,val
225.0,214.0,212.0,217.0,290.05478,28.978912,19.666672,1,105025,val
237.0,255.0,255.0,249.0,84.59181,14.046518,17.666672,1,105025,val
238.0,255.0,255.0,249.33333,21.766445,4.862564,2.9999695,1,105025,val
206.0,216.0,228.0,216.66667,146.64847,22.260881,0.333313,1,105025,val
155.0,142.0,125.0,140.66667,429.58377,42.445854,68.66664,1,105025,val
245.0,219.0,186.0,216.66667,122.57422,19.545519,18.333344,1,105025,val
255.0,254.0,255.0,254.66667,65.770645,7.783948,21.000015,1,105025,val
233.0,228.0,234.0,231.66667,248.0726,27.160187,97.000015,1,105025,val
229.0,200.0,182.0,203.66667,266.49493,32.54726,114.33334,1,105025,val
163.0,170.0,186.0,173.0,224.29544,25.54515,8.3333435,1,105025,val
105.0,103.0,90.0,99.333336,54.32822,11.77356,40.333344,1,105025,val
252.0,255.0,255.0,254.0,90.35487,10.270939,27.333328,1,105025,val
111.0,112.0,98.0,107.0,45.499695,6.949174,17.333344,1,105025,val
245.0,221.0,197.0,221.0,337.05954,34.03789,84.0,1,105025,val
208.0,224.0,239.0,223.66667,88.2144,11.919981,18.99997,1,105025,val
242.0,225.0,233.0,233.33333,23.118048,4.9532976,9.333313,1,105025,val
234.0,214.0,215.0,221.0,210.66771,21.692812,23.0,1,105025,val
122.0,116.0,102.0,113.333336,252.06744,25.571953,12.6666565,1,105025,val
229.0,233.0,244.0,235.33333,28.382305,8.057169,24.00003,1,105025,val
215.0,175.0,149.0,179.66667,71.20707,7.4718223,19.999985,1,105025,val
220.0,206.0,203.0,209.66667,253.44737,26.1519,19.666687,1,105025,val
243.0,243.0,245.0,243.66667,248.20468,28.552309,29.000015,1,105025,val
233.0,215.0,195.0,214.33333,146.18176,16.82539,11.000015,1,105025,val
217.0,192.0,195.0,201.33333,177.03232,19.846382,31.999985,1,105025,val
255.0,254.0,255.0,254.66667,14.884756,2.7314718,8.000015,1,105025,val
219.0,185.0,157.0,187.0,142.79199,14.6191225,5.3333435,1,105025,val
123.0,116.0,106.0,115.0,322.1211,33.65625,14.333336,1,105025,val
77.0,83.0,73.0,77.666664,290.74084,35.158527,91.000015,1,105025,val
230.0,226.0,225.0,227.0,166.57663,18.243256,10.0,1,105025,val
185.0,161.0,133.0,159.66667,262.76688,32.10621,108.666626,1,105025,val
255.0,255.0,232.0,247.33333,207.87015,37.906906,41.33333,1,105025,val
217.0,203.0,177.0,199.0,67.99997,8.63541,43.0,1,105025,val
190.0,171.0,173.0,178.0,356.3896,38.56726,43.000015,1,105025,val
71.0,71.0,61.0,67.666664,113.78049,16.147045,32.000008,1,105025,val
84.0,80.0,69.0,77.666664,259.42545,29.444847,64.33334,1,105025,val
255.0,248.0,247.0,250.0,244.57535,27.573553,63.33333,1,105025,val
216.0,203.0,186.0,201.66667,98.27965,10.884515,16.000015,1,105025,val
238.0,214.0,188.0,213.33333,318.87476,34.498528,106.66664,1,105025,val
255.0,249.0,239.0,247.66667,274.00327,32.30186,70.333374,1,105025,val
255.0,254.0,255.0,254.66667,55.379475,7.2892256,19.00003,1,105025,val
102.0,100.0,85.0,95.666664,136.35982,20.22346,67.66668,1,105025,val
252.0,255.0,255.0,254.0,198.33585,23.160868,53.0,1,105025,val
217.0,229.0,241.0,229.0,144.28754,16.380247,17.666672,1,105025,val
233.0,212.0,217.0,220.66667,210.39857,21.1299,15.333313,1,105025,val
104.0,111.0,104.0,106.333336,78.95427,13.652674,5.0,1,105025,val
211.0,197.0,212.0,206.66667,201.66914,21.745779,0.666687,1,105025,val
214.0,210.0,224.0,216.0,150.67554,17.0147,40.666656,1,105025,val
246.0,213.0,220.0,226.33333,228.28102,24.176516,55.333313,1,105025,val
220.0,186.0,149.0,185.0,67.73807,7.738651,9.6666565,1,105025,val
221.0,185.0,161.0,189.0,47.445885,8.240762,12.666672,1,105025,val
55.0,56.0,48.0,53.0,15.180392,6.339092,17.333332,1,105025,val
251.0,255.0,255.0,253.66667,57.78887,8.049408,16.666687,1,105025,val
171.0,176.0,198.0,181.66667,86.922676,16.18762,53.333313,1,105025,val
212.0,177.0,184.0,191.0,247.367,24.88913,44.0,1,105025,val
254.0,239.0,242.0,245.0,176.91304,20.767876,18.333328,1,105025,val
97.0,94.0,79.0,90.0,64.13873,7.0140066,16.333328,1,105025,val
163.0,153.0,143.0,153.0,142.60123,14.8662,6.6666718,1,105025,val
178.0,188.0,213.0,193.0,356.90054,36.073383,4.3333282,1,105025,val
233.0,232.0,228.0,231.0,85.42835,10.864938,0.6666565,1,105025,val
202.0,228.0,251.0,227.0,126.842,14.391703,27.666672,1,105025,val
177.0,199.0,222.0,199.33333,274.38864,27.91519,3.3333435,1,105025,val
255.0,239.0,207.0,233.66667,73.45597,8.004638,1.9999847,1,105025,val
227.0,206.0,213.0,215.33333,125.50786,13.895115,32.66664,1,105025,val
255.0,251.0,219.0,241.66667,40.674847,5.5733743,10.3333435,1,105025,val
252.0,238.0,235.0,241.66667,262.75885,28.830797,45.333344,1,105025,val
162.0,155.0,149.0,155.33333,178.97734,18.350164,15.333321,1,105025,val
112.0,104.0,85.0,100.333336,49.924393,13.642728,18.333328,1,105025,val
255.0,252.0,226.0,244.33333,144.80405,15.933455,25.99997,1,105025,val
191.0,175.0,178.0,181.33333,352.7177,37.483852,52.33336,1,105025,val
216.0,180.0,146.0,180.66667,41.89138,5.7710214,10.333313,1,105025,val
254.0,255.0,255.0,254.66667,33.001682,5.8064485,5.3333435,1,105025,val
198.0,181.0,171.0,183.33333,159.3389,16.753382,2.333313,1,105025,val
239.0,235.0,250.0,241.33333,207.44049,22.614985,29.666626,1,105025,val
235.0,224.0,194.0,217.66667,187.80429,21.496912,3.333313,1,105025,val
199.0,188.0,204.0,197.0,189.7513,19.884333,53.333344,1,105025,val
240.0,222.0,222.0,228.0,222.48393,22.687586,9.0,1,105025,val
192.0,195.0,204.0,197.0,255.82504,27.336159,86.33334,1,105025,val
228.0,205.0,187.0,206.66667,142.04225,18.453913,7.666687,1,105025,val
255.0,253.0,252.0,253.33333,76.54337,9.838342,27.999985,1,105025,val
224.0,200.0,196.0,206.66667,326.61667,33.93278,10.0000305,1,105025,val
76.0,74.0,61.0,70.333336,27.56004,12.77246,86.33333,1,105025,val
250.0,252.0,255.0,252.33333,142.75542,16.154043,36.333313,1,105025,val
255.0,253.0,244.0,250.66667,249.19069,29.796642,61.666687,1,105025,val
51.0,51.0,43.0,48.333332,155.82396,19.325037,83.33333,1,105025,val
88.0,98.0,89.0,91.666664,42.17687,6.9389076,37.666664,1,105025,val
254.0,247.0,221.0,240.66667,464.51935,56.00202,137.66669,1,105025,val
133.0,127.0,105.0,121.666664,99.368,11.451494,33.66667,1,105025,val
71.0,76.0,70.0,72.333336,240.88956,24.167517,13.333328,1,105025,val
254.0,254.0,255.0,254.33333,185.34833,26.43521,50.999985,1,105025,val
106.0,99.0,81.0,95.333336,120.28208,16.178057,21.33332,1,105025,val
214.0,220.0,236.0,223.33333,155.0928,17.32885,38.66664,1,105025,val
254.0,243.0,247.0,248.0,159.51662,18.113897,33.33333,1,105025,val
110.0,111.0,97.0,106.0,130.91559,16.420975,3.6666641,1,105025,val
104.0,102.0,89.0,98.333336,174.7716,28.194117,45.666656,1,105025,val
255.0,251.0,240.0,248.66667,68.63754,23.484203,62.666687,1,105025,val
237.0,220.0,230.0,229.0,235.30217,24.179747,9.666672,1,105025,val
141.0,132.0,115.0,129.33333,161.74396,19.102724,76.66664,1,105025,val
104.0,104.0,96.0,101.333336,493.25607,50.673443,77.66666,1,105025,val
213.0,191.0,178.0,194.0,142.46246,16.765385,55.0,1,105025,val
191.0,218.0,237.0,215.33333,191.098,21.115013,10.666687,1,105025,val
255.0,252.0,241.0,249.33333,298.4899,35.76229,79.999985,1,105025,val
79.0,83.0,69.0,77.0,315.27942,33.229874,109.666664,1,105025,val
202.0,200.0,211.0,204.33333,205.07611,23.161373,45.666687,1,105025,val
247.0,223.0,195.0,221.66667,270.2961,31.993774,99.000015,1,105025,val
218.0,249.0,255.0,240.66667,147.11827,17.710123,83.000015,1,105025,val
152.0,141.0,121.0,138.0,44.487186,5.9139333,16.666672,1,105025,val
176.0,167.0,160.0,167.66667,124.594444,22.320333,54.666695,1,105025,val
255.0,249.0,223.0,242.33333,89.19639,14.686702,0.33335876,1,105025,val
219.0,234.0,253.0,235.33333,253.58276,26.668684,40.333313,1,105025,val
177.0,156.0,135.0,156.0,211.04713,30.706715,111.33333,1,105025,val
221.0,205.0,205.0,210.33333,16.606543,2.994135,7.6666565,1,105025,val
216.0,234.0,238.0,229.33333,88.600204,9.776007,12.000015,1,105025,val
249.0,254.0,255.0,252.66667,7.31817,1.4086784,4.666641,1,105025,val
95.0,100.0,94.0,96.333336,186.98662,21.116932,9.999992,1,105025,val
206.0,197.0,190.0,197.66667,251.51718,28.215826,28.333328,1,105025,val
183.0,166.0,146.0,165.0,110.12013,13.659146,82.33333,0,105025,val
184.0,184.0,182.0,183.33333,201.25659,21.338785,49.333344,0,105025,val
254.0,254.0,242.0,250.0,12.265566,1.6262015,3.6666718,0,105025,val
180.0,176.0,164.0,173.33333,21.730665,2.471715,4.0000305,0,105025,val
233.0,253.0,254.0,246.66667,9.843202,1.0383279,0.333313,0,105025,val
255.0,255.0,255.0,255.0,0.0,0.0,0.0,0,105025,val
123.0,99.0,95.0,105.666664,60.28452,10.572665,59.333336,0,105025,val
74.0,79.0,73.0,75.333336,37.0735,4.1902394,2.3333206,0,105025,val
255.0,255.0,255.0,255.0,1.0540764,0.125,0.33332825,0,105025,val
227.0,169.0,132.0,176.0,121.664375,13.368865,34.0,0,105025,val
206.0,194.0,170.0,190.0,127.33506,15.216536,35.33333,0,105025,val
165.0,136.0,118.0,139.66667,67.23924,7.988884,34.33335,0,105025,val
184.0,155.0,141.0,160.0,49.69463,8.8802805,23.666672,0,105025,val
255.0,255.0,255.0,255.0,0.47139734,0.15309311,0.6666565,0,105025,val
255.0,254.0,235.0,248.0,12.0,5.8286066,9.666672,0,105025,val
180.0,173.0,145.0,166.0,61.34784,8.721942,0.6666565,0,105025,val
199.0,161.0,124.0,161.33333,41.00137,7.280915,23.333313,0,105025,val
235.0,232.0,197.0,221.33333,49.55357,9.217638,1.3333435,0,105025,val
254.0,249.0,227.0,243.33333,53.526768,5.684752,4.6666565,0,105025,val
255.0,255.0,255.0,255.0,0.0,0.0,0.0,0,105025,val
255.0,255.0,255.0,255.0,0.0,0.0,0.0,0,105025,val
125.0,110.0,87.0,107.333336,25.72072,4.8126016,11.333328,0,105025,val
252.0,246.0,230.0,242.66667,22.803528,3.2276878,7.3332977,0,105025,val
179.0,152.0,123.0,151.33333,21.974758,3.8717225,10.000015,0,105025,val
188.0,172.0,139.0,166.33333,250.4618,34.548935,76.33336,0,105025,val
242.0,207.0,177.0,208.66667,80.933426,31.653767,48.000015,0,105025,val
139.0,104.0,72.0,105.0,31.587616,3.2155628,2.3333282,0,105025,val
140.0,127.0,108.0,125.0,168.1831,21.999422,9.0,0,105025,val
120.0,118.0,103.0,113.666664,124.57931,12.9752245,12.6666565,0,105025,val
94.0,96.0,82.0,90.666664,29.321964,4.8916984,1.6666565,0,105025,val
246.0,242.0,230.0,239.33333,124.000885,12.744178,8.333328,0,105025,val
197.0,193.0,184.0,191.33333,60.181206,11.665253,19.666687,0,105025,val
72.0,64.0,45.0,60.333332,212.57574,31.213306,121.66667,0,105025,val
58.0,59.0,45.0,54.0,11.31372,6.5517025,53.333336,0,105025,val
119.0,111.0,92.0,107.333336,24.988874,4.1428356,14.333321,0,105025,val
255.0,251.0,231.0,245.66667,54.037025,8.433564,24.00003,0,105025,val
249.0,219.0,211.0,226.33333,36.325672,16.28146,83.66664,0,105025,val
197.0,198.0,192.0,195.66667,174.02747,18.258774,2.6666565,0,105025,val
157.0,150.0,132.0,146.33333,16.505877,2.808678,2.3333282,0,105025,val
255.0,254.0,255.0,254.66667,1.333313,0.15309311,0.33332825,0,105025,val
203.0,196.0,180.0,193.0,88.70052,11.126756,33.66667,0,105025,val
253.0,254.0,255.0,254.0,5.696003,0.93122905,2.0,0,105025,val
239.0,195.0,156.0,196.66667,82.77951,14.937304,83.00003,0,105025,val
120.0,114.0,102.0,112.0,41.55051,9.518178,56.333336,0,105025,val
254.0,250.0,215.0,239.66667,68.46897,7.7156496,7.3333435,0,105025,val
255.0,255.0,237.0,249.0,12.727922,1.6020007,3.666687,0,105025,val
158.0,125.0,92.0,125.0,51.873795,5.8520164,16.333336,0,105025,val
188.0,229.0,247.0,221.33333,40.729427,4.116943,1.6666565,0,105025,val
255.0,255.0,255.0,255.0,0.0,0.0,0.0,0,105025,val
246.0,239.0,211.0,232.0,26.297441,4.045155,3.9999847,0,105025,val
154.0,146.0,135.0,145.0,110.07268,11.29721,17.333336,0,105025,val
222.0,222.0,198.0,214.0,114.74125,12.561878,36.66667,0,105025,val
204.0,170.0,145.0,173.0,232.65666,28.849487,52.33333,0,105025,val
255.0,255.0,255.0,255.0,1.0540764,0.125,0.33332825,0,105025,val
254.0,255.0,255.0,254.66667,3.681775,0.90571105,5.0000305,0,105025,val
209.0,196.0,177.0,194.0,120.89756,14.285318,17.666656,0,105025,val
236.0,255.0,255.0,248.66667,1.4142351,0.375,1.3333435,0,105025,val
255.0,252.0,240.0,249.0,24.666666,2.9771264,1.9999847,0,105025,val
180.0,162.0,140.0,160.66667,138.04025,15.087376,28.333344,0,105025,val
119.0,136.0,143.0,132.66667,14.974074,3.8265622,19.999985,0,105025,val
183.0,149.0,112.0,148.0,147.7671,17.63486,20.333344,0,105025,val
195.0,192.0,183.0,190.0,40.16908,7.935039,7.6666718,0,105025,val
255.0,255.0,235.0,248.33333,73.205925,12.511558,20.666656,0,105025,val
179.0,142.0,113.0,144.66667,44.872673,6.9974885,13.333359,0,105025,val
83.0,80.0,71.0,78.0,83.72573,8.795973,11.333328,0,105025,val
110.0,102.0,91.0,101.0,35.978397,4.148842,7.333336,0,105025,val
189.0,154.0,150.0,164.33333,108.419945,16.259493,28.666656,0,105025,val
255.0,255.0,255.0,255.0,1.0540764,0.125,0.33332825,0,105025,val
255.0,255.0,253.0,254.33333,4.472136,0.5762215,0.33335876,0,105025,val
253.0,255.0,234.0,247.33333,36.672752,4.430893,5.333313,0,105025,val
221.0,193.0,189.0,201.0,68.92348,7.9022346,20.666656,0,105025,val
251.0,255.0,255.0,253.66667,6.3421082,0.6789238,1.5258789e-05,0,105025,val
241.0,255.0,255.0,250.33333,3.0184762,0.38017267,0.66667175,0,105025,val
254.0,255.0,255.0,254.66667,1.414192,0.17677669,0.6666565,0,105025,val
242.0,243.0,225.0,236.66667,44.73379,7.7138777,6.3333435,0,105025,val
173.0,161.0,147.0,160.33333,295.28326,31.12936,60.66665,0,105025,val
255.0,228.0,195.0,226.0,55.619724,11.934555,23.666672,0,105025,val
99.0,106.0,90.0,98.333336,51.038105,5.566624,14.000008,0,105025,val
185.0,221.0,243.0,216.33333,47.590805,4.7516446,0.666687,0,105025,val
166.0,170.0,173.0,169.66667,72.762924,13.368281,59.33333,0,105025,val
87.0,97.0,88.0,90.666664,249.44427,25.66742,26.000004,0,105025,val
189.0,145.0,110.0,148.0,25.759598,3.5471158,12.666672,0,105025,val
140.0,140.0,130.0,136.66667,29.940672,15.875677,68.00002,0,105025,val
187.0,177.0,152.0,172.0,190.9322,19.905195,31.0,0,105025,val
255.0,255.0,243.0,251.0,18.64877,2.484326,8.0,0,105025,val
170.0,166.0,163.0,166.33333,36.712112,15.421993,51.999985,0,105025,val
184.0,173.0,155.0,170.66667,225.37132,24.012081,16.999985,0,105025,val
116.0,118.0,113.0,115.666664,130.44965,13.147785,1.6666641,0,105025,val
195.0,183.0,167.0,181.66667,145.24158,17.928461,0.666687,0,105025,val
255.0,255.0,255.0,255.0,0.0,0.0,0.0,0,105025,val
221.0,255.0,255.0,243.66667,16.739824,1.7688714,0.6667023,0,105025,val
244.0,255.0,255.0,251.33333,4.268751,0.45927933,1.6666565,0,105025,val
255.0,255.0,255.0,255.0,0.0,0.0,0.0,0,105025,val
254.0,255.0,255.0,254.66667,2.1081722,0.293151,0.33332825,0,105025,val
192.0,176.0,143.0,170.33333,194.99173,21.451344,39.000015,0,105025,val
176.0,141.0,113.0,143.33333,41.01219,8.056199,17.333344,0,105025,val
71.0,80.0,59.0,70.0,26.00853,3.15625,0.66667175,0,105025,val
117.0,96.0,77.0,96.666664,97.04064,30.165365,95.33334,0,105025,val
179.0,157.0,133.0,156.33333,98.838806,12.499297,12.6666565,0,105025,val
255.0,254.0,249.0,252.66667,10.687485,1.1127808,1.6667023,0,105025,val
192.0,186.0,164.0,180.66667,134.74338,16.946377,57.666656,0,105025,val
174.0,140.0,113.0,142.33333,44.24679,5.4500575,32.33333,0,105025,val
74.0,72.0,59.0,68.333336,79.4551,8.218364,2.6666565,0,105025,val
147.0,126.0,105.0,126.0,32.829544,3.8232431,2.6666718,0,105025,val
165.0,139.0,122.0,142.0,28.284271,3.0420234,8.333313,0,105025,val
219.0,210.0,181.0,203.33333,94.365746,11.659894,40.66667,0,105025,val
208.0,182.0,165.0,185.0,317.32388,33.624886,11.6666565,0,105025,val
208.0,166.0,150.0,174.66667,260.6935,27.212776,73.66664,0,105025,val
252.0,241.0,221.0,238.0,27.535843,3.3400972,0.6666565,0,105025,val
190.0,174.0,148.0,170.66667,116.397804,14.2637,10.333313,0,105025,val
212.0,212.0,204.0,209.33333,120.64734,13.470454,55.333374,0,105025,val
56.0,63.0,55.0,58.0,122.58874,12.151308,7.333332,0,105025,val
255.0,255.0,255.0,255.0,0.0,0.0,0.0,0,105025,val
158.0,132.0,109.0,133.0,119.945366,13.620842,20.666664,0,105025,val
255.0,255.0,255.0,255.0,0.0,0.0,0.0,0,105025,val
190.0,184.0,170.0,181.33333,167.8584,17.339893,53.000015,0,105025,val
151.0,141.0,140.0,144.0,139.07712,15.598352,32.333336,0,105025,val
255.0,255.0,255.0,255.0,0.0,0.0,0.0,0,105025,val
255.0,255.0,255.0,255.0,0.0,0.0,0.0,0,105025,val
255.0,255.0,255.0,255.0,0.0,0.0,0.0,0,105025,val
77.0,79.0,76.0,77.333336,108.284584,25.268799,3.8146973e-06,1,106024,val
52.0,57.0,60.0,56.333332,133.10065,18.25773,41.33334,1,106024,val
206.0,218.0,234.0,219.33333,342.51163,37.7924,85.33331,1,106024,val
151.0,168.0,184.0,167.66667,556.2274,58.80214,66.333336,1,106024,val
116.0,128.0,140.0,128.0,54.088413,10.605681,33.66667,1,106024,val
43.0,42.0,37.0,40.666668,90.05801,13.853728,33.333324,1,106024,val
65.0,70.0,73.0,69.333336,214.20341,24.54095,53.666656,1,106024,val
148.0,171.0,189.0,169.33333,64.12663,6.638989,2.666687,1,106024,val
125.0,142.0,160.0,142.33333,40.271317,6.58849,6.9999847,1,106024,val
181.0,206.0,228.0,205.0,11.935026,2.3634589,2.3333282,1,106024,val
254.0,255.0,253.0,254.0,162.71107,28.940065,52.000015,1,106024,val
203.0,219.0,218.0,213.33333,64.33937,7.2232804,24.0,1,106024,val
209.0,225.0,224.0,219.33333,15.613358,14.782142,6.333359,1,106024,val
210.0,223.0,239.0,224.0,205.8937,28.562637,87.33334,1,106024,val
135.0,134.0,142.0,137.0,226.77693,26.957685,75.0,1,106024,val
84.0,98.0,109.0,97.0,398.3996,40.740414,12.666672,1,106024,val
62.0,77.0,84.0,74.333336,375.72717,40.710655,59.99999,1,106024,val
73.0,81.0,84.0,79.333336,5.270457,9.726886,27.666656,1,106024,val
117.0,103.0,103.0,107.666664,85.544014,18.3097,28.333328,1,106024,val
148.0,109.0,104.0,120.333336,566.04224,63.761703,109.99999,1,106024,val
84.0,72.0,76.0,77.333336,60.979057,10.803645,47.333313,1,106024,val
255.0,251.0,251.0,252.33333,392.0958,50.429405,126.66664,1,106024,val
70.0,70.0,68.0,69.333336,575.5384,67.56715,199.33331,1,106024,val
69.0,83.0,86.0,79.333336,453.42276,51.816723,109.999985,1,106024,val
233.0,212.0,207.0,217.33333,639.4588,66.45857,109.99998,1,106024,val
156.0,174.0,198.0,176.0,235.91948,25.80815,62.66667,1,106024,val
116.0,124.0,137.0,125.666664,117.515945,14.262775,29.333328,1,106024,val
138.0,154.0,179.0,157.0,244.14249,25.297565,24.0,1,106024,val
139.0,98.0,94.0,110.333336,543.7599,62.856094,133.99998,1,106024,val
131.0,156.0,176.0,154.33333,6.666632,0.86150306,1.666687,1,106024,val
61.0,70.0,75.0,68.666664,213.56497,24.082165,56.000004,1,106024,val
109.0,118.0,135.0,120.666664,77.271515,8.33854,8.666672,1,106024,val
150.0,154.0,153.0,152.33333,778.8139,80.09823,25.333355,1,106024,val
209.0,219.0,221.0,216.33333,733.2923,78.83808,117.999985,1,106024,val
84.0,95.0,101.0,93.333336,611.79614,65.07351,79.66666,1,106024,val
157.0,122.0,118.0,132.33333,606.44904,65.06388,91.000015,1,106024,val
120.0,77.0,71.0,89.333336,297.77246,41.48761,88.33332,1,106024,val
139.0,146.0,156.0,147.0,65.917465,14.932923,37.33332,1,106024,val
76.0,76.0,76.0,76.0,569.55286,67.793465,123.00001,1,106024,val
254.0,253.0,251.0,252.66667,549.67975,64.308525,147.33334,1,106024,val
164.0,182.0,192.0,179.33333,470.06784,55.01461,97.66665,1,106024,val
134.0,149.0,154.0,145.66667,614.8184,64.099655,39.000015,1,106024,val
94.0,105.0,109.0,102.666664,348.66888,34.380157,25.333324,1,106024,val
136.0,147.0,165.0,149.33333,120.95362,14.248903,25.333313,1,106024,val
209.0,227.0,227.0,221.0,84.859375,9.359154,36.000015,1,106024,val
109.0,119.0,129.0,119.0,256.36996,28.256239,51.666668,1,106024,val
144.0,161.0,181.0,162.0,83.95767,9.217532,16.999985,1,106024,val
153.0,172.0,187.0,170.66667,64.779976,7.7983623,13.666641,1,106024,val
59.0,68.0,73.0,66.666664,93.42138,20.13623,33.000004,1,106024,val
84.0,90.0,90.0,88.0,76.54338,9.225289,0.6666641,1,106024,val
62.0,68.0,66.0,65.333336,180.85844,18.742876,6.9999847,1,106024,val
119.0,132.0,149.0,133.33333,214.63197,21.98819,9.000008,1,106024,val
90.0,103.0,120.0,104.333336,136.86163,16.800297,30.999992,1,106024,val
104.0,100.0,99.0,101.0,105.2753,19.26681,116.00001,1,106024,val
65.0,74.0,73.0,70.666664,35.808132,5.1522713,40.66668,1,106024,val
103.0,119.0,142.0,121.333336,189.16893,19.592829,15.333328,1,106024,val
75.0,84.0,83.0,80.666664,167.81273,18.244408,47.333344,1,106024,val
255.0,254.0,251.0,253.33333,358.81412,48.427338,109.66666,1,106024,val
53.0,62.0,61.0,58.666668,13.928378,3.4214826,12.999996,1,106024,val
168.0,187.0,204.0,186.33333,78.90642,10.1640835,27.999985,1,106024,val
69.0,73.0,74.0,72.0,75.1783,11.700987,39.666664,1,106024,val
248.0,255.0,255.0,252.66667,454.5132,59.57827,159.00003,1,106024,val
91.0,90.0,86.0,89.0,48.700897,6.271175,25.999992,1,106024,val
246.0,254.0,255.0,251.66667,352.3817,46.42265,100.66669,1,106024,val
202.0,224.0,238.0,221.33333,22.095737,2.745024,7.333359,1,106024,val
252.0,255.0,255.0,254.0,454.7295,55.624332,120.66667,1,106024,val
151.0,155.0,158.0,154.66667,184.88974,33.833073,110.33335,1,106024,val
104.0,78.0,79.0,87.0,363.34067,47.08593,103.33333,1,106024,val
118.0,135.0,153.0,135.33333,22.627417,2.857624,1.333313,1,106024,val
89.0,99.0,108.0,98.666664,174.33363,17.187756,12.3333435,1,106024,val
203.0,224.0,241.0,222.66667,17.751343,2.7357585,6.333313,1,106024,val
160.0,179.0,196.0,178.33333,37.001503,4.482823,9.6666565,1,106024,val
139.0,82.0,73.0,98.0,117.33334,17.396233,50.333336,1,106024,val
250.0,255.0,254.0,253.0,615.5745,70.04878,193.66667,1,106024,val
223.0,225.0,222.0,223.33333,746.0065,77.97575,172.66666,1,106024,val
69.0,73.0,74.0,72.0,81.52028,14.066371,68.0,1,106024,val
215.0,227.0,227.0,223.0,502.98883,57.662254,163.33334,1,106024,val
113.0,113.0,113.0,113.0,755.78735,78.59876,115.33334,1,106024,val
85.0,83.0,86.0,84.666664,54.102776,7.6633577,31.666656,1,106024,val
138.0,155.0,181.0,158.0,130.31587,15.464362,32.999992,1,106024,val
55.0,44.0,42.0,47.0,206.52145,24.690674,39.333332,1,106024,val
53.0,64.0,68.0,61.666668,473.90808,56.701763,149.33333,1,106024,val
231.0,247.0,247.0,241.66667,133.33334,27.755207,56.333344,1,106024,val
49.0,57.0,60.0,55.333332,253.04765,32.002304,85.66667,1,106024,val
131.0,91.0,83.0,101.666664,499.17712,58.738697,114.0,1,106024,val
65.0,73.0,76.0,71.333336,228.87552,26.323938,22.999992,1,106024,val
143.0,146.0,155.0,148.0,161.59758,22.230988,71.99999,1,106024,val
132.0,153.0,174.0,153.0,19.194895,2.0629735,2.0,1,106024,val
224.0,238.0,238.0,233.33333,332.9451,45.44184,137.33331,1,106024,val
175.0,192.0,210.0,192.33333,104.85122,18.152296,72.66664,1,106024,val
226.0,240.0,240.0,235.33333,351.65924,46.714767,137.99998,1,106024,val
143.0,145.0,142.0,143.33333,784.1919,80.17141,47.33336,1,106024,val
95.0,112.0,128.0,111.666664,178.61754,21.04891,43.66668,1,106024,val
93.0,103.0,112.0,102.666664,78.1224,9.440863,36.66668,1,106024,val
52.0,51.0,47.0,50.0,106.89662,11.427826,13.000004,1,106024,val
59.0,64.0,60.0,61.0,246.44763,37.13109,112.333336,1,106024,val
228.0,242.0,245.0,238.33333,48.903553,5.549845,15.000015,1,106024,val
102.0,111.0,126.0,113.0,61.717987,6.565922,5.666664,1,106024,val
77.0,81.0,84.0,80.666664,179.9321,19.066982,7.6666756,1,106024,val
146.0,112.0,110.0,122.666664,651.17004,69.77968,101.66667,1,106024,val
221.0,236.0,239.0,232.0,34.23124,6.1135097,6.3333282,1,106024,val
123.0,138.0,159.0,140.0,218.37788,22.566265,9.333336,1,106024,val
64.0,74.0,76.0,71.333336,171.1458,25.26502,55.33332,1,106024,val
233.0,244.0,246.0,241.0,35.82986,4.790942,13.0,1,106024,val
200.0,219.0,234.0,217.66667,53.995857,5.479008,9.999985,1,106024,val
72.0,74.0,73.0,73.0,432.0741,46.023727,61.666676,1,106024,val
67.0,71.0,74.0,70.666664,344.0546,44.477337,148.66666,1,106024,val
241.0,249.0,251.0,247.0,696.9752,79.5734,180.66667,1,106024,val
124.0,128.0,139.0,130.33333,168.16724,18.866098,54.999985,1,106024,val
181.0,203.0,224.0,202.66667,97.26139,10.204357,21.000015,1,106024,val
132.0,147.0,166.0,148.33333,117.68979,14.644285,41.66665,1,106024,val
99.0,80.0,74.0,84.333336,181.44177,19.558544,12.333324,1,106024,val
91.0,92.0,96.0,93.0,87.24041,10.867859,28.666672,1,106024,val
124.0,126.0,138.0,129.33333,93.76685,10.062597,0.66669464,1,106024,val
229.0,244.0,247.0,240.0,23.04104,3.906125,3.6666565,1,106024,val
175.0,192.0,200.0,189.0,605.5963,65.15183,107.0,1,106024,val
57.0,58.0,53.0,56.0,591.06177,72.22495,208.66667,1,106024,val
133.0,155.0,176.0,154.66667,4.0551558,1.5799031,0.33335876,1,106024,val
190.0,209.0,223.0,207.33333,465.88504,57.924385,142.33331,1,106024,val
91.0,99.0,101.0,97.0,54.822945,7.294717,12.0,1,106024,val
167.0,198.0,219.0,194.66667,3.4318867,0.73686415,4.6666718,0,106024,val
239.0,255.0,255.0,249.66667,3.3333435,0.3952847,1.3333435,0,106024,val
102.0,112.0,122.0,112.0,87.28116,10.771191,38.333344,0,106024,val
241.0,255.0,255.0,250.33333,2.8674476,0.4098399,0.333313,0,106024,val
156.0,185.0,201.0,180.66667,11.392024,1.3707321,1.3333282,0,106024,val
103.0,115.0,129.0,115.666664,145.05936,14.743411,9.0,0,106024,val
138.0,161.0,177.0,158.66667,4.472136,0.91429615,5.0,0,106024,val
199.0,217.0,229.0,215.0,12.373787,2.1259189,7.6666718,0,106024,val
239.0,253.0,254.0,248.66667,3.3333008,0.60596,3.6666565,0,106024,val
241.0,251.0,252.0,248.0,33.691414,3.465229,2.6666718,0,106024,val
185.0,213.0,227.0,208.33333,3.3333435,0.8149003,1.6666565,0,106024,val
89.0,102.0,110.0,100.333336,28.067385,6.326485,30.333328,0,106024,val
135.0,158.0,174.0,155.66667,12.806244,1.5296547,1.666687,0,106024,val
71.0,81.0,83.0,78.333336,43.82035,8.181534,6.0000076,0,106024,val
240.0,255.0,255.0,250.0,1.333313,0.15309311,0.99998474,0,106024,val
85.0,96.0,92.0,91.0,162.27892,17.963709,22.666668,0,106024,val
80.0,90.0,91.0,87.0,12.337833,2.5065343,2.0,0,106024,val
221.0,244.0,252.0,239.0,4.2426405,0.99215674,3.0,0,106024,val
241.0,255.0,253.0,249.66667,3.0184932,0.61237246,0.9999695,0,106024,val
161.0,192.0,212.0,188.33333,15.6205,1.8718724,2.0,0,106024,val
229.0,248.0,255.0,244.0,16.492422,1.8060229,3.0,0,106024,val
89.0,102.0,108.0,99.666664,52.622353,6.1943617,40.333344,0,106024,val
228.0,239.0,235.0,234.0,29.427877,2.9348392,2.3333435,0,106024,val
149.0,175.0,172.0,165.33333,8.692294,1.2877123,2.3333435,0,106024,val
186.0,207.0,192.0,195.0,33.947704,3.4921787,4.0,0,106024,val
217.0,242.0,249.0,236.0,10.381587,1.2562344,1.6666718,0,106024,val
119.0,127.0,138.0,128.0,49.819675,5.279863,10.0,0,106024,val
156.0,182.0,197.0,178.33333,8.027732,1.0317234,5.6666718,0,106024,val
153.0,184.0,205.0,180.66667,7.2111025,1.0532687,3.0,0,106024,val
95.0,105.0,114.0,104.666664,21.108194,2.6455667,10.0,0,106024,val
59.0,65.0,61.0,61.666668,10.121494,1.8219715,5.6666718,0,106024,val
128.0,144.0,160.0,144.0,347.38513,35.59179,5.6666718,0,106024,val
197.0,225.0,237.0,219.66667,31.933987,3.2977264,3.6666565,0,106024,val
199.0,217.0,231.0,215.66667,15.033297,2.3568385,8.0,0,106024,val
232.0,252.0,253.0,245.66667,10.749691,1.2070755,1.333313,0,106024,val
160.0,191.0,212.0,187.66667,5.734888,0.75,0.666687,0,106024,val
240.0,254.0,255.0,249.66667,1.4907234,0.22534695,1.5258789e-05,0,106024,val
92.0,103.0,109.0,101.333336,21.187004,2.929177,6.3333435,0,106024,val
240.0,255.0,255.0,250.0,7.615773,1.0625,3.333313,0,106024,val
129.0,147.0,169.0,148.33333,26.183111,2.750355,2.0,0,106024,val
240.0,255.0,255.0,250.0,1.333313,0.13975425,0.33332825,0,106024,val
236.0,252.0,252.0,246.66667,6.749499,1.0307764,4.0,0,106024,val
99.0,114.0,121.0,111.333336,18.481234,1.8840926,1.3333435,0,106024,val
203.0,232.0,238.0,224.33333,14.764823,1.5461646,1.0,0,106024,val
46.0,50.0,49.0,48.333332,146.06012,19.989157,40.33334,0,106024,val
238.0,252.0,253.0,247.66667,11.411459,1.2279302,2.3333435,0,106024,val
99.0,104.0,107.0,103.333336,184.58482,18.25674,3.9999924,0,106024,val
186.0,214.0,235.0,211.66667,30.641287,3.2888305,7.666687,0,106024,val
223.0,244.0,249.0,238.66667,23.333374,2.3468728,0.3333435,0,106024,val
192.0,219.0,226.0,212.33333,51.233685,5.273015,2.3333435,0,106024,val
135.0,157.0,170.0,154.0,11.401754,1.2570115,2.0,0,106024,val
221.0,244.0,250.0,238.33333,33.01518,3.2475953,3.6666565,0,106024,val
237.0,253.0,253.0,247.66667,9.899495,1.1353688,1.0,0,106024,val
116.0,132.0,155.0,134.33333,31.400637,3.2355447,0.3333435,0,106024,val
196.0,219.0,237.0,217.33333,63.2807,6.3725486,5.0,0,106024,val
165.0,194.0,208.0,189.0,17.139908,1.9872642,8.0,0,106024,val
76.0,87.0,83.0,82.0,115.8409,13.843908,21.333336,0,106024,val
212.0,231.0,235.0,226.0,32.910645,3.420983,0.333313,0,106024,val
232.0,247.0,250.0,243.0,13.416414,1.5512092,1.6666565,0,106024,val
234.0,252.0,254.0,246.66667,8.0,1.0307764,2.0,0,106024,val
69.0,79.0,78.0,75.333336,96.66668,10.128544,22.000011,0,106024,val
255.0,250.0,246.0,250.33333,446.77734,54.154076,124.33333,0,106024,val
236.0,254.0,254.0,248.0,6.9602046,0.73951,0.33332825,0,106024,val
71.0,86.0,79.0,78.666664,38.832977,5.1280003,4.3333435,0,106024,val
75.0,87.0,87.0,83.0,213.63313,21.09478,1.6666641,0,106024,val
191.0,220.0,234.0,215.0,12.666687,1.5219744,0.66667175,0,106024,val
181.0,214.0,229.0,208.0,12.454346,2.031971,1.6666718,0,106024,val
174.0,208.0,218.0,200.0,4.44722,1.109265,2.3333282,0,106024,val
139.0,162.0,178.0,159.66667,7.318149,1.0852348,7.3333435,0,106024,val
178.0,201.0,219.0,199.33333,8.944272,1.5637496,10.0,0,106024,val
226.0,245.0,251.0,240.66667,9.486833,1.1973277,0.0,0,106024,val
225.0,245.0,252.0,240.66667,24.499447,2.5426056,1.5258789e-05,0,106024,val
87.0,97.0,107.0,97.0,10.295628,1.7280996,2.3333282,0,106024,val
220.0,242.0,255.0,239.0,26.076788,2.6991029,4.3333435,0,106024,val
71.0,80.0,85.0,78.666664,126.84636,14.186605,16.333344,0,106024,val
174.0,200.0,213.0,195.66667,17.938196,1.8519416,0.3333435,0,106024,val
235.0,255.0,255.0,248.33333,5.6764507,0.7730823,2.333313,0,106024,val
97.0,108.0,114.0,106.333336,47.726067,6.3811245,23.666687,0,106024,val
135.0,158.0,174.0,155.66667,11.035279,1.1336473,1.3333435,0,106024,val
202.0,230.0,244.0,225.33333,28.569616,3.122499,3.3332977,0,106024,val
146.0,172.0,189.0,169.0,21.31771,2.211034,0.33332825,0,106024,val
76.0,88.0,84.0,82.666664,17.029387,3.5832727,0.0,0,106024,val
210.0,229.0,225.0,221.33333,14.212692,1.788636,6.3333435,0,106024,val
235.0,253.0,255.0,247.66667,7.0079136,1.4563975,8.3333435,0,106024,val
84.0,95.0,99.0,92.666664,137.35356,14.374185,12.0,0,106024,val
97.0,111.0,124.0,110.666664,37.109455,3.865538,0.6666641,0,106024,val
58.0,68.0,67.0,64.333336,103.80538,12.589212,53.33333,0,106024,val
94.0,108.0,109.0,103.666664,43.903934,8.033925,17.666656,0,106024,val
228.0,247.0,253.0,242.66667,9.055386,0.99215674,2.0,0,106024,val
220.0,243.0,249.0,237.33333,1.8856109,0.646505,6.6666565,0,106024,val
92.0,101.0,106.0,99.666664,166.69998,17.455524,9.999992,0,106024,val
204.0,232.0,244.0,226.66667,25.720757,2.6560662,2.333313,0,106024,val
183.0,205.0,202.0,196.66667,18.57715,2.0453835,1.5258789e-05,0,106024,val
133.0,155.0,166.0,151.33333,14.76483,1.8977783,5.3333435,0,106024,val
126.0,140.0,153.0,139.66667,15.670212,1.8211002,3.3333282,0,106024,val
236.0,254.0,254.0,248.0,5.0990195,0.6343057,1.0,0,106024,val
191.0,218.0,225.0,211.33333,22.803509,2.404423,1.0,0,106024,val
161.0,197.0,211.0,189.66667,10.0,1.3693064,1.0,0,106024,val
179.0,205.0,220.0,201.33333,12.454372,1.4908576,0.6666565,0,106024,val
136.0,157.0,178.0,157.0,20.292301,2.26514,0.66667175,0,106024,val
136.0,159.0,173.0,156.0,16.706636,1.8328598,1.3333282,0,106024,val
133.0,152.0,166.0,150.33333,20.242968,2.079006,3.9999847,0,106024,val
144.0,170.0,197.0,170.33333,4.2426405,0.631219,1.0,0,106024,val
239.0,255.0,254.0,249.33333,3.1622777,0.4098399,1.0,0,106024,val
174.0,206.0,219.0,199.66667,7.007934,0.836193,3.3333282,0,106024,val
182.0,208.0,225.0,205.0,72.96271,7.418832,2.3333282,0,106024,val
203.0,220.0,236.0,219.66667,21.812305,3.292985,1.3333435,0,106024,val
125.0,142.0,152.0,139.66667,12.265566,1.4483287,1.3333282,0,106024,val
241.0,255.0,255.0,250.33333,1.0541054,0.3125,1.3333282,0,106024,val
64.0,76.0,76.0,72.0,51.24451,7.279305,19.0,0,106024,val
158.0,175.0,193.0,175.33333,22.769375,5.0677056,2.6666565,0,106024,val
183.0,215.0,228.0,208.66667,18.601076,2.2176495,1.0,0,106024,val
136.0,159.0,177.0,157.33333,1.9999695,0.7112379,3.333313,0,106024,val
222.0,241.0,245.0,236.0,8.768592,1.1541365,5.6666718,0,106024,val
142.0,161.0,168.0,157.0,12.256503,1.2678415,0.33332825,0,106024,val
165.0,199.0,211.0,191.66667,15.999985,1.8466609,0.6666565,0,106024,val
167.0,200.0,209.0,192.0,22.01011,2.2776084,2.6666718,0,106024,val
168.0,192.0,216.0,192.0,35.805027,4.1368203,0.0,0,106024,val
237.0,253.0,253.0,247.66667,12.762794,1.3243513,2.3333282,0,106024,val
139.0,163.0,175.0,159.0,7.1802263,1.2247449,2.0,0,106024,val
93.0,91.0,79.0,87.666664,101.63551,12.249203,37.666664,1,108005,val
35.0,46.0,32.0,37.666668,75.477745,12.238475,16.66666,1,108005,val
54.0,60.0,50.0,54.666668,31.07697,6.7209845,16.000004,1,108005,val
36.0,43.0,36.0,38.333332,70.33413,10.2933655,15.000002,1,108005,val
65.0,65.0,53.0,61.0,57.92331,7.018704,16.333332,1,108005,val
151.0,130.0,109.0,130.0,532.92004,57.215157,190.66666,1,108005,val
90.0,83.0,73.0,82.0,11.095549,3.9003706,26.333328,1,108005,val
52.0,73.0,40.0,55.0,231.4865,25.022177,42.000004,1,108005,val
44.0,57.0,40.0,47.0,73.82411,9.776519,41.333332,1,108005,val
48.0,44.0,35.0,42.333332,92.72661,12.665814,31.666676,1,108005,val
143.0,116.0,89.0,116.0,498.40503,54.263447,199.33333,1,108005,val
26.0,32.0,30.0,29.333334,24.449497,3.8834176,5.666666,1,108005,val
103.0,127.0,105.0,111.666664,18.19035,7.1629333,17.666664,1,108005,val
255.0,255.0,236.0,248.66667,183.43149,45.903473,186.66667,1,108005,val
97.0,108.0,78.0,94.333336,42.400215,7.1389666,5.6666565,1,108005,val
79.0,94.0,75.0,82.666664,118.62641,18.226803,57.999996,1,108005,val
120.0,156.0,120.0,132.0,59.959248,17.283426,85.99999,1,108005,val
63.0,66.0,45.0,58.0,32.82614,4.327476,16.333332,1,108005,val
94.0,92.0,71.0,85.666664,598.3579,63.760254,122.66668,1,108005,val
61.0,67.0,53.0,60.333332,87.01597,10.190519,11.000008,1,108005,val
156.0,141.0,118.0,138.33333,615.52673,62.828403,58.666687,1,108005,val
62.0,64.0,53.0,59.666668,93.62099,18.295094,14.0,1,108005,val
66.0,82.0,53.0,67.0,507.65103,64.12406,135.0,1,108005,val
47.0,59.0,49.0,51.666668,59.831245,6.7191496,19.666668,1,108005,val
60.0,69.0,52.0,60.333332,31.11627,6.717896,4.666664,1,108005,val
173.0,139.0,104.0,138.66667,241.12051,25.20095,27.666649,1,108005,val
51.0,59.0,48.0,52.666668,170.79683,22.185392,43.666664,1,108005,val
35.0,48.0,39.0,40.666668,56.772457,7.908427,35.33333,1,108005,val
52.0,54.0,41.0,49.0,24.608046,2.4545178,2.6666641,1,108005,val
72.0,61.0,39.0,57.333332,161.29614,21.967684,80.66667,1,108005,val
193.0,198.0,158.0,183.0,219.01242,54.66798,88.66667,1,108005,val
53.0,61.0,48.0,54.0,21.954498,8.724096,4.000004,1,108005,val
63.0,71.0,50.0,61.333332,37.679943,4.8432207,15.999996,1,108005,val
50.0,50.0,40.0,46.666668,44.18145,8.562201,16.333336,1,108005,val
24.0,39.0,44.0,35.666668,23.333332,7.318357,40.33333,1,108005,val
72.0,82.0,73.0,75.666664,123.785645,14.42201,83.999985,1,108005,val
48.0,69.0,54.0,57.0,14.552587,4.9377227,24.0,1,108005,val
42.0,54.0,42.0,46.0,46.894684,7.053584,14.0,1,108005,val
203.0,192.0,172.0,189.0,133.60806,17.468498,62.66667,1,108005,val
135.0,135.0,125.0,131.66667,513.4184,52.037773,52.666687,1,108005,val
52.0,57.0,50.0,53.0,127.67754,13.479749,12.333332,1,108005,val
34.0,47.0,37.0,39.333332,45.60702,8.27277,35.333336,1,108005,val
77.0,85.0,72.0,78.0,54.589382,7.694452,13.666664,1,108005,val
39.0,49.0,48.0,45.333332,85.91727,10.50939,4.3333397,1,108005,val
36.0,46.0,35.0,39.0,8.393118,3.4142501,20.666668,1,108005,val
145.0,138.0,120.0,134.33333,349.7062,36.08056,13.000015,1,108005,val
30.0,57.0,40.0,42.333332,93.82017,12.1105995,3.6666641,1,108005,val
81.0,85.0,70.0,78.666664,249.27272,24.631493,28.999989,1,108005,val
68.0,75.0,57.0,66.666664,17.29482,6.3673363,12.333324,1,108005,val
74.0,58.0,35.0,55.666668,274.11108,30.89047,98.33333,1,108005,val
42.0,53.0,36.0,43.666668,56.144657,10.186062,34.666664,1,108005,val
59.0,61.0,50.0,56.666668,13.341662,2.4343429,1.3333397,1,108005,val
59.0,68.0,51.0,59.333332,31.0018,4.4969063,12.666672,1,108005,val
81.0,83.0,72.0,78.666664,15.391207,3.7383935,20.33332,1,108005,val
57.0,74.0,55.0,62.0,16.124514,2.3383791,7.000004,1,108005,val
25.0,31.0,31.0,29.0,24.41311,4.0565233,3.333334,1,108005,val
29.0,53.0,53.0,45.0,93.42138,11.087135,22.666668,1,108005,val
69.0,66.0,59.0,64.666664,22.637226,4.2390137,3.6666527,1,108005,val
77.0,99.0,76.0,84.0,226.4592,24.92578,2.666668,1,108005,val
114.0,102.0,78.0,98.0,304.40106,30.381107,18.33334,1,108005,val
59.0,66.0,58.0,61.0,150.4844,18.699123,33.66666,1,108005,val
45.0,52.0,34.0,43.666668,74.04802,14.416872,62.66666,1,108005,val
41.0,56.0,37.0,44.666668,100.333885,12.971433,33.999996,1,108005,val
183.0,192.0,161.0,178.66667,305.01657,51.40206,139.00003,1,108005,val
181.0,169.0,131.0,160.33333,705.64154,73.168846,19.000027,1,108005,val
39.0,51.0,47.0,45.666668,50.985836,9.677515,18.999992,1,108005,val
63.0,65.0,51.0,59.666668,123.4486,12.613373,9.666664,1,108005,val
88.0,82.0,66.0,78.666664,144.26057,14.735609,27.000015,1,108005,val
58.0,65.0,58.0,60.333332,28.480007,3.8393967,16.333328,1,108005,val
82.0,78.0,51.0,70.333336,154.80453,27.465408,41.666656,1,108005,val
78.0,79.0,63.0,73.333336,50.237217,11.484854,11.33334,1,108005,val
84.0,83.0,65.0,77.333336,135.8316,14.066857,29.666664,1,108005,val
108.0,99.0,66.0,91.0,165.61871,22.59738,48.66668,1,108005,val
62.0,73.0,65.0,66.666664,44.721355,11.889414,37.99999,1,108005,val
77.0,81.0,66.0,74.666664,141.35849,16.974058,26.333347,1,108005,val
48.0,35.0,16.0,33.0,247.59285,37.581764,96.33333,1,108005,val
89.0,84.0,65.0,79.333336,115.45658,13.208662,14.666679,1,108005,val
68.0,81.0,64.0,71.0,76.14314,12.372593,51.666668,1,108005,val
62.0,63.0,55.0,60.0,25.978619,3.7449183,3.333332,1,108005,val
113.0,89.0,63.0,88.333336,203.13158,21.344414,37.999992,1,108005,val
44.0,55.0,57.0,52.0,11.785119,5.6984143,25.0,1,108005,val
44.0,48.0,49.0,47.0,28.480015,3.7110772,14.333336,1,108005,val
71.0,58.0,42.0,57.0,385.8995,47.462273,79.66667,1,108005,val
63.0,64.0,46.0,57.666668,53.460274,6.3156705,4.666664,1,108005,val
99.0,94.0,72.0,88.333336,57.228573,6.4094505,37.000008,1,108005,val
41.0,53.0,43.0,45.666668,106.04925,10.511596,2.333332,1,108005,val
93.0,99.0,89.0,93.666664,366.1515,36.62672,0.33332062,1,108005,val
63.0,71.0,60.0,64.666664,111.92159,11.189857,4.0000114,1,108005,val
58.0,91.0,62.0,70.333336,255.7816,26.707884,36.999992,1,108005,val
61.0,58.0,39.0,52.666668,26.183113,5.7815456,25.999996,1,108005,val
41.0,56.0,51.0,49.333332,77.57433,8.292666,31.666672,1,108005,val
156.0,139.0,113.0,136.0,116.18088,15.14958,21.0,1,108005,val
59.0,61.0,47.0,55.666668,59.337067,7.2537875,7.3333282,1,108005,val
65.0,60.0,38.0,54.333332,63.883575,10.055158,20.000008,1,108005,val
62.0,78.0,49.0,63.0,195.82872,35.405228,65.0,1,108005,val
92.0,98.0,86.0,92.0,190.91476,25.098808,11.333332,1,108005,val
71.0,75.0,58.0,68.0,41.055527,5.124285,33.33333,1,108005,val
73.0,73.0,61.0,69.0,230.66328,22.874914,20.666664,1,108005,val
64.0,65.0,60.0,63.0,76.3908,10.774284,29.333336,1,108005,val
52.0,55.0,44.0,50.333332,158.33159,19.270662,40.66667,1,108005,val
59.0,65.0,53.0,59.0,71.46871,11.523456,36.999996,1,108005,val
65.0,65.0,55.0,61.666668,31.087683,4.26428,7.6666565,1,108005,val
76.0,74.0,53.0,67.666664,28.460499,5.171379,12.000008,1,108005,val
91.0,94.0,83.0,89.333336,384.94705,38.376324,32.33333,1,108005,val
57.0,53.0,42.0,50.666668,168.58101,17.671902,18.0,1,108005,val
153.0,148.0,119.0,140.0,545.15344,56.09275,27.666664,1,108005,val
129.0,116.0,97.0,114.0,292.83142,31.609928,69.666664,1,108005,val
103.0,86.0,58.0,82.333336,360.42258,38.868267,54.666653,1,108005,val
73.0,68.0,49.0,63.333332,55.2409,6.2893295,12.3333435,1,108005,val
25.0,31.0,27.0,27.666666,9.392671,3.2923362,0.33333015,1,108005,val
43.0,52.0,47.0,47.333332,94.725334,11.689401,36.66667,1,108005,val
248.0,231.0,205.0,228.0,177.9101,41.87372,324.3333,1,108005,val
30.0,37.0,30.0,32.333332,88.706764,9.099963,10.000008,1,108005,val
79.0,75.0,63.0,72.333336,85.80727,9.9116955,19.333347,1,108005,val
101.0,100.0,80.0,93.666664,26.436516,3.1939273,12.666649,1,108005,val
67.0,67.0,55.0,63.0,47.291058,5.8055024,1.0,1,108005,val
182.0,162.0,135.0,159.66667,282.27368,42.746735,49.000015,1,108005,val
109.0,100.0,85.0,98.0,194.37077,21.311584,29.333328,1,108005,val
57.0,61.0,47.0,55.0,105.68928,11.53524,11.333336,1,108005,val
57.0,52.0,33.0,47.333332,336.5102,56.30117,130.66667,1,108005,val
65.0,85.0,57.0,69.0,177.13898,18.925314,3.3333282,0,108005,val
178.0,133.0,94.0,135.0,8.894433,1.4677523,6.3333282,0,108005,val
253.0,238.0,119.0,203.33333,27.406431,3.5586603,1.5258789e-05,0,108005,val
120.0,102.0,78.0,100.0,252.12784,26.615206,29.000004,0,108005,val
19.0,38.0,44.0,33.666668,40.400772,4.4650745,3.3333302,0,108005,val
36.0,46.0,38.0,40.0,30.463085,6.673686,40.333336,0,108005,val
152.0,108.0,69.0,109.666664,37.276752,4.17933,2.0000076,0,108005,val
80.0,88.0,73.0,80.333336,86.65897,10.485761,10.333328,0,108005,val
123.0,92.0,61.0,92.0,59.935154,10.221044,31.999992,0,108005,val
51.0,38.0,19.0,36.0,67.59519,24.976522,103.0,0,108005,val
120.0,106.0,79.0,101.666664,102.57247,21.536715,28.000008,0,108005,val
131.0,92.0,59.0,94.0,44.073166,5.209104,28.333328,0,108005,val
109.0,97.0,75.0,93.666664,252.57167,25.697668,35.99999,0,108005,val
42.0,62.0,63.0,55.666668,32.89377,3.431849,7.0,0,108005,val
95.0,84.0,56.0,78.333336,44.364655,6.1141086,14.666664,0,108005,val
75.0,100.0,94.0,89.666664,29.851486,3.9189792,13.999985,0,108005,val
45.0,58.0,48.0,50.333332,5.011103,0.6085732,1.6666603,0,108005,val
101.0,105.0,91.0,99.0,38.795765,4.6586614,8.0,0,108005,val
19.0,32.0,23.0,24.666666,46.480583,5.694085,22.666668,0,108005,val
56.0,71.0,50.0,59.0,94.69717,9.258944,1.6666603,0,108005,val
175.0,135.0,99.0,136.33333,80.21222,10.4474125,19.333305,0,108005,val
74.0,86.0,72.0,77.333336,69.89677,9.536756,9.000015,0,108005,val
30.0,48.0,36.0,38.0,12.552113,2.1722965,15.666664,0,108005,val
50.0,71.0,72.0,64.333336,34.334953,4.585079,8.666664,0,108005,val
73.0,79.0,65.0,72.333336,120.28484,12.649092,7.3333435,0,108005,val
17.0,30.0,23.0,23.333334,105.835304,11.6644945,47.333336,0,108005,val
137.0,105.0,67.0,103.0,103.16114,10.715697,15.333336,0,108005,val
37.0,61.0,47.0,48.333332,15.6205,1.6629435,4.0,0,108005,val
40.0,51.0,43.0,44.666668,111.73381,11.734141,16.000006,0,108005,val
92.0,80.0,58.0,76.666664,20.275879,2.4493902,5.9999847,0,108005,val
44.0,46.0,43.0,44.333332,213.1984,22.78191,5.66667,0,108005,val
66.0,57.0,40.0,54.333332,251.15424,26.377148,34.000004,0,108005,val
89.0,89.0,61.0,79.666664,230.96416,23.122921,2.3333244,0,108005,val
81.0,85.0,58.0,74.666664,59.426895,7.430472,19.000015,0,108005,val
63.0,120.0,85.0,89.333336,59.02353,6.558555,13.000015,0,108005,val
62.0,92.0,54.0,69.333336,8.806573,1.3790778,5.6666565,0,108005,val
28.0,48.0,36.0,37.333332,58.013405,7.7408276,9.33333,0,108005,val
151.0,144.0,125.0,140.0,216.2103,26.876999,93.66667,0,108005,val
16.0,33.0,25.0,24.666666,17.159382,2.5407445,13.0,0,108005,val
71.0,107.0,63.0,80.333336,18.67858,2.8458955,13.666679,0,108005,val
65.0,71.0,57.0,64.333336,201.5683,31.759903,36.333324,0,108005,val
113.0,111.0,90.0,104.666664,158.26279,16.129421,41.66665,0,108005,val
73.0,90.0,84.0,82.333336,47.695805,6.6295314,15.000015,0,108005,val
177.0,151.0,128.0,152.0,74.01652,11.392757,63.0,0,108005,val
57.0,60.0,51.0,56.0,135.55647,15.786996,10.333332,0,108005,val
55.0,89.0,54.0,66.0,19.090445,2.4845223,5.0,0,108005,val
93.0,71.0,47.0,70.333336,393.0083,43.06386,81.33331,0,108005,val
112.0,130.0,70.0,104.0,106.44352,10.740185,4.666664,0,108005,val
24.0,29.0,35.0,29.333334,13.992066,1.6329994,3.666668,0,108005,val
45.0,73.0,50.0,56.0,12.806249,2.0787122,1.0,0,108005,val
181.0,139.0,99.0,139.66667,10.022168,3.4201264,1.5258789e-05,0,108005,val
156.0,150.0,116.0,140.66667,85.90691,17.453985,73.33335,0,108005,val
51.0,51.0,25.0,42.333332,91.07995,16.51669,71.0,0,108005,val
47.0,65.0,49.0,53.666668,17.384546,2.0534246,7.6293945e-06,0,108005,val
61.0,65.0,50.0,58.666668,3.5901139,7.331306,26.999996,0,108005,val
117.0,109.0,86.0,104.0,7.318167,2.4139488,8.3333435,0,108005,val
37.0,60.0,44.0,47.0,18.648798,2.0109563,1.3333321,0,108005,val
33.0,40.0,33.0,35.333332,19.258482,2.2467968,4.666662,0,108005,val
19.0,29.0,30.0,26.0,8.602325,1.5234776,11.0,0,108005,val
33.0,60.0,43.0,45.333332,35.38989,4.2046494,16.666664,0,108005,val
69.0,93.0,59.0,73.666664,44.284428,4.571641,0.33333588,0,108005,val
121.0,95.0,68.0,94.666664,59.615433,7.020304,17.0,0,108005,val
44.0,55.0,49.0,49.333332,117.08022,11.729235,2.0000038,0,108005,val
138.0,113.0,82.0,111.0,261.33075,27.949173,42.0,0,108005,val
50.0,62.0,58.0,56.666668,66.5499,8.274275,8.33334,0,108005,val
74.0,99.0,96.0,89.666664,24.45858,2.7488456,4.9999924,0,108005,val
71.0,74.0,57.0,67.333336,55.531784,5.833338,9.333336,0,108005,val
55.0,68.0,58.0,60.333332,42.651035,4.511839,8.666664,0,108005,val
71.0,69.0,57.0,65.666664,130.83662,15.253218,27.666676,0,108005,val
162.0,133.0,101.0,132.0,382.16342,38.443928,34.33333,0,108005,val
91.0,80.0,62.0,77.666664,121.271965,15.583335,38.333324,0,108005,val
50.0,75.0,56.0,60.333332,80.70936,8.934604,31.333328,0,108005,val
83.0,76.0,57.0,72.0,18.306042,2.9731874,12.333336,0,108005,val
19.0,38.0,34.0,30.333334,56.192127,6.0262184,16.666662,0,108005,val
62.0,73.0,57.0,64.0,46.678566,4.6439643,5.333336,0,108005,val
24.0,29.0,33.0,28.666666,36.26139,5.2281327,7.000002,0,108005,val
124.0,111.0,69.0,101.333336,216.03703,21.967127,17.33332,0,108005,val
96.0,111.0,88.0,98.333336,168.03307,17.50979,52.333347,0,108005,val
125.0,100.0,78.0,101.0,270.68845,28.02355,36.333332,0,108005,val
56.0,79.0,73.0,69.333336,69.73124,8.918002,13.333324,0,108005,val
65.0,68.0,59.0,64.0,105.1306,10.715174,14.666664,0,108005,val
63.0,61.0,49.0,57.666668,97.188255,10.661781,11.333336,0,108005,val
30.0,42.0,42.0,38.0,56.063454,6.96571,4.666668,0,108005,val
19.0,39.0,27.0,28.333334,27.100637,3.311035,14.000002,0,108005,val
36.0,57.0,42.0,45.0,41.228355,4.28897,9.333332,0,108005,val
79.0,83.0,66.0,76.0,60.811172,9.152969,15.666664,0,108005,val
79.0,76.0,59.0,71.333336,16.343533,1.938004,2.6666794,0,108005,val
51.0,71.0,70.0,64.0,30.586855,4.79746,10.666668,0,108005,val
94.0,83.0,65.0,80.666664,207.64339,22.38881,38.333324,0,108005,val
52.0,77.0,58.0,62.333332,59.57254,7.4199667,11.333332,0,108005,val
32.0,45.0,28.0,35.0,22.558567,5.4969807,30.666664,0,108005,val
107.0,162.0,79.0,116.0,135.01028,18.34178,56.333336,0,108005,val
46.0,56.0,45.0,49.0,41.209484,6.0799522,10.0,0,108005,val
133.0,102.0,71.0,102.0,144.81406,17.083979,47.0,0,108005,val
55.0,65.0,56.0,58.666668,46.19042,4.747969,1.3333282,0,108005,val
69.0,73.0,58.0,66.666664,94.20191,10.794365,10.333324,0,108005,val
55.0,76.0,57.0,62.666668,23.333336,2.860741,8.333336,0,108005,val
104.0,108.0,83.0,98.333336,85.1169,13.221557,38.000008,0,108005,val
25.0,44.0,40.0,36.333332,25.23665,2.7221377,1.6666698,0,108005,val
160.0,160.0,86.0,135.33333,149.63214,15.478122,5.6666946,0,108005,val
85.0,77.0,64.0,75.333336,77.000725,8.393287,3.0000076,0,108005,val
99.0,94.0,64.0,85.666664,85.01111,8.720318,13.0,0,108005,val
121.0,164.0,110.0,131.66667,51.644077,18.052603,92.00002,0,108005,val
45.0,69.0,73.0,62.333332,91.37226,9.3094845,2.3333397,0,108005,val
119.0,101.0,77.0,99.0,205.81815,23.013742,46.66667,0,108005,val
40.0,53.0,46.0,46.333332,30.883291,3.6072438,3.3333397,0,108005,val
118.0,122.0,108.0,116.0,145.43193,23.172512,116.666664,0,108005,val
56.0,67.0,51.0,58.0,21.213203,3.5276875,9.0,0,108005,val
101.0,99.0,76.0,92.0,34.415752,4.0126753,10.333336,0,108005,val
59.0,64.0,57.0,60.0,88.30503,9.479174,6.0,0,108005,val
68.0,96.0,56.0,73.333336,11.352927,1.812904,7.6666565,0,108005,val
255.0,253.0,255.0,254.33333,10.934173,1.3721561,3.333313,0,108005,val
34.0,49.0,46.0,43.0,34.205257,5.7815876,16.333334,0,108005,val
58.0,75.0,69.0,67.333336,48.776115,5.438757,16.333328,0,108005,val
213.0,171.0,129.0,171.0,93.35714,9.5397,6.6666565,0,108005,val
57.0,60.0,49.0,55.333332,62.177162,8.524436,42.33334,0,108005,val
106.0,108.0,94.0,102.666664,109.512054,12.699733,1.3333282,0,108005,val
169.0,161.0,140.0,156.66667,237.80664,25.692404,36.333344,0,108005,val
45.0,56.0,50.0,50.333332,75.36871,7.945985,15.333336,0,108005,val
127.0,109.0,85.0,107.0,63.254337,7.507093,2.6666641,0,108005,val
23.0,35.0,31.0,29.666666,21.76644,3.4406767,6.666668,1,108070,val
154.0,119.0,79.0,117.333336,292.17844,35.40912,9.333328,1,108070,val
16.0,39.0,19.0,24.666666,58.29618,9.299908,31.000006,1,108070,val
57.0,63.0,37.0,52.333332,64.71304,7.476738,7.333336,1,108070,val
47.0,56.0,35.0,46.0,42.19004,7.5211616,24.333332,1,108070,val
60.0,63.0,32.0,51.666668,260.322,31.79168,107.33333,1,108070,val
48.0,72.0,46.0,55.333332,80.61983,14.114565,31.333344,1,108070,val
37.0,50.0,32.0,39.666668,95.3543,10.724511,35.666664,1,108070,val
37.0,58.0,27.0,40.666668,69.67384,11.649304,30.666664,1,108070,val
32.0,56.0,34.0,40.666668,54.57106,5.6752424,1.333334,1,108070,val
34.0,61.0,44.0,46.333332,142.40007,15.507063,17.33334,1,108070,val
22.0,31.0,30.0,27.666666,5.7348833,1.0999267,3.666668,1,108070,val
73.0,102.0,71.0,82.0,19.888582,13.97705,115.33333,1,108070,val
47.0,53.0,39.0,46.333332,134.82004,14.47925,37.0,1,108070,val
27.0,38.0,32.0,32.333332,11.595017,2.7432556,13.33333,1,108070,val
64.0,95.0,61.0,73.333336,203.78691,24.69768,52.333344,1,108070,val
31.0,44.0,27.0,34.0,112.586754,13.264115,47.0,1,108070,val
23.0,29.0,29.0,27.0,13.872434,1.845917,3.666668,1,108070,val
164.0,175.0,115.0,151.33333,302.14417,37.763424,1.6666794,1,108070,val
121.0,119.0,96.0,112.0,74.39385,11.6757965,13.999992,1,108070,val
34.0,58.0,45.0,45.666668,20.242968,4.3176484,0.33332825,1,108070,val
43.0,73.0,37.0,51.0,72.54117,8.879318,25.666664,1,108070,val
18.0,34.0,21.0,24.333334,93.00538,12.271729,58.0,1,108070,val
96.0,95.0,65.0,85.333336,24.037006,4.586889,3.3333435,1,108070,val
45.0,56.0,40.0,47.0,54.45895,10.876914,18.0,1,108070,val
79.0,84.0,64.0,75.666664,251.76091,29.058912,26.999989,1,108070,val
32.0,48.0,37.0,39.0,179.5581,19.05418,17.666666,1,108070,val
25.0,38.0,31.0,31.333334,113.5498,12.010052,37.666664,1,108070,val
41.0,62.0,47.0,50.0,150.80968,19.065477,20.666664,1,108070,val
72.0,88.0,62.0,74.0,27.764875,3.874937,21.666664,1,108070,val
61.0,83.0,34.0,59.333332,32.61218,32.35452,88.66667,1,108070,val
39.0,53.0,38.0,43.333332,14.391354,2.5820284,15.333328,1,108070,val
48.0,61.0,41.0,50.0,257.24393,30.21696,46.666664,1,108070,val
27.0,28.0,30.0,28.333334,9.706812,1.3917218,5.666664,1,108070,val
46.0,77.0,43.0,55.333332,57.723484,7.5889096,7.9999924,1,108070,val
18.0,65.0,11.0,31.333334,66.89461,40.85801,204.66666,1,108070,val
20.0,36.0,26.0,27.333334,121.450485,13.610994,29.33333,1,108070,val
16.0,35.0,16.0,22.333334,160.26714,19.883615,77.0,1,108070,val
18.0,34.0,21.0,24.333334,47.98379,6.5742593,20.999996,1,108070,val
135.0,134.0,104.0,124.333336,99.961105,13.375036,13.666672,1,108070,val
64.0,79.0,56.0,66.333336,138.13037,19.569437,48.33334,1,108070,val
75.0,98.0,46.0,73.0,158.83604,19.362558,51.66667,1,108070,val
43.0,56.0,36.0,45.0,62.496216,9.55425,45.666668,1,108070,val
117.0,117.0,91.0,108.333336,292.66968,30.910357,53.66667,1,108070,val
25.0,34.0,29.0,29.333334,18.696404,2.331282,2.999998,1,108070,val
83.0,88.0,68.0,79.666664,113.890785,13.486158,52.66666,1,108070,val
66.0,96.0,62.0,74.666664,131.153,15.255666,2.3333244,1,108070,val
31.0,42.0,36.0,36.333332,8.01388,1.09375,2.3333282,1,108070,val
74.0,81.0,48.0,67.666664,45.37499,7.417219,23.000015,1,108070,val
126.0,119.0,91.0,112.0,426.3345,45.11462,62.000008,1,108070,val
92.0,110.0,68.0,90.0,224.31575,30.919645,27.333332,1,108070,val
48.0,62.0,45.0,51.666668,69.45183,7.3131175,9.666664,1,108070,val
26.0,40.0,25.0,30.333334,33.74743,8.560604,31.666662,1,108070,val
63.0,78.0,55.0,65.333336,22.514198,3.4106193,5.9999886,1,108070,val
49.0,52.0,33.0,44.666668,138.76439,19.564384,56.999996,1,108070,val
31.0,56.0,27.0,38.0,165.02727,18.279346,28.666664,1,108070,val
25.0,36.0,30.0,30.333334,21.066038,3.357103,8.333332,1,108070,val
40.0,63.0,45.0,49.333332,27.463108,5.5602503,22.0,1,108070,val
73.0,67.0,31.0,57.0,159.08978,46.840153,120.0,1,108070,val
134.0,123.0,93.0,116.666664,99.89883,36.354496,42.33333,1,108070,val
48.0,60.0,46.0,51.333332,111.65025,12.37281,13.999992,1,108070,val
118.0,125.0,94.0,112.333336,192.3423,22.344646,7.6666718,1,108070,val
112.0,114.0,92.0,106.0,23.447346,11.955075,25.333336,1,108070,val
24.0,49.0,30.0,34.333332,50.817757,7.3570356,5.0000057,1,108070,val
37.0,60.0,40.0,45.666668,36.310383,5.3072815,26.666664,1,108070,val
23.0,47.0,21.0,30.333334,112.79283,17.268955,54.666664,1,108070,val
23.0,48.0,27.0,32.666668,77.10887,8.955449,16.333328,1,108070,val
27.0,59.0,35.0,40.333332,60.356346,7.2130065,11.666664,1,108070,val
33.0,54.0,37.0,41.333332,20.92314,10.530902,22.333336,1,108070,val
50.0,68.0,42.0,53.333332,45.67762,7.747558,2.6666756,1,108070,val
50.0,65.0,46.0,53.666668,20.450483,3.997222,30.000004,1,108070,val
64.0,73.0,44.0,60.333332,323.63388,41.18395,75.66667,1,108070,val
36.0,61.0,31.0,42.666668,76.291824,12.276428,43.33333,1,108070,val
45.0,60.0,39.0,48.0,26.53719,4.033793,4.666668,1,108070,val
32.0,58.0,45.0,45.0,64.67697,10.857227,14.333332,1,108070,val
63.0,73.0,46.0,60.666668,44.944405,6.842127,19.666664,1,108070,val
27.0,44.0,25.0,32.0,80.33403,10.810371,33.0,1,108070,val
34.0,51.0,35.0,40.0,91.641815,15.081209,22.666664,1,108070,val
100.0,110.0,85.0,98.333336,150.92308,18.34713,98.33334,1,108070,val
77.0,81.0,56.0,71.333336,220.94597,23.13891,47.999996,1,108070,val
46.0,60.0,43.0,49.666668,134.92796,14.342754,2.0000038,1,108070,val
42.0,67.0,38.0,49.0,80.64877,14.576978,38.666668,1,108070,val
63.0,76.0,50.0,63.0,29.363626,4.7638316,10.666664,1,108070,val
74.0,94.0,45.0,71.0,138.42607,24.453041,30.666664,1,108070,val
62.0,76.0,61.0,66.333336,184.60287,20.224659,31.000013,1,108070,val
80.0,91.0,74.0,81.666664,143.94829,21.801584,45.666653,1,108070,val
255.0,233.0,173.0,220.33333,169.55498,23.302528,78.33331,1,108070,val
68.0,94.0,67.0,76.333336,55.01717,12.727385,70.00001,1,108070,val
31.0,43.0,33.0,35.666668,7.318177,1.5981863,0.33332825,1,108070,val
41.0,64.0,46.0,50.333332,27.816864,5.5632133,30.333328,1,108070,val
121.0,127.0,93.0,113.666664,389.8139,41.259727,26.333324,1,108070,val
25.0,31.0,31.0,29.0,25.412157,2.6748886,4.666666,1,108070,val
36.0,49.0,39.0,41.333332,127.82715,15.471294,6.3333244,1,108070,val
28.0,52.0,30.0,36.666668,58.99341,8.641628,45.999996,1,108070,val
129.0,104.0,73.0,102.0,202.2545,20.229832,0.33332825,1,108070,val
61.0,75.0,52.0,62.666668,15.0923,4.1544285,13.0,1,108070,val
194.0,183.0,151.0,176.0,288.87677,39.907852,69.66666,1,108070,val
73.0,80.0,62.0,71.666664,126.11987,14.19887,30.666664,1,108070,val
50.0,64.0,38.0,50.666668,167.01431,19.936924,55.0,1,108070,val
124.0,98.0,63.0,95.0,91.53627,12.031858,5.3333282,1,108070,val
183.0,177.0,143.0,167.66667,372.03613,41.039593,158.33336,1,108070,val
65.0,100.0,60.0,75.0,44.14623,6.7338133,30.333332,1,108070,val
62.0,64.0,40.0,55.333332,269.56305,30.246214,72.00001,1,108070,val
121.0,162.0,118.0,133.66667,24.774536,40.99774,273.00003,1,108070,val
65.0,81.0,55.0,67.0,263.47128,29.287878,17.333332,1,108070,val
57.0,69.0,45.0,57.0,52.919224,5.543947,11.333336,1,108070,val
26.0,30.0,29.0,28.333334,14.907121,2.8501601,3.3333359,1,108070,val
64.0,78.0,52.0,64.666664,70.82059,7.2471538,2.3333244,1,108070,val
22.0,33.0,29.0,28.0,16.559656,2.029281,1.6666641,1,108070,val
38.0,62.0,38.0,46.0,29.832869,3.550143,10.666664,1,108070,val
43.0,68.0,38.0,49.666668,181.4785,19.01122,18.999996,1,108070,val
67.0,77.0,52.0,65.333336,39.693268,5.9069114,22.000008,1,108070,val
41.0,65.0,39.0,48.333332,129.00043,15.46163,8.000004,1,108070,val
28.0,45.0,27.0,33.333332,41.933815,8.974288,24.000004,1,108070,val
132.0,131.0,101.0,121.333336,95.424194,23.664381,112.0,1,108070,val
68.0,82.0,57.0,69.0,18.909132,3.4466498,1.6666641,1,108070,val
23.0,35.0,31.0,29.666666,16.055458,3.4799054,6.333332,1,108070,val
120.0,156.0,92.0,122.666664,100.82547,24.718157,62.33333,1,108070,val
27.0,31.0,32.0,30.0,1.699672,1.8421935,4.333332,1,108070,val
48.0,64.0,35.0,49.0,78.937386,11.279833,23.0,1,108070,val
72.0,88.0,62.0,74.0,113.24801,15.738417,8.666668,0,108070,val
114.0,128.0,105.0,115.666664,100.13435,16.835428,32.999992,0,108070,val
52.0,70.0,54.0,58.666668,26.549734,7.7999744,1.9999962,0,108070,val
30.0,68.0,43.0,47.0,64.334206,6.6742897,7.333336,0,108070,val
182.0,237.0,144.0,187.66667,347.33267,40.924496,151.66669,0,108070,val
243.0,198.0,157.0,199.33333,261.66687,33.420906,176.66666,0,108070,val
23.0,36.0,29.0,29.333334,20.0,2.469578,5.666666,0,108070,val
50.0,102.0,53.0,68.333336,17.919575,2.5163527,1.0,0,108070,val
22.0,44.0,32.0,32.666668,40.19951,4.6427813,0.9999962,0,108070,val
28.0,63.0,41.0,44.0,37.276745,3.9213924,6.0,0,108070,val
25.0,59.0,34.0,39.333332,59.875793,6.8747425,15.999998,0,108070,val
59.0,57.0,36.0,50.666668,74.04805,19.192411,120.99999,0,108070,val
46.0,64.0,50.0,53.333332,186.31934,19.029184,7.3333397,0,108070,val
108.0,102.0,66.0,92.0,55.355415,5.796517,8.333328,0,108070,val
133.0,139.0,103.0,125.0,428.2149,46.18883,132.99998,0,108070,val
86.0,103.0,84.0,91.0,76.52741,14.101716,44.66667,0,108070,val
41.0,53.0,39.0,44.333332,111.981155,13.023032,2.3333263,0,108070,val
171.0,165.0,129.0,155.0,441.13617,52.453365,100.33333,0,108070,val
84.0,87.0,60.0,77.0,594.6039,64.65059,131.00002,0,108070,val
30.0,31.0,35.0,32.0,11.205158,1.7497733,7.0,0,108070,val
53.0,77.0,55.0,61.666668,34.266926,9.127956,16.33334,0,108070,val
102.0,122.0,50.0,91.333336,55.28311,19.312754,37.999985,0,108070,val
21.0,53.0,32.0,35.333332,73.365135,11.5096445,14.000008,0,108070,val
43.0,64.0,47.0,51.333332,126.75524,19.404596,33.000008,0,108070,val
60.0,61.0,43.0,54.666668,22.29598,4.1971087,6.333336,0,108070,val
255.0,201.0,141.0,199.0,92.15446,14.761383,41.33333,0,108070,val
65.0,73.0,50.0,62.666668,21.81233,4.117951,11.666653,0,108070,val
73.0,110.0,69.0,84.0,139.39551,16.308323,17.666664,0,108070,val
147.0,124.0,92.0,121.0,53.377068,23.502037,31.666656,0,108070,val
137.0,147.0,86.0,123.333336,585.1921,65.160484,57.999992,0,108070,val
75.0,100.0,71.0,82.0,201.2417,23.363007,15.000004,0,108070,val
32.0,66.0,42.0,46.666668,16.02776,2.4800966,8.000008,0,108070,val
121.0,107.0,68.0,98.666664,58.357132,8.556852,9.666679,0,108070,val
53.0,80.0,65.0,66.0,61.813347,10.323172,44.999996,0,108070,val
29.0,49.0,40.0,39.333332,35.978386,4.745359,13.666662,0,108070,val
19.0,60.0,30.0,36.333332,4.0,2.9120407,10.33334,0,108070,val
120.0,129.0,100.0,116.333336,101.44401,14.704478,14.000008,0,108070,val
131.0,194.0,105.0,143.33333,260.73825,34.468082,88.99998,0,108070,val
192.0,195.0,148.0,178.33333,581.7034,68.04618,178.0,0,108070,val
26.0,55.0,33.0,38.0,77.24276,8.456136,0.33333397,0,108070,val
46.0,56.0,45.0,49.0,189.33861,19.636473,2.6666641,0,108070,val
50.0,73.0,53.0,58.666668,9.357115,2.149389,10.0,0,108070,val
33.0,71.0,46.0,50.0,226.73773,22.48242,15.666666,0,108070,val
123.0,123.0,97.0,114.333336,303.5113,36.660618,14.666676,0,108070,val
52.0,71.0,52.0,58.333332,84.56424,15.559613,11.333328,0,108070,val
24.0,47.0,37.0,36.0,37.172268,6.2468643,17.666668,0,108070,val
29.0,31.0,30.0,30.0,1.9436485,0.38480031,0.66666603,0,108070,val
125.0,132.0,98.0,118.333336,171.60161,19.694567,37.66667,0,108070,val
99.0,98.0,67.0,88.0,91.27856,9.645726,13.666664,0,108070,val
17.0,40.0,22.0,26.333334,65.74868,11.787216,30.66666,0,108070,val
27.0,51.0,38.0,38.666668,78.549355,8.986957,5.999998,0,108070,val
63.0,78.0,45.0,62.0,408.21918,44.36254,64.66667,0,108070,val
82.0,109.0,78.0,89.666664,56.336296,7.2059546,7.666664,0,108070,val
133.0,185.0,119.0,145.66667,108.61758,34.517773,202.33336,0,108070,val
32.0,38.0,34.0,34.666668,16.786234,3.5385277,17.000006,0,108070,val
46.0,83.0,42.0,57.0,283.78433,29.262543,9.66667,0,108070,val
78.0,97.0,78.0,84.333336,61.36412,9.974993,33.33334,0,108070,val
25.0,37.0,27.0,29.666666,45.333332,4.9402437,17.000004,0,108070,val
32.0,48.0,35.0,38.333332,30.612268,3.0729852,3.8146973e-06,0,108070,val
95.0,109.0,83.0,95.666664,114.42707,15.26293,52.666664,0,108070,val
34.0,52.0,30.0,38.666668,43.379463,7.14921,0.33332634,0,108070,val
53.0,81.0,59.0,64.333336,142.53966,17.088722,70.33334,0,108070,val
41.0,74.0,31.0,48.666668,88.94443,11.152135,47.333324,0,108070,val
56.0,74.0,50.0,60.0,117.03941,11.633397,26.000004,0,108070,val
65.0,90.0,69.0,74.666664,260.54175,26.940727,15.666649,0,108070,val
28.0,52.0,38.0,39.333332,43.29229,4.360649,3.6666603,0,108070,val
37.0,69.0,46.0,50.666668,101.81574,10.521509,7.333336,0,108070,val
25.0,58.0,39.0,40.666668,14.552582,2.992891,5.6666603,0,108070,val
21.0,30.0,29.0,26.666666,2.7487385,2.1185708,5.66667,0,108070,val
73.0,107.0,56.0,78.666664,357.87183,39.03086,26.333347,0,108070,val
43.0,48.0,28.0,39.666668,73.86775,10.76626,37.33333,0,108070,val
41.0,59.0,47.0,49.0,51.777306,8.914484,33.666668,0,108070,val
68.0,80.0,58.0,68.666664,67.41579,12.679781,19.66666,0,108070,val
29.0,40.0,34.0,34.333332,1.333334,1.7708372,10.999996,0,108070,val
45.0,78.0,51.0,58.0,71.778984,8.802035,5.0,0,108070,val
53.0,61.0,48.0,54.0,125.774055,14.243051,7.333332,0,108070,val
32.0,74.0,50.0,52.0,9.944287,1.8599658,12.666664,0,108070,val
81.0,95.0,78.0,84.666664,21.954496,7.7124214,17.66668,0,108070,val
26.0,50.0,37.0,37.666668,34.52857,3.5870693,3.3333397,0,108070,val
20.0,44.0,28.0,30.666666,125.02445,15.345767,50.666668,0,108070,val
68.0,101.0,72.0,80.333336,134.63448,26.523901,98.66667,0,108070,val
45.0,77.0,56.0,59.333332,176.67612,18.158953,12.666658,0,108070,val
75.0,82.0,64.0,73.666664,101.73276,14.421342,21.333336,0,108070,val
178.0,164.0,91.0,144.33333,420.16318,41.959732,14.333313,0,108070,val
56.0,78.0,66.0,66.666664,12.119767,11.822767,52.33332,0,108070,val
121.0,122.0,104.0,115.666664,161.38293,22.351551,113.999985,0,108070,val
25.0,38.0,31.0,31.333334,49.643173,5.187306,2.999998,0,108070,val
122.0,120.0,97.0,113.0,240.10786,23.87905,36.000008,0,108070,val
31.0,48.0,32.0,37.0,109.716805,18.011662,43.666664,0,108070,val
31.0,66.0,42.0,46.333332,81.1925,8.355438,3.9999962,0,108070,val
87.0,117.0,93.0,99.0,56.27117,9.53975,0.33333588,0,108070,val
210.0,205.0,183.0,199.33333,98.76123,23.962128,128.00002,0,108070,val
22.0,52.0,28.0,34.0,121.495316,13.056163,21.333332,0,108070,val
23.0,32.0,27.0,27.333334,12.018502,1.968905,9.666666,0,108070,val
19.0,34.0,29.0,27.333334,50.360912,5.7329593,23.33333,0,108070,val
102.0,116.0,83.0,100.333336,114.10911,14.137785,10.6666565,0,108070,val
216.0,182.0,147.0,181.66667,390.36084,60.254974,138.00002,0,108070,val
141.0,113.0,73.0,109.0,90.348694,10.836363,22.666664,0,108070,val
108.0,89.0,59.0,85.333336,228.46056,41.01423,38.666676,0,108070,val
52.0,66.0,49.0,55.666668,12.083044,6.5035486,56.33334,0,108070,val
73.0,93.0,66.0,77.333336,189.1572,20.083431,62.00001,0,108070,val
17.0,36.0,30.0,27.666666,30.147785,3.4609375,3.333334,0,108070,val
131.0,160.0,112.0,134.33333,167.06155,21.314333,83.33331,0,108070,val
38.0,57.0,35.0,43.333332,64.60995,7.4884515,14.000004,0,108070,val
71.0,71.0,47.0,63.0,538.8269,67.09841,103.333336,0,108070,val
35.0,43.0,28.0,35.333332,8.666662,2.7908237,7.666668,0,108070,val
103.0,137.0,76.0,105.333336,95.591736,13.424666,27.666649,0,108070,val
43.0,86.0,41.0,56.666668,91.53628,12.02513,23.66666,0,108070,val
197.0,193.0,168.0,186.0,203.80437,34.780113,302.3333,0,108070,val
245.0,240.0,174.0,219.66667,151.95686,35.239582,240.66669,0,108070,val
67.0,93.0,54.0,71.333336,64.22185,13.003756,1.0000038,0,108070,val
29.0,30.0,32.0,30.333334,3.3333282,0.6085732,1.6666679,0,108070,val
22.0,38.0,27.0,29.0,57.27322,6.1304884,1.3333321,0,108070,val
23.0,55.0,31.0,36.333332,40.113735,5.1207585,11.333336,0,108070,val
38.0,24.0,0.0,20.666666,311.61868,63.29201,238.0,0,108070,val
142.0,132.0,107.0,127.0,155.79614,25.320234,52.66667,0,108070,val
53.0,68.0,47.0,56.0,116.92352,11.945453,1.6666641,0,108070,val
52.0,59.0,41.0,50.666668,26.936134,7.7555265,16.333336,0,108070,val
67.0,100.0,53.0,73.333336,94.38103,11.80061,20.66666,0,108070,val
79.0,88.0,71.0,79.333336,233.36191,24.566078,60.66668,0,108070,val
186.0,191.0,211.0,196.0,149.98816,18.314419,41.666656,1,100007,test
173.0,175.0,198.0,182.0,35.555904,7.073001,8.0,1,100007,test
64.0,78.0,79.0,73.666664,255.30199,26.622404,22.000015,1,100007,test
171.0,175.0,186.0,177.33333,299.5289,36.479233,7.3332977,1,100007,test
177.0,180.0,197.0,184.66667,34.347904,7.171994,29.333344,1,100007,test
205.0,208.0,223.0,212.0,149.92738,22.548645,68.66666,1,100007,test
161.0,164.0,181.0,168.66667,61.327908,6.0797114,13.0,1,100007,test
220.0,210.0,219.0,216.33333,335.20807,37.424507,76.33333,1,100007,test
52.0,59.0,52.0,54.333332,30.081366,3.2549918,0.6666641,1,100007,test
183.0,186.0,205.0,191.33333,119.89343,14.5509615,32.666656,1,100007,test
149.0,153.0,162.0,154.66667,13.038404,2.2865949,7.666687,1,100007,test
206.0,208.0,220.0,211.33333,315.5496,36.4286,113.99997,1,100007,test
125.0,135.0,137.0,132.33333,120.31255,12.335005,4.3333435,1,100007,test
181.0,187.0,201.0,189.66667,224.21664,27.675858,83.000015,1,100007,test
122.0,140.0,150.0,137.33333,244.4495,25.508692,19.999985,1,100007,test
95.0,115.0,122.0,110.666664,219.91614,22.43552,11.666664,1,100007,test
130.0,132.0,144.0,135.33333,83.68326,17.375393,68.33334,1,100007,test
120.0,129.0,138.0,129.0,87.80913,12.589679,28.666672,1,100007,test
108.0,126.0,136.0,123.333336,195.68286,20.1299,3.6666718,1,100007,test
192.0,190.0,211.0,197.66667,10.29563,5.9814167,28.666656,1,100007,test
124.0,128.0,139.0,130.33333,107.43474,18.904469,72.66669,1,100007,test
117.0,125.0,127.0,123.0,291.10098,31.888723,77.33333,1,100007,test
141.0,143.0,156.0,146.66667,124.72994,14.595389,32.333313,1,100007,test
185.0,189.0,214.0,196.0,97.94442,10.158125,16.666656,1,100007,test
75.0,89.0,89.0,84.333336,258.31076,26.476856,9.333324,1,100007,test
145.0,147.0,159.0,150.33333,105.60409,12.926324,28.666687,1,100007,test
140.0,147.0,155.0,147.33333,108.70654,11.842637,21.666649,1,100007,test
167.0,170.0,189.0,175.33333,66.89462,6.973443,2.6666718,1,100007,test
111.0,128.0,138.0,125.666664,265.34088,27.344822,17.666664,1,100007,test
181.0,187.0,201.0,189.66667,144.41989,21.863836,70.000015,1,100007,test
189.0,194.0,216.0,199.66667,69.67384,10.246951,24.666672,1,100007,test
101.0,108.0,100.0,103.0,333.9727,37.52731,76.666664,1,100007,test
94.0,112.0,116.0,107.333336,298.94965,30.430023,1.0000076,1,100007,test
172.0,178.0,194.0,181.33333,28.666626,4.8535185,13.6666565,1,100007,test
103.0,120.0,130.0,117.666664,313.4684,31.936323,0.99998474,1,100007,test
83.0,101.0,103.0,95.666664,294.33502,30.22182,0.33332443,1,100007,test
169.0,171.0,194.0,178.0,24.390354,4.662852,25.333328,1,100007,test
47.0,63.0,60.0,56.666668,111.94543,12.403475,14.333324,1,100007,test
100.0,109.0,92.0,100.333336,177.61508,24.806616,16.666672,1,100007,test
135.0,139.0,148.0,140.66667,43.081318,4.4482703,8.9999695,1,100007,test
182.0,187.0,206.0,191.66667,263.71786,29.78943,57.66667,1,100007,test
170.0,173.0,192.0,178.33333,228.70312,24.214697,22.666656,1,100007,test
183.0,186.0,201.0,190.0,186.93436,26.00417,56.33333,1,100007,test
200.0,188.0,202.0,196.66667,356.0755,36.05795,28.333374,1,100007,test
172.0,176.0,188.0,178.66667,172.95602,20.097954,46.333344,1,100007,test
219.0,203.0,214.0,212.0,112.28534,15.27035,39.66667,1,100007,test
212.0,210.0,224.0,215.33333,75.00074,11.43323,24.666656,1,100007,test
114.0,131.0,141.0,128.66667,221.15106,23.113827,21.333351,1,100007,test
210.0,210.0,234.0,218.0,152.7358,20.071552,40.66667,1,100007,test
62.0,67.0,60.0,63.0,48.6621,5.881064,16.333336,1,100007,test
201.0,201.0,213.0,205.0,412.31058,46.115303,82.66668,1,100007,test
128.0,137.0,146.0,137.0,359.27087,36.605316,0.6666565,1,100007,test
56.0,68.0,66.0,63.333332,160.09233,16.785498,19.666668,1,100007,test
185.0,189.0,201.0,191.66667,281.3152,29.966452,36.33336,1,100007,test
187.0,190.0,221.0,199.33333,10.121504,3.6545134,3.3333282,1,100007,test
47.0,57.0,49.0,51.0,12.256526,2.0252314,2.333332,1,100007,test
124.0,129.0,135.0,129.33333,143.14017,15.779734,22.333336,1,100007,test
134.0,141.0,147.0,140.66667,320.55505,33.569164,34.333298,1,100007,test
182.0,186.0,197.0,188.33333,366.43753,38.108654,48.33332,1,100007,test
83.0,101.0,105.0,96.333336,296.46994,30.275993,2.666668,1,100007,test
95.0,113.0,117.0,108.333336,290.7645,29.584707,5.6666718,1,100007,test
165.0,165.0,191.0,173.66667,119.350105,16.126818,41.666656,1,100007,test
201.0,203.0,226.0,210.0,45.667904,8.107433,32.666656,1,100007,test
94.0,105.0,101.0,100.0,258.90198,31.753338,40.333336,1,100007,test
54.0,64.0,65.0,61.0,143.67632,15.262146,15.333332,1,100007,test
186.0,186.0,198.0,190.0,313.501,33.317837,39.66667,1,100007,test
127.0,131.0,142.0,133.33333,182.42133,36.352333,131.33334,1,100007,test
94.0,111.0,119.0,108.0,292.96494,29.922867,5.0000076,1,100007,test
50.0,59.0,54.0,54.333332,15.691473,1.7761714,0.33333588,1,100007,test
52.0,64.0,62.0,59.333332,128.20988,14.881416,17.666672,1,100007,test
81.0,100.0,106.0,95.666664,281.42892,28.683517,14.000015,1,100007,test
55.0,66.0,62.0,61.0,162.01236,18.02605,30.666668,1,100007,test
132.0,143.0,149.0,141.33333,243.99818,25.268982,0.66664886,1,100007,test
114.0,131.0,141.0,128.66667,269.7954,27.987425,23.666695,1,100007,test
186.0,189.0,204.0,193.0,297.43274,31.90599,41.0,1,100007,test
75.0,75.0,73.0,74.333336,414.30554,44.66689,70.999985,1,100007,test
80.0,95.0,100.0,91.666664,234.18605,23.918482,2.6666756,1,100007,test
96.0,105.0,88.0,96.333336,23.442602,3.06903,3.9999924,1,100007,test
204.0,209.0,215.0,209.33333,225.59207,31.609247,86.66666,1,100007,test
112.0,131.0,138.0,127.0,254.66537,26.341934,18.333328,1,100007,test
86.0,104.0,106.0,98.666664,279.71136,28.315294,9.666668,1,100007,test
84.0,94.0,83.0,87.0,71.631775,7.7650433,6.3333282,1,100007,test
84.0,97.0,77.0,86.0,34.73391,4.7638574,15.000008,1,100007,test
143.0,148.0,151.0,147.33333,525.94147,52.41643,6.3333435,1,100007,test
192.0,195.0,210.0,199.0,226.20004,24.76909,35.0,1,100007,test
82.0,92.0,84.0,86.0,369.7137,43.15503,90.00001,1,100007,test
192.0,198.0,214.0,201.33333,263.31268,30.145092,65.3333,1,100007,test
87.0,98.0,82.0,89.0,49.83752,8.736122,5.666664,1,100007,test
108.0,120.0,120.0,116.0,34.528584,6.226205,30.333344,1,100007,test
59.0,69.0,68.0,65.333336,26.66667,4.2690864,4.6666603,1,100007,test
86.0,96.0,87.0,89.666664,231.31555,29.451828,46.66667,1,100007,test
181.0,187.0,201.0,189.66667,232.37372,28.303495,68.33336,1,100007,test
138.0,138.0,150.0,142.0,43.024555,14.695078,55.0,1,100007,test
90.0,108.0,112.0,103.333336,330.66733,33.802174,0.9999962,1,100007,test
205.0,203.0,225.0,211.0,110.68472,15.85099,45.999985,1,100007,test
81.0,92.0,75.0,82.666664,13.207741,7.0483475,3.6666718,1,100007,test
154.0,155.0,159.0,156.0,380.17102,38.782547,8.666664,1,100007,test
54.0,73.0,71.0,66.0,45.325985,10.123891,28.333328,1,100007,test
194.0,187.0,194.0,191.66667,281.6164,30.82733,10.0000305,1,100007,test
103.0,107.0,108.0,106.0,510.41855,54.36724,61.666664,1,100007,test
165.0,170.0,190.0,175.0,31.098402,4.529202,1.5258789e-05,1,100007,test
173.0,175.0,198.0,182.0,44.33458,5.1807184,13.000015,1,100007,test
67.0,81.0,82.0,76.666664,199.98721,21.00917,18.66668,1,100007,test
59.0,71.0,69.0,66.333336,197.79057,21.181173,23.999996,1,100007,test
173.0,176.0,193.0,180.66667,14.68182,5.525509,19.666687,1,100007,test
194.0,196.0,195.0,195.0,296.26492,34.849003,111.666664,1,100007,test
110.0,117.0,110.0,112.333336,49.667797,5.5655713,5.9999924,1,100007,test
180.0,186.0,202.0,189.33333,91.21643,14.956774,64.66666,1,100007,test
70.0,84.0,84.0,79.333336,262.78848,27.101156,15.999996,1,100007,test
54.0,66.0,66.0,62.0,196.9512,21.627596,36.666664,1,100007,test
108.0,113.0,106.0,109.0,73.54516,9.63281,25.333336,1,100007,test
107.0,113.0,101.0,107.0,324.04562,32.798733,62.66668,1,100007,test
205.0,199.0,225.0,209.66667,45.494812,6.758386,25.666641,1,100007,test
89.0,96.0,89.0,91.333336,481.0655,52.75882,85.33333,1,100007,test
190.0,195.0,217.0,200.66667,16.559645,5.001562,30.666656,1,100007,test
128.0,146.0,158.0,144.0,191.0439,20.75,27.999992,1,100007,test
69.0,85.0,85.0,79.666664,272.19803,27.957392,12.000015,1,100007,test
104.0,124.0,133.0,120.333336,216.7523,22.543837,19.000008,1,100007,test
152.0,159.0,167.0,159.33333,375.51416,37.93562,5.0000076,1,100007,test
111.0,121.0,122.0,118.0,31.668432,6.5787,36.000008,1,100007,test
227.0,216.0,220.0,221.0,17.159393,3.559209,7.6666718,0,100007,test
191.0,193.0,218.0,200.66667,66.27216,9.165152,28.0,0,100007,test
226.0,218.0,229.0,224.33333,56.43088,8.523405,25.333328,0,100007,test
172.0,176.0,205.0,184.33333,19.607216,2.1423922,1.6666565,0,100007,test
196.0,200.0,229.0,208.33333,3.1622777,1.1541365,1.0,0,100007,test
224.0,213.0,221.0,219.33333,31.555967,3.6244612,9.3333435,0,100007,test
58.0,77.0,83.0,72.666664,28.817436,4.711449,11.333321,0,100007,test
114.0,133.0,150.0,132.33333,41.52644,4.562286,8.666649,0,100007,test
215.0,206.0,211.0,210.66667,181.2561,18.991774,23.333328,0,100007,test
77.0,85.0,74.0,78.666664,26.034166,3.1990447,7.666664,0,100007,test
197.0,190.0,198.0,195.0,34.43836,5.5600414,26.666656,0,100007,test
186.0,193.0,221.0,200.0,16.492422,2.0549102,5.0,0,100007,test
50.0,57.0,50.0,52.333332,13.232953,1.95275,6.666668,0,100007,test
208.0,199.0,202.0,203.0,63.9757,7.518467,5.6666718,0,100007,test
207.0,200.0,207.0,204.66667,14.391351,2.468552,1.3333282,0,100007,test
110.0,127.0,137.0,124.666664,172.46577,17.678885,0.66667175,0,100007,test
188.0,193.0,223.0,201.33333,20.74714,2.1990764,6.3333282,0,100007,test
133.0,148.0,167.0,149.33333,62.012558,6.3382826,1.3333282,0,100007,test
191.0,194.0,225.0,203.33333,37.5736,3.8532658,7.6666565,0,100007,test
95.0,114.0,120.0,109.666664,100.31507,10.307622,6.666664,0,100007,test
182.0,184.0,207.0,191.0,29.15476,4.0668244,19.666687,0,100007,test
195.0,199.0,228.0,207.33333,1.0540668,0.5762215,1.0000153,0,100007,test
167.0,173.0,199.0,179.66667,9.055386,1.475053,2.0,0,100007,test
191.0,195.0,224.0,203.33333,0.0,0.73951,2.0,0,100007,test
211.0,201.0,209.0,207.0,68.69581,8.460616,11.666672,0,100007,test
78.0,87.0,68.0,77.666664,32.431114,5.0685244,3.6666718,0,100007,test
190.0,194.0,223.0,202.33333,13.038404,1.8519416,3.0,0,100007,test
164.0,169.0,198.0,177.0,51.24451,5.944075,12.0,0,100007,test
166.0,170.0,197.0,177.66667,15.355075,2.9613395,8.666672,0,100007,test
220.0,213.0,221.0,218.0,156.51837,17.140617,27.333328,0,100007,test
127.0,144.0,164.0,145.0,113.4529,12.47615,8.0,0,100007,test
190.0,193.0,224.0,202.33333,4.472136,1.3346348,4.0,0,100007,test
193.0,198.0,228.0,206.33333,17.888544,3.0465145,16.0,0,100007,test
104.0,122.0,134.0,120.0,166.03148,17.104458,8.333328,0,100007,test
218.0,207.0,213.0,212.66667,67.15984,7.930361,18.333328,0,100007,test
151.0,161.0,186.0,166.0,40.022232,4.2077403,1.6666565,0,100007,test
189.0,193.0,222.0,201.33333,23.194826,2.8966575,10.0,0,100007,test
192.0,197.0,227.0,205.33333,7.9021893,1.4402149,4.6666718,0,100007,test
170.0,177.0,205.0,184.0,8.0,0.95606613,2.0,0,100007,test
174.0,179.0,208.0,187.0,22.36068,2.4693432,1.0,0,100007,test
38.0,49.0,51.0,46.0,8.013879,1.6464183,7.0,0,100007,test
194.0,198.0,227.0,206.33333,8.0,1.1541365,2.0,0,100007,test
184.0,187.0,218.0,196.33333,18.867947,2.52178,1.3333435,0,100007,test
43.0,55.0,55.0,51.0,56.134754,6.0173697,0.33333206,0,100007,test
172.0,167.0,173.0,170.66667,92.086914,24.467691,68.0,0,100007,test
92.0,105.0,88.0,95.0,27.365843,3.0160701,3.6666718,0,100007,test
184.0,189.0,219.0,197.33333,17.888544,2.514023,6.0,0,100007,test
146.0,156.0,183.0,161.66667,79.378136,8.09972,0.666687,0,100007,test
192.0,185.0,192.0,189.66667,259.02594,26.586826,8.3333435,0,100007,test
203.0,203.0,227.0,211.0,9.843202,1.8624581,12.333328,0,100007,test
235.0,224.0,230.0,229.66667,27.89265,3.398644,3.0,0,100007,test
166.0,173.0,202.0,180.33333,8.027717,1.3975425,4.6666718,0,100007,test
185.0,178.0,185.0,182.66667,29.832869,3.47873,2.0,0,100007,test
127.0,139.0,151.0,139.0,101.41223,10.851088,9.666664,0,100007,test
171.0,165.0,169.0,168.33333,26.43652,3.3151522,7.3333282,0,100007,test
188.0,178.0,187.0,184.33333,24.841732,7.9691787,23.333344,0,100007,test
178.0,183.0,212.0,191.0,17.492855,2.0,9.0,0,100007,test
186.0,190.0,219.0,198.33333,15.811388,1.8729155,4.0,0,100007,test
193.0,197.0,226.0,205.33333,4.0,0.6614378,1.0,0,100007,test
196.0,191.0,198.0,195.0,50.024452,8.69222,53.33333,0,100007,test
198.0,202.0,231.0,210.33333,25.516905,3.304826,13.6666565,0,100007,test
193.0,191.0,215.0,199.66667,32.69389,5.1356597,21.333328,0,100007,test
216.0,205.0,213.0,211.33333,3.0184593,0.8315084,3.3333282,0,100007,test
47.0,65.0,65.0,59.0,54.168457,7.119824,27.666668,0,100007,test
230.0,221.0,226.0,225.66667,26.081064,3.1262498,3.0,0,100007,test
127.0,140.0,156.0,141.0,65.25334,7.032847,7.3333435,0,100007,test
86.0,105.0,112.0,101.0,212.00104,21.885845,3.3333359,0,100007,test
208.0,201.0,209.0,206.0,31.001797,3.7421794,9.0,0,100007,test
200.0,204.0,233.0,212.33333,13.678843,1.5724682,3.3333282,0,100007,test
178.0,168.0,176.0,174.0,33.413246,3.9432003,4.6666718,0,100007,test
171.0,176.0,205.0,184.0,10.770329,1.3433865,1.0,0,100007,test
201.0,191.0,199.0,197.0,30.785994,3.6039257,1.3333282,0,100007,test
175.0,168.0,175.0,172.66667,55.337357,7.1911674,16.0,0,100007,test
177.0,170.0,178.0,175.0,32.727837,10.422144,55.33333,0,100007,test
107.0,122.0,129.0,119.333336,149.10771,15.189364,10.333351,0,100007,test
196.0,200.0,229.0,208.33333,7.071068,0.875,0.0,0,100007,test
45.0,61.0,60.0,55.333332,48.764748,5.333369,8.0,0,100007,test
184.0,189.0,219.0,197.33333,16.0,2.3150325,6.0,0,100007,test
91.0,105.0,88.0,94.666664,22.161037,2.2870219,4.0000076,0,100007,test
235.0,237.0,255.0,242.33333,19.436499,17.964918,111.33333,0,100007,test
207.0,197.0,205.0,203.0,37.4314,4.58939,14.333328,0,100007,test
175.0,166.0,171.0,170.66667,11.642868,1.7716297,11.333359,0,100007,test
80.0,113.0,122.0,105.0,48.410275,6.6944327,13.666664,0,100007,test
197.0,203.0,229.0,209.66667,6.3245554,1.0551214,3.0,0,100007,test
195.0,196.0,226.0,205.66667,9.486833,1.8253852,7.0,0,100007,test
200.0,201.0,229.0,210.0,14.764823,1.9121323,6.0,0,100007,test
184.0,189.0,219.0,197.33333,9.545204,2.1650636,6.3333282,0,100007,test
220.0,211.0,216.0,215.66667,17.49918,2.503123,3.6666718,0,100007,test
217.0,207.0,215.0,213.0,29.01725,3.3825147,0.6666565,0,100007,test
214.0,204.0,213.0,210.33333,10.0,1.3693064,7.0,0,100007,test
194.0,197.0,228.0,206.33333,7.071068,1.4238483,0.0,0,100007,test
179.0,184.0,214.0,192.33333,5.8309517,0.67023784,3.0,0,100007,test
193.0,196.0,227.0,205.33333,8.602325,1.3707321,3.0,0,100007,test
97.0,120.0,136.0,117.666664,71.29438,7.037497,0.6666641,0,100007,test
182.0,174.0,185.0,180.33333,91.38077,10.961403,8.666672,0,100007,test
229.0,218.0,224.0,223.66667,25.944399,4.159421,17.333328,0,100007,test
193.0,197.0,226.0,205.33333,14.21267,1.8915932,3.0,0,100007,test
193.0,186.0,193.0,190.66667,17.600475,2.0511048,2.9999847,0,100007,test
199.0,193.0,197.0,196.33333,42.40018,6.771378,18.999985,0,100007,test
96.0,116.0,123.0,111.666664,274.68124,28.19339,10.333321,0,100007,test
184.0,189.0,219.0,197.33333,22.63723,3.3030527,20.0,0,100007,test
28.0,38.0,40.0,35.333332,25.647171,2.940179,1.3333359,0,100007,test
196.0,197.0,227.0,206.66667,19.692062,2.4125323,1.6666565,0,100007,test
156.0,167.0,189.0,170.66667,154.6796,16.020128,6.6666565,0,100007,test
193.0,199.0,225.0,205.66667,19.787796,2.2534695,4.0000305,0,100007,test
50.0,68.0,68.0,62.0,93.643524,10.019756,6.666664,0,100007,test
215.0,204.0,212.0,210.33333,11.661903,3.8293684,7.6666718,0,100007,test
51.0,48.0,41.0,46.666668,212.9105,26.631052,71.33333,0,100007,test
191.0,195.0,224.0,203.33333,12.337847,1.6978847,1.0,0,100007,test
185.0,180.0,186.0,183.66667,10.29563,3.6547806,15.0,0,100007,test
181.0,182.0,210.0,191.0,12.6929455,1.9314421,4.3333282,0,100007,test
142.0,152.0,177.0,157.0,48.76474,5.459009,1.0,0,100007,test
195.0,202.0,230.0,209.0,7.071068,0.8149003,0.0,0,100007,test
87.0,108.0,113.0,102.666664,134.92796,13.998221,10.666664,0,100007,test
198.0,191.0,199.0,196.0,14.368171,2.8118055,16.666672,0,100007,test
142.0,148.0,162.0,150.66667,21.050224,3.4454453,11.666641,0,100007,test
86.0,98.0,84.0,89.333336,14.522004,2.3993406,12.333328,0,100007,test
200.0,187.0,194.0,193.66667,58.438976,15.569025,57.666656,0,100007,test
184.0,187.0,218.0,196.33333,17.088007,2.806243,5.0,0,100007,test
195.0,199.0,226.0,206.66667,12.0,2.440703,12.0,0,100007,test
39.0,56.0,50.0,48.333332,14.757295,3.8200169,8.000004,1,100039,test
136.0,122.0,95.0,117.666664,60.090664,7.281183,34.666664,1,100039,test
60.0,62.0,59.0,60.333332,124.850136,13.212414,7.333336,1,100039,test
88.0,113.0,92.0,97.666664,119.52592,11.889423,4.666687,1,100039,test
116.0,121.0,98.0,111.666664,66.33585,9.970807,4.6666794,1,100039,test
69.0,89.0,77.0,78.333336,183.22604,18.874378,24.999985,1,100039,test
28.0,50.0,38.0,38.666668,118.79487,18.97236,43.999996,1,100039,test
183.0,189.0,187.0,186.33333,702.0744,74.04228,125.66666,1,100039,test
82.0,118.0,80.0,93.333336,38.078857,5.6110506,9.3333435,1,100039,test
59.0,60.0,55.0,58.0,170.46928,18.56254,45.333332,1,100039,test
38.0,46.0,49.0,44.333332,42.36613,4.5023866,1.6666603,1,100039,test
116.0,130.0,131.0,125.666664,469.04843,47.73869,3.9999962,1,100039,test
55.0,64.0,61.0,60.0,134.1972,23.851643,42.0,1,100039,test
117.0,123.0,119.0,119.666664,780.77924,80.884476,89.33334,1,100039,test
113.0,151.0,102.0,122.0,38.438984,4.564319,17.000008,1,100039,test
27.0,39.0,35.0,33.666668,125.79524,14.384877,34.33333,1,100039,test
163.0,167.0,168.0,166.0,340.38052,38.860554,96.0,1,100039,test
129.0,126.0,83.0,112.666664,228.47125,30.889736,76.333336,1,100039,test
189.0,176.0,160.0,175.0,187.38257,27.182974,57.000008,1,100039,test
121.0,146.0,114.0,127.0,349.56006,40.856575,10.000004,1,100039,test
40.0,51.0,47.0,46.0,431.40106,52.622128,118.999985,1,100039,test
109.0,137.0,112.0,119.333336,223.82384,23.329626,45.000008,1,100039,test
156.0,154.0,157.0,155.66667,112.70117,19.22797,44.666687,1,100039,test
84.0,99.0,78.0,87.0,107.60525,16.529861,48.333336,1,100039,test
89.0,113.0,91.0,97.666664,129.72192,14.163939,2.3333511,1,100039,test
93.0,115.0,77.0,95.0,302.65857,38.956066,91.99999,1,100039,test
61.0,79.0,67.0,69.0,168.0,24.009144,2.0000038,1,100039,test
35.0,50.0,45.0,43.333332,238.3424,27.540215,103.33333,1,100039,test
117.0,148.0,114.0,126.333336,111.813324,14.758803,20.000008,1,100039,test
255.0,254.0,255.0,254.66667,5.5176454,1.1127808,3.666687,1,100039,test
44.0,69.0,47.0,53.333332,16.006927,22.97079,98.33334,1,100039,test
92.0,117.0,98.0,102.333336,92.45539,9.502621,3.3333435,1,100039,test
105.0,120.0,99.0,108.0,201.2947,21.196901,64.333336,1,100039,test
111.0,143.0,102.0,118.666664,71.28191,8.226885,2.0000076,1,100039,test
80.0,79.0,77.0,78.666664,254.49254,52.78384,138.33334,1,100039,test
41.0,50.0,47.0,46.0,8.969081,3.1653256,1.3333359,1,100039,test
42.0,53.0,45.0,46.666668,160.45836,18.97157,33.999992,1,100039,test
91.0,92.0,94.0,92.333336,140.40022,18.361137,1.6666794,1,100039,test
239.0,255.0,255.0,249.66667,22.64705,5.4633007,21.000015,1,100039,test
130.0,144.0,108.0,127.333336,39.74361,5.758655,18.333328,1,100039,test
169.0,145.0,107.0,140.33333,228.17004,25.897182,63.666687,1,100039,test
77.0,104.0,73.0,84.666664,202.71765,30.69283,64.000015,1,100039,test
85.0,96.0,92.0,91.0,156.76239,15.898574,4.6666718,1,100039,test
68.0,64.0,55.0,62.333332,226.76468,25.947607,35.666668,1,100039,test
102.0,125.0,117.0,114.666664,348.98203,36.90801,45.99998,1,100039,test
112.0,139.0,94.0,115.0,75.42473,8.47532,3.0000076,1,100039,test
93.0,122.0,100.0,105.0,191.2654,19.516394,6.0,1,100039,test
35.0,55.0,44.0,44.666668,14.422207,6.453579,18.333328,1,100039,test
69.0,83.0,68.0,73.333336,160.23595,17.14509,16.333324,1,100039,test
106.0,119.0,93.0,106.0,70.716965,14.714901,30.0,1,100039,test
32.0,40.0,42.0,38.0,45.69707,6.6569743,11.999998,1,100039,test
226.0,253.0,244.0,241.0,136.73413,16.419548,14.666672,1,100039,test
109.0,127.0,87.0,107.666664,136.87381,15.666351,14.000008,1,100039,test
107.0,110.0,89.0,102.0,233.43095,24.74866,30.000008,1,100039,test
57.0,72.0,69.0,66.0,196.22946,29.859354,105.66667,1,100039,test
234.0,249.0,254.0,245.66667,72.89719,14.281899,40.0,1,100039,test
79.0,94.0,61.0,78.0,98.44344,14.187259,38.0,1,100039,test
85.0,101.0,88.0,91.333336,236.18541,25.63584,57.33333,1,100039,test
41.0,60.0,58.0,53.0,26.90312,3.8203685,23.999996,1,100039,test
119.0,101.0,91.0,103.666664,93.828445,11.9357815,38.66668,1,100039,test
103.0,120.0,84.0,102.333336,61.89956,7.10063,4.3333206,1,100039,test
126.0,163.0,122.0,137.0,141.0831,15.866047,38.66667,1,100039,test
79.0,85.0,75.0,79.666664,149.06001,16.971857,11.333336,1,100039,test
161.0,157.0,120.0,146.0,62.003574,8.176639,32.0,1,100039,test
125.0,135.0,111.0,123.666664,101.76225,11.553375,77.66666,1,100039,test
159.0,174.0,179.0,170.66667,381.24387,41.179985,124.33337,1,100039,test
122.0,142.0,149.0,137.66667,431.73038,50.824223,202.66663,1,100039,test
59.0,60.0,54.0,57.666668,427.67383,47.375298,141.66666,1,100039,test
152.0,175.0,146.0,157.66667,459.95773,51.516987,26.666641,1,100039,test
63.0,92.0,61.0,72.0,307.26212,31.200665,70.0,1,100039,test
56.0,74.0,62.0,64.0,210.492,36.67826,131.0,1,100039,test
184.0,171.0,162.0,172.33333,243.31277,52.79578,178.66664,1,100039,test
137.0,161.0,127.0,141.66667,82.46209,10.74782,35.666687,1,100039,test
56.0,77.0,60.0,64.333336,226.27417,24.726877,36.99999,1,100039,test
169.0,219.0,210.0,199.33333,87.5874,13.452608,14.666687,1,100039,test
118.0,139.0,122.0,126.333336,66.966,10.139794,40.66667,1,100039,test
253.0,254.0,255.0,254.0,20.933786,3.6614547,1.0,1,100039,test
148.0,156.0,135.0,146.33333,19.00294,5.3540654,27.333328,1,100039,test
131.0,161.0,123.0,138.33333,84.244354,9.521563,25.666649,1,100039,test
118.0,141.0,95.0,118.0,37.538136,4.538249,21.333336,1,100039,test
124.0,156.0,117.0,132.33333,173.34615,20.38578,41.999977,1,100039,test
123.0,155.0,114.0,130.66667,38.195404,7.348004,19.000015,1,100039,test
31.0,35.0,34.0,33.333332,313.60413,41.990303,116.333336,1,100039,test
119.0,155.0,109.0,127.666664,32.05899,4.294346,10.0,1,100039,test
41.0,57.0,47.0,48.333332,62.234325,6.915894,25.666668,1,100039,test
163.0,199.0,195.0,185.66667,255.51341,25.342344,4.666687,1,100039,test
153.0,144.0,145.0,147.33333,290.93716,30.168667,31.666649,1,100039,test
97.0,129.0,92.0,106.0,60.666676,6.488647,17.333328,1,100039,test
179.0,194.0,173.0,182.0,53.370815,22.942991,82.0,1,100039,test
180.0,191.0,195.0,188.66667,304.24332,41.64041,151.00003,1,100039,test
47.0,66.0,60.0,57.666668,111.50684,13.4612255,20.999992,1,100039,test
88.0,77.0,81.0,82.0,430.32443,71.25124,265.0,1,100039,test
143.0,164.0,123.0,143.33333,33.40328,3.5363624,12.333313,1,100039,test
249.0,255.0,255.0,253.0,146.47562,20.935822,29.0,1,100039,test
62.0,53.0,48.0,54.333332,321.8464,37.215687,98.66667,1,100039,test
129.0,144.0,141.0,138.0,448.498,47.333187,43.666664,1,100039,test
83.0,108.0,87.0,92.666664,166.22943,20.02763,45.333324,1,100039,test
103.0,122.0,120.0,115.0,398.53424,44.66457,60.66667,1,100039,test
136.0,133.0,118.0,129.0,272.60922,30.201246,50.66667,1,100039,test
138.0,129.0,132.0,133.0,543.06134,59.869373,103.00001,1,100039,test
222.0,255.0,254.0,243.66667,47.800518,9.79457,29.00003,1,100039,test
103.0,133.0,99.0,111.666664,295.48077,30.65539,21.999992,1,100039,test
181.0,195.0,198.0,191.33333,45.082653,38.527233,196.3333,1,100039,test
155.0,156.0,116.0,142.33333,66.03871,11.14,10.666687,1,100039,test
213.0,248.0,242.0,234.33333,49.607346,10.782473,11.666641,1,100039,test
84.0,108.0,95.0,95.666664,484.1884,51.9678,22.666672,1,100039,test
90.0,112.0,76.0,92.666664,20.466772,2.8083303,9.666679,1,100039,test
242.0,244.0,241.0,242.33333,107.75384,19.08206,89.999985,1,100039,test
132.0,163.0,121.0,138.66667,109.41562,21.935251,44.333344,1,100039,test
102.0,124.0,78.0,101.333336,41.750587,5.603082,17.666656,1,100039,test
138.0,166.0,128.0,144.0,209.7941,23.171953,74.0,1,100039,test
49.0,53.0,52.0,51.333332,102.57247,13.774295,43.000008,1,100039,test
66.0,74.0,76.0,72.0,218.35396,25.111996,3.6666641,1,100039,test
43.0,62.0,56.0,53.666668,83.33598,9.401122,26.999996,1,100039,test
120.0,158.0,107.0,128.33333,35.355335,4.269258,17.333313,1,100039,test
89.0,77.0,79.0,81.666664,205.14764,20.872917,14.666672,1,100039,test
155.0,173.0,177.0,168.33333,368.5132,44.575954,90.66667,1,100039,test
104.0,136.0,97.0,112.333336,45.377434,5.5290427,23.000008,1,100039,test
30.0,47.0,39.0,38.666668,78.66244,9.198773,16.333328,1,100039,test
82.0,76.0,78.0,78.666664,163.83188,19.498522,31.66666,1,100039,test
137.0,138.0,130.0,135.0,58.72726,6.5493917,7.9999847,0,100039,test
173.0,211.0,222.0,202.0,95.3543,17.33133,83.66666,0,100039,test
101.0,135.0,100.0,112.0,2.8674407,1.9465514,2.6666718,0,100039,test
111.0,154.0,101.0,122.0,38.8387,4.583854,20.333328,0,100039,test
59.0,68.0,73.0,66.666664,26.419685,4.685156,3.0,0,100039,test
109.0,133.0,99.0,113.666664,7.0867524,1.48001,6.9999847,0,100039,test
43.0,52.0,57.0,50.666668,12.86684,2.6063325,3.0,0,100039,test
123.0,129.0,101.0,117.666664,96.94213,12.128744,30.33332,0,100039,test
28.0,39.0,41.0,36.0,44.36465,6.974581,21.333336,0,100039,test
127.0,160.0,153.0,146.66667,42.081917,4.335086,1.6666565,0,100039,test
122.0,116.0,118.0,118.666664,68.51601,22.503038,183.66669,0,100039,test
88.0,114.0,103.0,101.666664,25.002209,3.3473988,4.6666718,0,100039,test
221.0,253.0,250.0,241.33333,19.241165,3.2923918,5.0,0,100039,test
218.0,159.0,119.0,165.33333,75.96781,9.116542,13.000015,0,100039,test
118.0,149.0,105.0,124.0,96.8722,9.903243,0.6666641,0,100039,test
93.0,118.0,79.0,96.666664,8.602315,3.3848236,18.000008,0,100039,test
57.0,73.0,62.0,64.0,150.16805,16.376,20.666672,0,100039,test
137.0,173.0,195.0,168.33333,313.89246,32.91217,33.333313,0,100039,test
54.0,66.0,62.0,60.666668,54.495667,6.5886383,8.999992,0,100039,test
167.0,165.0,127.0,153.0,58.600315,6.4051065,14.0,0,100039,test
99.0,126.0,95.0,106.666664,77.33621,8.039697,18.999992,0,100039,test
255.0,253.0,255.0,254.33333,1.9436681,0.35903516,0.33335876,0,100039,test
100.0,122.0,84.0,102.0,146.09738,15.321235,6.3333435,0,100039,test
124.0,128.0,111.0,121.0,211.81387,22.196148,0.3333435,0,100039,test
121.0,118.0,99.0,112.666664,36.080154,4.2449417,13.6666565,0,100039,test
71.0,71.0,69.0,70.333336,59.241516,6.740517,14.000004,0,100039,test
95.0,128.0,85.0,102.666664,76.077446,7.7837596,12.666679,0,100039,test
37.0,46.0,51.0,44.666668,8.485281,2.0,8.0,0,100039,test
104.0,133.0,102.0,113.0,11.41149,3.4928777,15.666672,0,100039,test
90.0,117.0,100.0,102.333336,27.455011,5.1255717,10.333321,0,100039,test
206.0,250.0,251.0,235.66667,160.82564,17.831787,51.000015,0,100039,test
248.0,255.0,254.0,252.33333,18.360565,2.024267,2.3333282,0,100039,test
167.0,152.0,155.0,158.0,67.21278,11.349473,36.66667,0,100039,test
135.0,169.0,134.0,146.0,190.683,19.522673,20.333336,0,100039,test
132.0,162.0,110.0,134.66667,119.1311,14.014153,19.66668,0,100039,test
43.0,48.0,51.0,47.333332,11.642832,2.818743,10.666668,0,100039,test
254.0,254.0,252.0,253.33333,2.3570168,0.807678,4.6667023,0,100039,test
162.0,156.0,158.0,158.66667,295.39313,32.975754,14.0000305,0,100039,test
103.0,102.0,97.0,100.666664,81.55843,12.664503,46.33333,0,100039,test
132.0,172.0,119.0,141.0,82.159744,8.628057,2.6666718,0,100039,test
100.0,131.0,123.0,118.0,94.8039,9.867185,8.0,0,100039,test
75.0,98.0,80.0,84.333336,181.70366,20.670523,31.666676,0,100039,test
114.0,151.0,107.0,124.0,18.043146,4.7524667,14.333328,0,100039,test
102.0,139.0,95.0,112.0,40.718548,4.899179,0.66667175,0,100039,test
120.0,145.0,113.0,126.0,55.657692,10.596976,37.333336,0,100039,test
125.0,118.0,102.0,115.0,69.35419,17.598385,51.333344,0,100039,test
72.0,83.0,87.0,80.666664,88.51993,10.952222,21.333324,0,100039,test
144.0,144.0,132.0,140.0,55.41159,19.744362,45.33333,0,100039,test
231.0,232.0,224.0,229.0,113.012314,12.265456,11.0,0,100039,test
100.0,131.0,90.0,107.0,77.88453,7.6820993,1.6666641,0,100039,test
173.0,181.0,130.0,161.33333,15.691488,1.9344734,1.5258789e-05,0,100039,test
64.0,99.0,57.0,73.333336,34.31876,5.1983604,22.666664,0,100039,test
145.0,129.0,129.0,134.33333,44.03284,18.881983,20.000015,0,100039,test
101.0,144.0,91.0,112.0,61.204575,6.2736273,3.0,0,100039,test
146.0,121.0,116.0,127.666664,116.98526,38.957134,184.00002,0,100039,test
78.0,83.0,86.0,82.333336,128.44453,20.29776,75.0,0,100039,test
109.0,147.0,100.0,118.666664,38.160473,5.5037274,7.3333435,0,100039,test
49.0,57.0,60.0,55.333332,14.522014,3.899995,13.0,0,100039,test
127.0,154.0,109.0,130.0,29.044027,4.422289,7.0000153,0,100039,test
120.0,97.0,89.0,102.0,95.58826,12.031858,6.333336,0,100039,test
41.0,49.0,51.0,47.0,114.36588,19.506315,82.0,0,100039,test
44.0,49.0,52.0,48.333332,49.188976,7.7491493,39.333336,0,100039,test
84.0,108.0,84.0,92.0,161.77486,25.257908,79.33333,0,100039,test
154.0,176.0,129.0,153.0,192.73526,23.441957,77.00001,0,100039,test
206.0,194.0,198.0,199.33333,450.80472,51.183056,69.33332,0,100039,test
167.0,173.0,145.0,161.66667,78.876854,18.44608,69.33334,0,100039,test
88.0,118.0,94.0,100.0,44.28444,4.6739388,4.3333435,0,100039,test
29.0,40.0,46.0,38.333332,94.29269,9.84698,10.333338,0,100039,test
54.0,65.0,69.0,62.666668,29.154749,3.9157386,3.9999886,0,100039,test
222.0,214.0,211.0,215.66667,47.723717,36.988094,259.6667,0,100039,test
151.0,165.0,132.0,149.33333,94.201935,12.778308,4.666641,0,100039,test
115.0,137.0,101.0,117.666664,60.44465,6.185211,0.6666641,0,100039,test
121.0,150.0,92.0,121.0,7.378637,6.5660706,40.000008,0,100039,test
107.0,142.0,100.0,116.333336,60.670338,6.518678,5.0000076,0,100039,test
101.0,138.0,94.0,111.0,42.274246,5.0990195,10.666664,0,100039,test
68.0,102.0,69.0,79.666664,26.352306,2.8536057,2.6666565,0,100039,test
96.0,130.0,106.0,110.666664,143.26353,16.367544,11.666679,0,100039,test
168.0,214.0,188.0,190.0,224.11952,25.04956,22.999985,0,100039,test
174.0,174.0,136.0,161.33333,54.016476,7.6867375,8.9999695,0,100039,test
80.0,115.0,85.0,93.333336,38.758514,4.0422573,2.6666718,0,100039,test
89.0,93.0,94.0,92.0,138.70271,22.024113,56.666664,0,100039,test
105.0,126.0,85.0,105.333336,99.71069,10.41338,21.999992,0,100039,test
32.0,38.0,50.0,40.0,9.843217,1.7575868,0.0,0,100039,test
31.0,52.0,45.0,42.666668,54.268883,10.550046,20.333332,0,100039,test
104.0,134.0,100.0,112.666664,48.104042,5.1474357,11.666672,0,100039,test
62.0,74.0,72.0,69.333336,41.228355,4.740173,6.3333435,0,100039,test
87.0,98.0,92.0,92.333336,130.28004,18.709671,3.0000114,0,100039,test
147.0,185.0,138.0,156.66667,280.74582,38.13271,101.33336,0,100039,test
199.0,174.0,169.0,180.66667,323.6476,46.212444,11.0000305,0,100039,test
225.0,255.0,249.0,243.0,59.076237,6.3288774,7.6666565,0,100039,test
103.0,119.0,108.0,110.0,17.613125,3.8746219,17.999992,0,100039,test
71.0,80.0,87.0,79.333336,38.078865,4.8533673,14.0,0,100039,test
139.0,152.0,124.0,138.33333,109.35162,10.959085,16.333313,0,100039,test
157.0,166.0,119.0,147.33333,82.302986,8.815159,2.6666412,0,100039,test
86.0,125.0,80.0,97.0,126.87878,13.32218,20.0,0,100039,test
99.0,117.0,101.0,105.666664,48.94668,12.926626,46.33333,0,100039,test
126.0,155.0,109.0,130.0,20.005554,3.5862694,4.3333282,0,100039,test
92.0,59.0,42.0,64.333336,139.89839,18.72132,68.66666,0,100039,test
160.0,146.0,135.0,147.0,512.6597,53.706814,27.666664,0,100039,test
82.0,120.0,79.0,93.666664,22.070587,3.066961,9.999992,0,100039,test
74.0,93.0,74.0,80.333336,113.600685,13.282721,16.666656,0,100039,test
124.0,148.0,135.0,135.66667,11.822747,5.7314577,55.000023,0,100039,test
112.0,145.0,92.0,116.333336,208.74916,23.903166,38.333313,0,100039,test
112.0,143.0,99.0,118.0,122.26203,13.9577,6.0,0,100039,test
52.0,63.0,69.0,61.333332,13.72751,3.0225794,4.3333435,0,100039,test
107.0,140.0,93.0,113.333336,49.05553,5.182509,9.999992,0,100039,test
159.0,180.0,124.0,154.33333,62.590363,7.842941,6.9999847,0,100039,test
100.0,117.0,83.0,100.0,42.089848,5.8740025,0.66667175,0,100039,test
118.0,126.0,102.0,115.333336,78.29572,9.962919,1.3333282,0,100039,test
167.0,199.0,158.0,174.66667,181.75685,19.812105,22.666641,0,100039,test
46.0,50.0,51.0,49.0,21.108192,4.058201,10.666668,0,100039,test
121.0,152.0,110.0,127.666664,55.071682,5.4999113,5.3333206,0,100039,test
75.0,101.0,66.0,80.666664,158.33368,16.89108,21.333351,0,100039,test
123.0,147.0,113.0,127.666664,65.66245,14.861305,32.999992,0,100039,test
109.0,147.0,108.0,121.333336,44.733776,7.216247,8.666649,0,100039,test
151.0,177.0,166.0,164.66667,311.2027,32.07669,24.666656,0,100039,test
105.0,135.0,109.0,116.333336,33.43982,5.156345,21.999985,0,100039,test
19.0,32.0,40.0,30.333334,16.552946,3.0550373,14.999992,0,100039,test
149.0,152.0,133.0,144.66667,124.8003,14.129217,28.333359,0,100039,test
188.0,164.0,154.0,168.66667,165.02795,40.198288,81.33331,0,100039,test
95.0,117.0,94.0,102.0,30.48131,3.1262498,4.3333282,1,100099,test
117.0,117.0,93.0,109.0,65.26697,6.857862,6.3333282,1,100099,test
114.0,146.0,145.0,135.0,91.86703,9.341921,0.33332062,1,100099,test
92.0,120.0,121.0,111.0,29.3674,3.0183358,2.6666641,1,100099,test
118.0,111.0,67.0,98.666664,41.419277,5.867765,19.000015,1,100099,test
114.0,149.0,153.0,138.66667,81.3019,8.271751,0.33335114,1,100099,test
101.0,144.0,178.0,141.0,153.92493,17.237484,9.333336,1,100099,test
139.0,132.0,88.0,119.666664,112.50087,12.609133,13.3333435,1,100099,test
96.0,97.0,57.0,83.333336,182.01894,21.953075,90.666664,1,100099,test
116.0,116.0,78.0,103.333336,91.13726,13.378651,36.0,1,100099,test
85.0,93.0,69.0,82.333336,94.506905,9.778379,4.6666718,1,100099,test
94.0,122.0,125.0,113.666664,27.848808,2.9375,4.9999924,1,100099,test
85.0,116.0,101.0,100.666664,42.190056,4.807424,10.666672,1,100099,test
148.0,145.0,104.0,132.33333,30.40469,19.24376,52.666656,1,100099,test
117.0,113.0,78.0,102.666664,14.212681,1.9816048,6.9999924,1,100099,test
123.0,115.0,76.0,104.666664,18.306036,2.0184693,3.3333282,1,100099,test
93.0,88.0,69.0,83.333336,58.585175,7.980598,2.6666794,1,100099,test
104.0,129.0,134.0,122.333336,52.283432,5.433817,4.3333282,1,100099,test
109.0,153.0,188.0,150.0,67.1135,6.764019,0.666687,1,100099,test
109.0,145.0,167.0,140.33333,75.56157,7.660139,1.6666412,1,100099,test
108.0,149.0,171.0,142.66667,63.883564,6.5328197,0.33332825,1,100099,test
129.0,175.0,190.0,164.66667,40.672123,4.1713777,4.666687,1,100099,test
121.0,154.0,173.0,149.33333,73.52851,8.0816145,1.3333282,1,100099,test
88.0,121.0,140.0,116.333336,219.19904,22.724745,6.6666565,1,100099,test
109.0,106.0,73.0,96.0,19.41362,2.4968731,2.9999924,1,100099,test
109.0,103.0,71.0,94.333336,111.30038,11.60217,24.999992,1,100099,test
106.0,132.0,119.0,119.0,42.80447,4.3376756,1.0,1,100099,test
95.0,109.0,110.0,104.666664,24.608036,2.7039828,3.6666489,1,100099,test
93.0,117.0,104.0,104.666664,40.0,4.203793,1.3333359,1,100099,test
67.0,66.0,48.0,60.333332,206.29482,23.736603,68.00001,1,100099,test
95.0,124.0,128.0,115.666664,29.001923,2.9499404,7.6293945e-06,1,100099,test
120.0,115.0,73.0,102.666664,24.608025,2.935671,10.333328,1,100099,test
124.0,133.0,86.0,114.333336,154.62138,17.983826,7.3333435,1,100099,test
126.0,116.0,80.0,107.333336,105.848946,12.056588,23.333328,1,100099,test
114.0,162.0,185.0,153.66667,33.61548,6.881247,14.666702,1,100099,test
64.0,57.0,38.0,53.0,135.87085,18.657494,68.33333,1,100099,test
93.0,113.0,102.0,102.666664,47.408386,4.8646727,1.3333359,1,100099,test
92.0,106.0,93.0,97.0,44.005043,4.421516,1.6666641,1,100099,test
117.0,111.0,75.0,101.0,23.44732,2.8203018,5.666664,1,100099,test
117.0,119.0,80.0,105.333336,117.18267,12.025689,20.333344,1,100099,test
113.0,142.0,156.0,137.0,61.2989,6.7550616,14.666672,1,100099,test
133.0,128.0,96.0,119.0,94.07562,9.545737,24.0,1,100099,test
92.0,74.0,50.0,72.0,30.825678,4.8705406,29.333328,1,100099,test
120.0,111.0,70.0,100.333336,46.82117,8.448893,15.666664,1,100099,test
89.0,107.0,109.0,101.666664,48.002304,4.8305264,3.0000076,1,100099,test
105.0,102.0,67.0,91.333336,26.69997,4.0566063,6.6666718,1,100099,test
92.0,123.0,118.0,111.0,45.374996,4.6826015,0.0,1,100099,test
92.0,141.0,173.0,135.33333,59.756924,6.1466455,1.9999771,1,100099,test
101.0,133.0,144.0,126.0,222.97087,25.90951,32.33333,1,100099,test
100.0,84.0,50.0,78.0,129.71936,20.937897,79.333336,1,100099,test
120.0,117.0,74.0,103.666664,19.737158,2.0124125,1.5258789e-05,1,100099,test
104.0,165.0,209.0,159.33333,48.59127,4.9491553,3.3332977,1,100099,test
117.0,109.0,70.0,98.666664,41.67599,6.2764287,0.6666565,1,100099,test
86.0,115.0,119.0,106.666664,36.881195,3.7793126,0.33332825,1,100099,test
131.0,119.0,79.0,109.666664,34.89667,6.3341985,7.3333206,1,100099,test
95.0,120.0,127.0,114.0,48.937603,5.049849,1.6666641,1,100099,test
104.0,99.0,67.0,90.0,127.36738,13.068778,3.3333359,1,100099,test
111.0,110.0,79.0,100.0,64.55316,7.558496,10.333336,1,100099,test
131.0,137.0,93.0,120.333336,16.20015,2.1141727,2.6666718,1,100099,test
102.0,127.0,134.0,121.0,343.52325,35.440105,57.000008,1,100099,test
95.0,107.0,103.0,101.666664,66.69665,6.89684,1.0000076,1,100099,test
93.0,118.0,114.0,108.333336,32.31099,3.343458,2.3333511,1,100099,test
145.0,133.0,91.0,123.0,330.77484,35.206726,61.000015,1,100099,test
116.0,113.0,78.0,102.333336,35.039654,4.5941753,13.333328,1,100099,test
99.0,98.0,68.0,88.333336,75.81264,10.046765,31.666656,1,100099,test
101.0,133.0,144.0,126.0,92.02053,9.407755,2.0000076,1,100099,test
107.0,143.0,167.0,139.0,93.21184,13.03376,21.666672,1,100099,test
102.0,146.0,171.0,139.66667,70.906815,7.5684376,12.333298,1,100099,test
59.0,57.0,45.0,53.666668,168.84245,19.910788,2.6666718,1,100099,test
105.0,131.0,120.0,118.666664,34.673065,3.5594833,1.6666641,1,100099,test
92.0,111.0,117.0,106.666664,36.055515,3.817108,0.6666565,1,100099,test
69.0,71.0,34.0,58.0,398.42188,42.987495,111.666664,1,100099,test
125.0,122.0,81.0,109.333336,54.03292,7.0851407,16.000015,1,100099,test
119.0,112.0,68.0,99.666664,40.055534,5.121855,21.333328,1,100099,test
124.0,129.0,88.0,113.666664,22.395443,2.4246457,3.0000076,1,100099,test
90.0,95.0,88.0,91.0,102.68615,10.931873,11.999992,1,100099,test
94.0,115.0,106.0,105.0,41.41926,4.1980977,1.0,1,100099,test
139.0,134.0,104.0,125.666664,14.802407,19.939434,106.666664,1,100099,test
120.0,152.0,173.0,148.33333,171.41632,20.010885,28.666634,1,100099,test
80.0,110.0,118.0,102.666664,121.68906,16.76253,63.33335,1,100099,test
111.0,103.0,64.0,92.666664,84.7611,12.606073,24.333344,1,100099,test
86.0,79.0,69.0,78.0,94.28091,9.641397,2.9999924,1,100099,test
136.0,131.0,93.0,120.0,150.50287,15.595754,0.33332062,1,100099,test
97.0,101.0,87.0,95.0,130.57991,13.197419,3.6666641,1,100099,test
101.0,148.0,168.0,139.0,54.670746,5.6145735,5.6666718,1,100099,test
129.0,127.0,89.0,115.0,39.84692,4.7687745,14.666664,1,100099,test
121.0,120.0,89.0,110.0,94.58446,11.222927,20.666664,1,100099,test
112.0,110.0,72.0,98.0,61.645943,6.17233,7.6293945e-06,1,100099,test
104.0,153.0,183.0,146.66667,93.61507,9.5734215,1.0000153,1,100099,test
137.0,135.0,96.0,122.666664,53.84957,7.3819485,15.333328,1,100099,test
106.0,150.0,177.0,144.33333,92.40613,9.630781,1.0000153,1,100099,test
95.0,135.0,160.0,130.0,156.08046,18.2169,4.6666565,1,100099,test
123.0,121.0,96.0,113.333336,116.758064,13.865706,25.66668,1,100099,test
111.0,95.0,59.0,88.333336,66.33584,11.085649,60.666664,1,100099,test
132.0,164.0,179.0,158.33333,40.535343,9.7814,15.333313,1,100099,test
103.0,100.0,65.0,89.333336,37.35713,3.8887734,7.3333282,1,100099,test
139.0,131.0,92.0,120.666664,109.812965,11.899933,6.6666718,1,100099,test
93.0,117.0,127.0,112.333336,22.28104,2.5326,5.3333435,1,100099,test
99.0,96.0,63.0,86.0,55.226814,5.669916,10.0,1,100099,test
119.0,107.0,67.0,97.666664,13.6788645,10.433195,29.333344,1,100099,test
104.0,87.0,57.0,82.666664,25.095379,8.052016,39.333336,1,100099,test
117.0,113.0,86.0,105.333336,117.51597,17.11573,20.000008,1,100099,test
106.0,132.0,119.0,119.0,43.64758,4.4168754,4.6666565,1,100099,test
104.0,138.0,140.0,127.333336,44.0328,4.5187325,0.33332825,1,100099,test
126.0,124.0,86.0,112.0,66.164764,7.297929,2.6666641,1,100099,test
180.0,168.0,128.0,158.66667,338.13937,36.2671,78.66669,1,100099,test
96.0,101.0,69.0,88.666664,35.00158,3.7835736,3.6666718,1,100099,test
102.0,99.0,68.0,89.666664,56.852646,6.0941505,2.0000076,1,100099,test
80.0,112.0,123.0,105.0,28.007929,2.807113,2.0,1,100099,test
95.0,94.0,66.0,85.0,258.77405,30.592936,17.333332,1,100099,test
145.0,142.0,101.0,129.33333,14.015872,17.45474,26.999985,1,100099,test
96.0,126.0,136.0,119.333336,25.668829,2.7115567,1.3333435,1,100099,test
92.0,130.0,139.0,120.333336,51.56441,5.3442984,2.9999924,1,100099,test
94.0,94.0,68.0,85.333336,48.074013,6.645274,6.666664,1,100099,test
111.0,168.0,211.0,163.33333,65.513374,6.780602,5.9999847,1,100099,test
89.0,122.0,137.0,116.0,43.461346,4.430783,1.6666641,1,100099,test
98.0,98.0,60.0,85.333336,24.517572,5.509048,25.666664,1,100099,test
115.0,111.0,86.0,104.0,232.57019,23.027327,0.66667175,1,100099,test
114.0,113.0,82.0,103.0,152.27533,15.177948,7.666664,1,100099,test
105.0,122.0,106.0,111.0,35.330193,3.5940218,7.6293945e-06,1,100099,test
158.0,159.0,102.0,139.66667,48.29998,5.3379903,7.0,0,100099,test
120.0,107.0,72.0,99.666664,74.57733,8.283255,22.666672,0,100099,test
112.0,104.0,68.0,94.666664,259.42242,26.913418,15.000008,0,100099,test
140.0,142.0,95.0,125.666664,25.342093,2.671281,3.9999924,0,100099,test
91.0,162.0,216.0,156.33333,7.615773,1.0661701,3.0,0,100099,test
137.0,141.0,91.0,123.0,63.380657,10.428701,43.999992,0,100099,test
136.0,152.0,103.0,130.33333,19.607244,7.8849144,56.333305,0,100099,test
158.0,163.0,107.0,142.66667,56.356007,5.7430325,4.333313,0,100099,test
73.0,75.0,61.0,69.666664,32.866734,4.560841,10.3333435,0,100099,test
133.0,141.0,94.0,122.666664,59.933308,6.2987165,6.9999924,0,100099,test
104.0,107.0,76.0,95.666664,19.43651,2.4917834,1.3333282,0,100099,test
77.0,148.0,200.0,141.66667,21.587032,2.7264616,6.0,0,100099,test
153.0,129.0,81.0,121.0,72.498276,13.719355,67.0,0,100099,test
151.0,161.0,108.0,140.0,8.013889,1.9319477,5.3333282,0,100099,test
119.0,112.0,84.0,105.0,38.369556,4.8196983,24.666672,0,100099,test
107.0,107.0,73.0,95.666664,42.544106,4.5118117,4.3333282,0,100099,test
118.0,145.0,90.0,117.666664,31.016125,3.4029515,10.0,0,100099,test
140.0,143.0,96.0,126.333336,36.51789,3.881421,0.3333435,0,100099,test
168.0,168.0,118.0,151.33333,13.87246,1.8301938,11.6666565,0,100099,test
29.0,43.0,28.0,33.333332,14.73469,1.6178101,4.999996,0,100099,test
103.0,104.0,70.0,92.333336,29.702229,3.1574874,0.6666794,0,100099,test
109.0,106.0,73.0,96.0,34.318764,3.5105867,7.6293945e-06,0,100099,test
96.0,93.0,62.0,83.666664,13.038404,1.4143862,3.0,0,100099,test
84.0,77.0,51.0,70.666664,7.3635917,0.8025229,0.33332825,0,100099,test
133.0,149.0,100.0,127.333336,17.60051,1.943539,0.6666565,0,100099,test
64.0,131.0,176.0,123.666664,23.218779,4.175122,14.3333435,0,100099,test
69.0,60.0,45.0,58.0,92.13034,13.398708,21.333332,0,100099,test
96.0,97.0,65.0,86.0,7.2111025,0.9429529,3.0,0,100099,test
130.0,148.0,90.0,122.666664,4.9216113,0.5466517,2.0,0,100099,test
148.0,154.0,108.0,136.66667,9.988874,1.1549824,1.6666718,0,100099,test
115.0,112.0,77.0,101.333336,12.046197,1.2865742,1.6666641,0,100099,test
105.0,155.0,182.0,147.33333,60.059246,6.5481987,9.3333435,0,100099,test
81.0,77.0,52.0,70.0,34.104416,3.4569762,2.3333359,0,100099,test
116.0,118.0,78.0,104.0,11.035293,1.256623,0.33333588,0,100099,test
133.0,147.0,94.0,124.666664,47.029533,5.1376557,1.9999924,0,100099,test
124.0,124.0,86.0,111.333336,27.828842,3.1653643,10.333336,0,100099,test
94.0,111.0,92.0,99.0,32.069386,3.3064508,0.6666641,0,100099,test
140.0,139.0,95.0,124.666664,27.8488,2.8282545,0.9999924,0,100099,test
90.0,166.0,226.0,160.66667,16.034655,1.7001839,1.6666565,0,100099,test
128.0,130.0,90.0,116.0,12.692956,1.4069443,1.6666718,0,100099,test
130.0,132.0,83.0,115.0,44.944424,4.6587663,8.666664,0,100099,test
104.0,101.0,68.0,91.0,19.194902,2.1659653,0.6666641,0,100099,test
161.0,164.0,111.0,145.33333,50.651306,6.072479,10.3333435,0,100099,test
98.0,128.0,78.0,101.333336,0.0,0.0,0.0,0,100099,test
107.0,174.0,229.0,170.0,1.9436471,0.416927,0.33332825,0,100099,test
93.0,93.0,67.0,84.333336,12.727911,1.306534,3.0000076,0,100099,test
106.0,106.0,68.0,93.333336,5.8309493,0.88553923,2.3333282,0,100099,test
180.0,174.0,122.0,158.66667,15.441631,1.9034303,1.5258789e-05,0,100099,test
132.0,133.0,89.0,118.0,9.104335,1.0707401,1.0,0,100099,test
73.0,143.0,192.0,136.0,37.276737,3.9424572,4.3333282,0,100099,test
107.0,168.0,213.0,162.66667,34.80104,3.5638704,3.0517578e-05,0,100099,test
89.0,162.0,215.0,155.33333,7.6739025,0.89704376,1.0,0,100099,test
106.0,177.0,233.0,172.0,2.5386004,0.72213876,0.6666565,0,100099,test
163.0,169.0,121.0,151.0,16.445196,5.8877854,41.33333,0,100099,test
141.0,125.0,91.0,119.0,112.93755,18.94142,85.33333,0,100099,test
96.0,89.0,60.0,81.666664,13.928389,1.571381,2.0,0,100099,test
93.0,83.0,56.0,77.333336,75.70264,8.694298,17.333328,0,100099,test
82.0,78.0,51.0,70.333336,41.531784,4.2449417,1.0,0,100099,test
112.0,129.0,85.0,108.666664,12.400705,1.6998966,5.3333282,0,100099,test
129.0,145.0,98.0,124.0,7.2111025,0.94269395,0.0,0,100099,test
39.0,49.0,25.0,37.666668,96.338524,12.529477,27.666664,0,100099,test
73.0,66.0,47.0,62.0,66.03872,7.4294534,29.000004,0,100099,test
98.0,112.0,77.0,95.666664,51.033756,5.4750857,7.333336,0,100099,test
149.0,154.0,100.0,134.33333,55.337345,6.0021157,10.3333435,0,100099,test
86.0,158.0,206.0,150.0,47.450554,4.998828,1.9999847,0,100099,test
134.0,121.0,89.0,114.666664,32.128216,3.958032,4.6666718,0,100099,test
109.0,136.0,85.0,110.0,3.8005843,0.67531824,0.33333588,0,100099,test
117.0,143.0,82.0,114.0,30.64129,4.4083548,1.6666718,0,100099,test
158.0,160.0,110.0,142.66667,21.296856,2.284886,2.0,0,100099,test
95.0,157.0,194.0,148.66667,29.367392,3.7481766,26.333313,0,100099,test
87.0,151.0,195.0,144.33333,10.466892,1.0761985,0.33335876,0,100099,test
95.0,167.0,225.0,162.33333,4.055178,1.0307764,2.3333282,0,100099,test
100.0,169.0,224.0,164.33333,10.770329,1.2468711,1.0,0,100099,test
75.0,146.0,198.0,139.66667,9.910706,1.2808689,6.0,0,100099,test
74.0,139.0,181.0,131.33333,22.01013,2.2904353,0.99998474,0,100099,test
91.0,85.0,59.0,78.333336,24.33561,2.6886806,1.0,0,100099,test
160.0,158.0,107.0,141.66667,16.282225,1.6630168,0.66667175,0,100099,test
75.0,63.0,47.0,61.666668,23.09882,4.325586,21.0,0,100099,test
117.0,136.0,132.0,128.33333,52.9675,6.1210127,18.333351,0,100099,test
100.0,164.0,210.0,158.0,38.48231,3.9973135,2.6666718,0,100099,test
97.0,92.0,63.0,84.0,20.30872,2.4545677,7.333336,0,100099,test
120.0,125.0,85.0,110.0,46.571323,4.7300158,6.6666718,0,100099,test
107.0,134.0,83.0,108.0,4.2163734,0.49706167,2.6666641,0,100099,test
108.0,104.0,69.0,93.666664,3.4318926,0.44743192,2.9999924,0,100099,test
149.0,157.0,106.0,137.33333,34.00652,8.432754,33.66665,0,100099,test
132.0,150.0,98.0,126.666664,19.686424,2.0890806,1.0000076,0,100099,test
151.0,160.0,107.0,139.33333,104.78551,10.666738,4.000023,0,100099,test
84.0,100.0,73.0,85.666664,26.386034,2.7446682,0.6666565,0,100099,test
134.0,114.0,77.0,108.333336,43.107098,13.544631,41.999985,0,100099,test
158.0,158.0,108.0,141.33333,12.119765,1.3154728,1.0,0,100099,test
105.0,175.0,234.0,171.33333,8.602325,0.95504415,2.0,0,100099,test
119.0,132.0,89.0,113.333336,10.077464,1.3147303,0.6666794,0,100099,test
113.0,162.0,194.0,156.33333,2.1081626,1.2585644,6.0000153,0,100099,test
138.0,137.0,93.0,122.666664,52.919247,5.586675,0.6666565,0,100099,test
78.0,148.0,197.0,141.0,44.284454,4.6584516,5.3333282,0,100099,test
79.0,146.0,191.0,138.66667,24.13392,2.5674496,5.3333435,0,100099,test
145.0,148.0,95.0,129.33333,37.15434,3.9218438,5.3333435,0,100099,test
114.0,108.0,74.0,98.666664,12.736649,1.3191794,3.0,0,100099,test
130.0,142.0,96.0,122.666664,12.238378,1.3309712,0.9999924,0,100099,test
166.0,163.0,112.0,147.0,10.994954,1.7771333,0.0,0,100099,test
145.0,153.0,102.0,133.33333,14.391351,1.4231622,0.66667175,0,100099,test
172.0,171.0,114.0,152.33333,16.200153,2.685319,3.0000305,0,100099,test
107.0,168.0,212.0,162.33333,40.425514,4.1645827,1.0000305,0,100099,test
159.0,168.0,115.0,147.33333,58.088066,6.7385607,6.0,0,100099,test
117.0,142.0,87.0,115.333336,0.0,0.0,0.0,0,100099,test
95.0,99.0,72.0,88.666664,20.35245,2.1486506,3.0000153,0,100099,test
107.0,163.0,198.0,156.0,53.082733,5.4160857,2.0000153,0,100099,test
62.0,125.0,166.0,117.666664,3.4318895,1.7978938,3.3333435,0,100099,test
113.0,111.0,73.0,99.0,3.6817915,0.7538961,2.0,0,100099,test
147.0,127.0,90.0,121.333336,51.798763,6.793264,21.666672,0,100099,test
58.0,55.0,46.0,53.0,9.718255,3.577852,15.666664,0,100099,test
157.0,145.0,105.0,135.66667,53.084854,8.324885,37.333344,0,100099,test
126.0,132.0,88.0,115.333336,51.863075,5.273015,3.9999847,0,100099,test
161.0,171.0,118.0,150.0,1.0540861,3.058671,9.666672,0,100099,test
100.0,163.0,207.0,156.66667,12.229298,1.5077922,1.333313,0,100099,test
95.0,166.0,220.0,160.33333,8.768622,1.0968705,2.0,0,100099,test
145.0,147.0,100.0,130.66667,25.29825,2.6294606,2.0000076,0,100099,test
142.0,155.0,101.0,132.66667,4.2426405,0.6281172,2.0,0,100099,test
142.0,145.0,98.0,128.33333,35.839127,3.6701126,0.6666565,0,100099,test
99.0,98.0,70.0,89.0,32.947758,3.577886,3.3333282,0,100099,test
160.0,180.0,213.0,184.33333,23.27136,4.594494,9.666687,1,10081,test
115.0,135.0,159.0,136.33333,25.298231,2.788789,7.666687,1,10081,test
154.0,150.0,125.0,143.0,547.6889,55.156418,10.6666565,1,10081,test
164.0,191.0,221.0,192.0,19.14274,6.0528274,2.0,1,10081,test
131.0,133.0,111.0,125.0,410.0542,44.28836,42.0,1,10081,test
159.0,160.0,142.0,153.66667,288.19745,34.689247,79.00002,1,10081,test
124.0,142.0,162.0,142.66667,4.921601,2.2430449,12.333298,1,10081,test
165.0,188.0,222.0,191.66667,71.94133,8.109119,29.999985,1,10081,test
87.0,82.0,44.0,71.0,98.48859,16.258772,16.333328,1,10081,test
86.0,81.0,43.0,70.0,141.70078,14.418785,13.66666,1,10081,test
166.0,179.0,195.0,180.0,159.38354,17.834635,44.0,1,10081,test
161.0,184.0,216.0,187.0,12.445428,1.4816587,0.66667175,1,10081,test
165.0,186.0,215.0,188.66667,25.179386,2.9567192,3.9999695,1,10081,test
100.0,96.0,51.0,82.333336,166.4405,16.9619,14.666676,1,10081,test
163.0,189.0,226.0,192.66667,2.5385804,1.5799031,4.6666718,1,10081,test
140.0,140.0,130.0,136.66667,27.018513,6.479083,45.333313,1,10081,test
56.0,38.0,0.0,31.333334,383.19037,43.29916,138.66666,1,10081,test
156.0,181.0,212.0,183.0,3.2998245,1.9931524,17.666672,1,10081,test
143.0,155.0,177.0,158.33333,29.71342,3.2394662,4.0000153,1,10081,test
215.0,180.0,50.0,148.33333,184.64862,22.450924,77.99998,1,10081,test
145.0,158.0,177.0,160.0,37.63273,6.1301,16.666656,1,10081,test
94.0,96.0,75.0,88.333336,525.27515,53.989937,9.99999,1,10081,test
60.0,60.0,34.0,51.333332,437.55734,47.131023,60.666664,1,10081,test
46.0,45.0,15.0,35.333332,131.49736,13.395332,0.33333778,1,10081,test
175.0,190.0,213.0,192.66667,38.005856,5.103614,7.666641,1,10081,test
152.0,153.0,139.0,148.0,134.40237,21.045153,42.333336,1,10081,test
162.0,188.0,221.0,190.33333,27.365828,2.9856427,6.666687,1,10081,test
125.0,128.0,109.0,120.666664,279.8301,28.238297,7.666664,1,10081,test
111.0,98.0,43.0,84.0,341.9958,39.74859,4.666668,1,10081,test
24.0,24.0,0.0,16.0,128.8039,16.283749,54.0,1,10081,test
163.0,164.0,146.0,157.66667,143.97067,20.621637,51.000015,1,10081,test
148.0,130.0,46.0,108.0,270.3249,26.99783,2.6666718,1,10081,test
31.0,31.0,5.0,22.333334,15.092305,2.6204853,15.000002,1,10081,test
44.0,42.0,17.0,34.333332,301.33627,36.629204,87.0,1,10081,test
193.0,209.0,225.0,209.0,82.662636,10.52007,14.666672,1,10081,test
172.0,197.0,228.0,199.0,183.19447,22.939161,74.66666,1,10081,test
154.0,167.0,184.0,168.33333,48.53407,10.935446,12.666641,1,10081,test
173.0,181.0,194.0,182.66667,412.25906,44.181843,60.33335,1,10081,test
164.0,178.0,207.0,183.0,39.877594,4.685416,15.6666565,1,10081,test
115.0,118.0,97.0,110.0,17.294828,2.6104507,18.666672,1,10081,test
97.0,100.0,79.0,92.0,79.30811,10.232025,15.666664,1,10081,test
166.0,190.0,226.0,194.0,16.499166,2.8811076,14.666672,1,10081,test
152.0,166.0,193.0,170.33333,38.66667,5.0782933,2.0000153,1,10081,test
109.0,130.0,151.0,130.0,13.308315,2.72216,9.3333435,1,10081,test
154.0,177.0,208.0,179.66667,250.55052,27.770264,32.66668,1,10081,test
125.0,126.0,110.0,120.333336,496.05664,51.42627,38.333344,1,10081,test
160.0,185.0,216.0,187.0,13.743689,1.5398356,3.0000153,1,10081,test
167.0,192.0,223.0,194.0,17.518286,2.5310571,11.666672,1,10081,test
153.0,166.0,182.0,167.0,273.50604,32.660988,78.333336,1,10081,test
122.0,129.0,145.0,132.0,151.39719,19.166622,53.33335,1,10081,test
163.0,182.0,214.0,186.33333,242.27167,27.254229,53.33333,1,10081,test
166.0,186.0,219.0,190.33333,18.196457,3.2052205,0.6666565,1,10081,test
179.0,194.0,215.0,196.0,129.83151,13.387698,11.3333435,1,10081,test
55.0,51.0,22.0,42.666668,35.418144,6.1403365,24.666668,1,10081,test
196.0,208.0,232.0,212.0,103.36557,10.275311,0.33332825,1,10081,test
162.0,166.0,143.0,157.0,225.73239,28.339235,113.66668,1,10081,test
171.0,196.0,227.0,198.0,7.615765,1.9754351,17.333328,1,10081,test
108.0,129.0,160.0,132.33333,4.0551734,0.7551904,1.333313,1,10081,test
162.0,189.0,219.0,190.0,18.336342,6.556843,4.0,1,10081,test
78.0,74.0,37.0,63.0,154.30992,16.066998,25.000004,1,10081,test
224.0,181.0,24.0,143.0,114.93961,16.941362,63.66667,1,10081,test
49.0,48.0,20.0,39.0,17.074999,4.22644,7.999996,1,10081,test
112.0,130.0,154.0,132.0,17.745096,2.3414571,5.0000076,1,10081,test
54.0,54.0,28.0,45.333332,243.1008,30.168674,70.66667,1,10081,test
154.0,180.0,207.0,180.33333,246.97682,26.774303,37.99997,1,10081,test
159.0,184.0,215.0,186.0,25.320183,3.197289,12.333328,1,10081,test
153.0,155.0,141.0,149.66667,64.99575,9.366454,30.66668,1,10081,test
122.0,133.0,139.0,131.33333,40.36774,5.1449685,13.666641,1,10081,test
79.0,74.0,34.0,62.333332,117.648254,12.755074,15.000008,1,10081,test
120.0,118.0,93.0,110.333336,478.87875,52.315758,169.33334,1,10081,test
99.0,101.0,54.0,84.666664,133.67041,13.812465,10.666679,1,10081,test
171.0,196.0,226.0,197.66667,7.6011605,2.0897818,14.000015,1,10081,test
47.0,47.0,21.0,38.333332,254.4991,30.038244,69.66667,1,10081,test
156.0,168.0,182.0,168.66667,120.47313,22.069359,40.33336,1,10081,test
162.0,171.0,178.0,170.33333,371.56543,45.70124,113.33332,1,10081,test
172.0,195.0,226.0,197.66667,13.703236,5.547029,3.9999847,1,10081,test
113.0,117.0,100.0,110.0,12.119765,1.3191794,1.3333282,1,10081,test
131.0,148.0,178.0,152.33333,272.09885,27.806705,19.000015,1,10081,test
163.0,192.0,222.0,192.33333,16.027746,2.2508678,12.3333435,1,10081,test
169.0,185.0,208.0,187.33333,65.81117,11.347494,33.000015,1,10081,test
163.0,183.0,216.0,187.33333,34.412495,5.010926,12.000015,1,10081,test
165.0,191.0,228.0,194.66667,3.4318926,0.85467464,1.3333282,1,10081,test
161.0,182.0,213.0,185.33333,80.670815,9.138368,21.333328,1,10081,test
149.0,162.0,171.0,160.66667,448.64236,47.47345,91.33336,1,10081,test
159.0,179.0,212.0,183.33333,12.238385,2.7343304,13.000015,1,10081,test
85.0,82.0,37.0,68.0,106.33386,13.646736,60.999992,1,10081,test
60.0,56.0,29.0,48.333332,67.60013,14.408623,45.333336,1,10081,test
169.0,193.0,217.0,193.0,22.55855,5.5625,1.3333282,1,10081,test
134.0,149.0,172.0,151.66667,10.9341345,2.348121,7.666641,1,10081,test
130.0,129.0,98.0,119.0,33.865757,5.7550926,29.333336,1,10081,test
153.0,150.0,119.0,140.66667,452.79404,48.532528,64.66669,1,10081,test
48.0,48.0,20.0,38.666668,129.47244,17.137634,39.66666,1,10081,test
118.0,117.0,96.0,110.333336,493.1867,50.84374,37.666687,1,10081,test
96.0,91.0,49.0,78.666664,148.03302,15.017779,3.6666794,1,10081,test
162.0,177.0,200.0,179.66667,45.966187,6.1599765,18.666641,1,10081,test
241.0,249.0,252.0,247.33333,331.22165,43.293377,124.66664,1,10081,test
107.0,90.0,20.0,72.333336,126.24227,18.576569,30.333317,1,10081,test
132.0,134.0,113.0,126.333336,334.282,40.567497,30.666683,1,10081,test
192.0,205.0,222.0,206.33333,333.34833,41.402584,122.99997,1,10081,test
167.0,167.0,143.0,159.0,357.93542,42.038822,109.333336,1,10081,test
117.0,115.0,76.0,102.666664,160.16798,16.969843,22.999992,1,10081,test
111.0,130.0,147.0,129.33333,38.005848,4.340939,7.3333054,1,10081,test
34.0,33.0,12.0,26.333334,184.42946,39.2768,149.0,1,10081,test
173.0,144.0,14.0,110.333336,126.87087,13.485235,21.000015,1,10081,test
117.0,120.0,101.0,112.666664,267.14624,27.658403,19.666664,1,10081,test
96.0,96.0,58.0,83.333336,18.48121,3.8397465,26.333344,1,10081,test
122.0,118.0,91.0,110.333336,5.9066787,2.116481,1.6666489,1,10081,test
114.0,135.0,156.0,135.0,19.804607,2.7933376,23.333336,1,10081,test
174.0,195.0,224.0,197.66667,56.5764,14.343171,7.3333435,1,10081,test
159.0,182.0,214.0,185.0,12.083018,1.5,5.3333435,1,10081,test
168.0,189.0,218.0,191.66667,18.979567,2.088847,3.333313,1,10081,test
163.0,161.0,140.0,154.66667,88.43578,18.792244,41.666687,1,10081,test
160.0,184.0,222.0,188.66667,10.338718,1.5687375,4.666687,1,10081,test
170.0,191.0,220.0,193.66667,10.338718,1.615356,0.9999695,1,10081,test
100.0,98.0,57.0,85.0,154.46324,17.629238,6.666664,1,10081,test
86.0,69.0,0.0,51.666668,7.133655,40.60229,160.99997,1,10081,test
77.0,75.0,50.0,67.333336,295.28143,32.098236,75.66666,1,10081,test
102.0,112.0,121.0,111.666664,369.9399,37.392803,7.3333397,1,10081,test
70.0,52.0,2.0,41.333332,32.693863,17.01561,50.66667,1,10081,test
166.0,189.0,223.0,192.66667,124.43385,16.989368,46.000015,1,10081,test
139.0,140.0,122.0,133.66667,144.01541,15.694781,33.666656,0,10081,test
67.0,63.0,34.0,54.666668,58.547237,6.0266743,0.6666641,0,10081,test
137.0,162.0,202.0,167.0,5.270446,0.8738832,0.66667175,0,10081,test
141.0,166.0,206.0,171.0,0.0,0.4122158,0.0,0,10081,test
161.0,190.0,222.0,191.0,12.806246,1.5712256,2.3333435,0,10081,test
171.0,172.0,176.0,173.0,232.67047,26.276548,50.333336,0,10081,test
163.0,189.0,222.0,191.33333,3.1622777,1.0661701,1.0,0,10081,test
136.0,140.0,126.0,134.0,92.11827,14.826075,26.666664,0,10081,test
145.0,153.0,155.0,151.0,19.002934,2.0310097,0.6666565,0,10081,test
130.0,137.0,130.0,132.33333,51.78806,5.470446,5.3333435,0,10081,test
144.0,147.0,130.0,140.33333,13.308308,3.990467,13.666687,0,10081,test
163.0,147.0,134.0,148.0,343.69916,36.775635,65.33334,0,10081,test
158.0,159.0,141.0,152.66667,19.692034,2.4338915,4.3333435,0,10081,test
162.0,188.0,223.0,191.0,4.472136,1.1973277,4.0,0,10081,test
150.0,151.0,133.0,144.66667,5.0771446,2.1999645,6.6666565,0,10081,test
155.0,156.0,142.0,151.0,17.029387,2.5383773,5.0,0,10081,test
162.0,188.0,221.0,190.33333,7.071068,1.1353688,1.0,0,10081,test
47.0,37.0,10.0,31.333334,17.919577,9.180555,11.666664,0,10081,test
126.0,119.0,101.0,115.333336,318.25214,33.779644,49.666676,0,10081,test
143.0,149.0,145.0,145.66667,17.788895,2.1659653,0.33337402,0,10081,test
61.0,47.0,20.0,42.666668,249.996,33.95825,92.99999,0,10081,test
164.0,190.0,223.0,192.33333,9.486833,1.1989579,3.0,0,10081,test
158.0,169.0,189.0,172.0,34.92849,5.510466,19.666656,0,10081,test
160.0,163.0,146.0,156.33333,17.333313,2.8603568,6.6666565,0,10081,test
192.0,202.0,204.0,199.33333,155.38054,16.29501,16.666656,0,10081,test
163.0,166.0,149.0,159.33333,6.0,2.2167685,11.0,0,10081,test
139.0,165.0,202.0,168.66667,4.216364,0.78436875,0.66667175,0,10081,test
162.0,163.0,147.0,157.33333,36.347134,4.6774893,14.6666565,0,10081,test
190.0,199.0,206.0,198.33333,22.395443,4.605533,19.0,0,10081,test
170.0,179.0,176.0,175.0,47.760986,5.232859,3.6666718,0,10081,test
67.0,65.0,40.0,57.333332,28.031723,3.0550373,0.66666794,0,10081,test
133.0,139.0,137.0,136.33333,36.45697,3.7762105,2.666687,0,10081,test
167.0,169.0,148.0,161.33333,8.856925,4.365615,22.666656,0,10081,test
96.0,100.0,75.0,90.333336,27.313,3.0833158,7.0,0,10081,test
95.0,98.0,67.0,86.666664,8.6666565,2.0971289,7.6666718,0,10081,test
25.0,20.0,0.0,15.0,46.85913,5.038127,14.333335,0,10081,test
127.0,132.0,126.0,128.33333,186.33899,20.162863,39.000015,0,10081,test
161.0,187.0,222.0,190.0,5.8309517,0.631219,1.0,0,10081,test
144.0,151.0,144.0,146.33333,17.66982,2.3200889,9.999985,0,10081,test
156.0,182.0,217.0,185.0,4.472136,0.8315084,2.0,0,10081,test
138.0,163.0,203.0,168.0,3.1622777,0.4145781,1.0,0,10081,test
136.0,162.0,199.0,165.66667,10.0,1.0317234,3.0,0,10081,test
84.0,89.0,83.0,85.333336,282.1544,35.852577,50.33333,0,10081,test
156.0,182.0,217.0,185.0,5.8309517,0.6673174,3.0,0,10081,test
119.0,88.0,70.0,92.333336,363.778,42.61657,79.33332,0,10081,test
125.0,89.0,65.0,93.0,57.944427,8.184219,29.666664,0,10081,test
157.0,183.0,216.0,185.33333,12.165525,1.7070625,6.0,0,10081,test
147.0,172.0,212.0,177.0,5.0990195,0.5642334,0.0,0,10081,test
253.0,255.0,254.0,254.0,8.069154,1.0135797,2.3333282,0,10081,test
150.0,151.0,133.0,144.66667,47.518417,5.116227,4.0,0,10081,test
99.0,106.0,90.0,98.333336,15.733907,1.8442795,2.3333282,0,10081,test
157.0,158.0,142.0,152.33333,137.39156,14.491848,26.666649,0,10081,test
133.0,107.0,0.0,80.0,9.545209,0.94269395,1.3333282,0,10081,test
155.0,156.0,140.0,150.33333,34.286373,3.9938917,8.0000305,0,10081,test
149.0,149.0,125.0,141.0,23.409399,2.3456242,3.0,0,10081,test
173.0,179.0,177.0,176.33333,393.08832,41.203407,49.66664,0,10081,test
110.0,125.0,148.0,127.666664,58.214127,10.887385,39.000015,0,10081,test
151.0,177.0,212.0,180.0,6.3245554,0.8160978,2.0,0,10081,test
77.0,76.0,45.0,66.0,103.6447,10.8204,31.333336,0,10081,test
164.0,190.0,223.0,192.33333,10.0,1.0551214,0.0,0,10081,test
38.0,31.0,2.0,23.666666,86.44201,10.713373,9.000002,0,10081,test
150.0,176.0,211.0,179.0,10.29563,1.2271346,2.0,0,10081,test
67.0,63.0,34.0,54.666668,31.622776,3.4995465,3.0,0,10081,test
164.0,189.0,220.0,191.0,6.0,0.6673174,0.0,0,10081,test
96.0,108.0,86.0,96.666664,117.17887,13.57567,49.000015,0,10081,test
153.0,154.0,136.0,147.66667,4.2426405,0.9437293,5.0,0,10081,test
86.0,70.0,45.0,67.0,265.20013,27.248352,20.333332,0,10081,test
162.0,163.0,147.0,157.33333,9.333374,1.7638958,6.6666565,0,10081,test
159.0,160.0,142.0,153.66667,34.257187,3.7364337,7.0,0,10081,test
96.0,98.0,76.0,90.0,157.01733,17.694345,32.333336,0,10081,test
103.0,108.0,86.0,99.0,154.98962,17.466011,31.666672,0,10081,test
143.0,168.0,208.0,173.0,7.071068,1.2468711,7.0,0,10081,test
69.0,65.0,27.0,53.666668,31.682442,3.520656,5.333336,0,10081,test
145.0,143.0,122.0,136.66667,18.384804,3.1234372,7.3333435,0,10081,test
39.0,38.0,7.0,28.0,9.261626,4.5815234,25.666668,0,10081,test
149.0,116.0,0.0,88.333336,115.13951,15.306695,38.33332,0,10081,test
106.0,109.0,88.0,101.0,44.58449,4.5486736,0.33333588,0,10081,test
162.0,188.0,221.0,190.33333,4.472136,1.3433865,1.0,0,10081,test
156.0,159.0,140.0,151.66667,34.76907,7.173628,25.0,0,10081,test
149.0,152.0,145.0,148.66667,12.806249,8.341351,39.333344,0,10081,test
145.0,151.0,147.0,147.66667,19.47076,2.3572528,5.3333435,0,10081,test
152.0,154.0,133.0,146.33333,14.802423,2.0184693,7.0000305,0,10081,test
161.0,187.0,222.0,190.0,19.849434,2.0252314,0.0,0,10081,test
150.0,176.0,213.0,179.66667,6.3245554,0.73818827,1.0,0,10081,test
145.0,171.0,208.0,174.66667,7.071068,0.9931405,3.0,0,10081,test
144.0,170.0,207.0,173.66667,4.0,0.4739297,1.0,0,10081,test
132.0,111.0,92.0,111.666664,392.4082,42.33052,32.66667,0,10081,test
159.0,161.0,147.0,155.66667,36.227715,5.156913,0.6666565,0,10081,test
150.0,173.0,204.0,175.66667,18.439072,3.2000365,15.6666565,0,10081,test
153.0,154.0,136.0,147.66667,15.033329,2.5746663,13.666687,0,10081,test
81.0,83.0,59.0,74.333336,68.00817,6.8705597,2.6666641,0,10081,test
137.0,162.0,202.0,167.0,7.0079136,0.719429,1.3333282,0,10081,test
197.0,204.0,196.0,199.0,125.39094,17.338654,60.0,0,10081,test
38.0,33.0,1.0,24.0,42.274242,8.385757,16.333334,0,10081,test
149.0,175.0,210.0,178.0,8.0,0.8160978,0.0,0,10081,test
134.0,157.0,198.0,163.0,9.486833,2.0063376,7.0,0,10081,test
142.0,143.0,125.0,136.66667,21.873333,2.753194,6.6666565,0,10081,test
177.0,144.0,11.0,110.666664,210.69461,21.901257,23.000008,0,10081,test
71.0,67.0,38.0,58.666668,8.6666565,1.6629435,8.333336,0,10081,test
56.0,57.0,39.0,50.666668,34.058773,4.320503,10.0,0,10081,test
147.0,173.0,210.0,176.66667,5.0990195,1.1319232,4.0,0,10081,test
209.0,180.0,162.0,183.66667,564.03326,58.51716,42.666687,0,10081,test
145.0,147.0,125.0,139.0,19.646883,2.1600962,2.0,0,10081,test
51.0,45.0,11.0,35.666668,31.14482,4.0277057,7.666664,0,10081,test
156.0,166.0,168.0,163.33333,15.391182,1.6327938,2.6666565,0,10081,test
164.0,165.0,147.0,158.66667,99.36912,12.232768,21.666687,0,10081,test
163.0,169.0,169.0,167.0,57.368187,7.519506,15.333328,0,10081,test
156.0,182.0,219.0,185.66667,4.472136,0.8315084,3.0,0,10081,test
159.0,187.0,226.0,190.66667,4.0551605,1.3448397,2.3333282,0,10081,test
153.0,154.0,136.0,147.66667,49.09175,4.92185,0.0,0,10081,test
149.0,174.0,214.0,179.0,5.7542458,0.8315084,2.3333282,0,10081,test
71.0,73.0,52.0,65.333336,139.807,15.375771,25.000004,0,10081,test
158.0,182.0,218.0,186.0,6.666653,1.5155444,13.6666565,0,10081,test
153.0,155.0,134.0,147.33333,17.694906,4.545989,15.6666565,0,10081,test
121.0,125.0,111.0,119.0,11.045361,1.5232573,1.0,0,10081,test
153.0,156.0,139.0,149.33333,33.082367,3.6964934,2.3333435,0,10081,test
141.0,143.0,129.0,137.66667,45.37747,5.9874544,18.666656,0,10081,test
152.0,153.0,135.0,146.66667,23.70654,2.8280818,6.0,0,10081,test
43.0,39.0,10.0,30.666666,41.18252,5.9628468,18.000006,0,10081,test
150.0,150.0,126.0,142.0,138.88206,16.998219,28.666664,0,10081,test
29.0,99.0,111.0,79.666664,103.75719,12.671557,10.999989,1,101027,test
71.0,100.0,95.0,88.666664,310.03546,32.70746,14.666664,1,101027,test
3.0,28.0,35.0,22.0,291.938,44.52853,54.666664,1,101027,test
0.0,6.0,2.0,2.6666667,272.5501,34.315533,80.333336,1,101027,test
19.0,87.0,100.0,68.666664,104.88618,12.2135935,34.333336,1,101027,test
4.0,27.0,35.0,22.0,19.692074,2.7130756,0.66666603,1,101027,test
22.0,105.0,119.0,82.0,27.002043,5.430671,7.666664,1,101027,test
0.0,22.0,42.0,21.333334,7.5571904,1.6254131,7.666664,1,101027,test
56.0,78.0,65.0,66.333336,429.73068,51.4261,8.333345,1,101027,test
81.0,107.0,96.0,94.666664,220.31744,25.007147,4.666668,1,101027,test
37.0,57.0,56.0,50.0,71.09461,8.295463,0.33333588,1,101027,test
26.0,45.0,43.0,38.0,228.91289,24.92381,0.3333292,1,101027,test
21.0,50.0,46.0,39.0,30.586853,10.271628,4.666666,1,101027,test
0.0,29.0,35.0,21.333334,37.363083,4.545452,15.666664,1,101027,test
26.0,103.0,119.0,82.666664,34.03593,7.471757,52.0,1,101027,test
0.0,24.0,21.0,15.0,55.667664,9.745034,25.666666,1,101027,test
36.0,93.0,104.0,77.666664,306.67828,31.238686,1.3333435,1,101027,test
99.0,120.0,105.0,108.0,773.57806,82.93035,207.0,1,101027,test
47.0,76.0,72.0,65.0,231.48218,24.268559,34.666664,1,101027,test
96.0,117.0,102.0,105.0,702.35474,69.575615,78.66667,1,101027,test
73.0,141.0,144.0,119.333336,89.64127,16.43753,97.33334,1,101027,test
41.0,61.0,50.0,50.666668,829.81256,86.67606,212.99998,1,101027,test
0.0,3.0,5.0,2.6666667,206.66289,26.921518,49.0,1,101027,test
8.0,42.0,54.0,34.666668,16.282232,3.1769702,2.3333359,1,101027,test
19.0,92.0,107.0,72.666664,49.62079,9.151796,23.666683,1,101027,test
4.0,34.0,36.0,24.666666,68.19742,11.458037,6.666668,1,101027,test
5.0,91.0,106.0,67.333336,55.866917,8.265787,13.999996,1,101027,test
27.0,109.0,130.0,88.666664,48.66438,5.7163587,13.000015,1,101027,test
19.0,71.0,85.0,58.333332,32.058968,5.3857994,42.666664,1,101027,test
0.0,28.0,24.0,17.333334,278.50275,35.34432,82.66667,1,101027,test
37.0,92.0,99.0,76.0,118.89304,14.441389,50.0,1,101027,test
201.0,232.0,224.0,219.0,679.29016,76.50836,284.3333,1,101027,test
5.0,29.0,33.0,22.333334,63.90618,10.555881,17.000004,1,101027,test
57.0,83.0,84.0,74.666664,191.63045,20.3264,17.333347,1,101027,test
1.0,72.0,90.0,54.333332,58.17408,6.6872263,16.33334,1,101027,test
0.0,55.0,70.0,41.666668,11.642828,3.1418297,16.999992,1,101027,test
36.0,63.0,54.0,51.0,369.01614,40.84512,13.666668,1,101027,test
26.0,104.0,124.0,84.666664,76.539024,8.94288,4.0000076,1,101027,test
13.0,69.0,86.0,56.0,27.459057,4.302695,29.666668,1,101027,test
6.0,64.0,76.0,48.666668,46.842525,12.838008,42.999996,1,101027,test
0.0,20.0,24.0,14.666667,16.138292,3.5292273,6.999999,1,101027,test
18.0,51.0,40.0,36.333332,357.72647,37.835175,93.0,1,101027,test
2.0,32.0,32.0,22.0,197.55954,21.518936,71.66667,1,101027,test
146.0,176.0,174.0,165.33333,910.09467,92.66093,102.99998,1,101027,test
41.0,61.0,60.0,54.0,195.73737,21.153435,10.999994,1,101027,test
38.0,97.0,105.0,80.0,148.37865,19.656374,16.666668,1,101027,test
17.0,73.0,86.0,58.666668,30.147789,5.886002,44.33334,1,101027,test
52.0,131.0,146.0,109.666664,69.60205,9.611039,56.33332,1,101027,test
6.0,40.0,50.0,32.0,17.262674,7.6724715,5.000002,1,101027,test
41.0,55.0,55.0,50.333332,244.6594,47.792015,50.666668,1,101027,test
24.0,56.0,51.0,43.666668,369.0733,48.154198,46.33333,1,101027,test
0.0,26.0,43.0,23.0,14.522014,2.6189127,6.666666,1,101027,test
1.0,9.0,11.0,7.0,178.3704,29.254572,27.666668,1,101027,test
5.0,34.0,40.0,26.333334,54.768204,7.2856665,32.666664,1,101027,test
2.0,59.0,66.0,42.333332,13.341664,22.635605,164.0,1,101027,test
0.0,53.0,73.0,42.0,4.2426353,1.8592108,9.333332,1,101027,test
47.0,68.0,69.0,61.333332,35.854637,4.4776735,7.9999924,1,101027,test
22.0,53.0,55.0,43.333332,502.53137,55.571274,87.000015,1,101027,test
43.0,62.0,60.0,55.0,14.522011,10.3754,26.666664,1,101027,test
0.0,24.0,32.0,18.666666,19.379257,3.9234776,17.333338,1,101027,test
30.0,55.0,52.0,45.666668,490.5609,51.3832,80.33332,1,101027,test
69.0,91.0,88.0,82.666664,758.23724,79.76815,167.00002,1,101027,test
23.0,35.0,31.0,29.666666,309.3222,31.565512,65.66667,1,101027,test
26.0,60.0,62.0,49.333332,165.77159,22.684868,57.66667,1,101027,test
15.0,92.0,110.0,72.333336,56.294857,6.4233766,18.333328,1,101027,test
6.0,45.0,62.0,37.666668,9.718256,1.918092,13.000002,1,101027,test
0.0,55.0,68.0,41.0,10.635374,1.6555128,3.333332,1,101027,test
6.0,36.0,38.0,26.666666,22.000002,6.4420967,20.666664,1,101027,test
4.0,67.0,84.0,51.666668,168.83458,18.143452,13.666664,1,101027,test
2.0,9.0,15.0,8.666667,14.313941,1.845915,8.000001,1,101027,test
51.0,67.0,67.0,61.666668,6.1463666,2.7581997,1.6666641,1,101027,test
9.0,31.0,45.0,28.333334,9.333332,3.6243348,32.333336,1,101027,test
23.0,86.0,93.0,67.333336,45.670307,17.461061,33.333324,1,101027,test
30.0,88.0,92.0,70.0,79.00069,10.879579,34.000004,1,101027,test
3.0,55.0,68.0,42.0,5.0110984,2.0454133,9.666668,1,101027,test
63.0,79.0,69.0,70.333336,450.97845,47.107708,23.666676,1,101027,test
7.0,20.0,26.0,17.666666,81.41116,14.239959,7.000004,1,101027,test
69.0,101.0,100.0,90.0,538.31366,56.820217,11.666658,1,101027,test
1.0,42.0,44.0,29.0,63.609924,8.789879,20.999998,1,101027,test
34.0,111.0,127.0,90.666664,103.15898,11.413418,28.66666,1,101027,test
19.0,77.0,81.0,59.0,131.50243,17.394815,101.0,1,101027,test
78.0,91.0,82.0,83.666664,376.8433,38.97229,77.666664,1,101027,test
21.0,61.0,69.0,50.333332,154.64653,16.980818,2.3333282,1,101027,test
2.0,28.0,27.0,19.0,10.381607,2.6298957,3.333332,1,101027,test
1.0,46.0,67.0,38.0,33.482998,3.7011137,1.3333321,1,101027,test
0.0,64.0,79.0,47.666668,68.43164,8.894139,24.333328,1,101027,test
108.0,129.0,122.0,119.666664,324.67282,43.792168,142.0,1,101027,test
40.0,49.0,56.0,48.333332,244.26671,25.570898,38.999992,1,101027,test
9.0,67.0,78.0,51.333332,25.733677,3.046955,11.66666,1,101027,test
39.0,60.0,41.0,46.666668,658.4105,70.728836,269.66666,1,101027,test
36.0,65.0,60.0,53.666668,531.2748,56.67279,55.0,1,101027,test
22.0,99.0,117.0,79.333336,55.67566,5.825548,11.999992,1,101027,test
0.0,17.0,21.0,12.666667,288.7552,34.903435,90.666664,1,101027,test
24.0,46.0,43.0,37.666668,622.182,70.750786,109.33333,1,101027,test
0.0,3.0,15.0,6.0,160.98102,19.545313,64.33333,1,101027,test
17.0,36.0,42.0,31.666666,405.66788,47.16762,97.0,1,101027,test
76.0,95.0,89.0,86.666664,412.17175,45.052235,156.99998,1,101027,test
8.0,37.0,43.0,29.333334,17.333338,9.85714,6.000004,1,101027,test
116.0,137.0,138.0,130.33333,683.0552,75.74401,187.99998,1,101027,test
0.0,55.0,72.0,42.333332,162.66257,17.61578,30.666672,1,101027,test
0.0,4.0,7.0,3.6666667,1.490712,2.2283874,14.666666,1,101027,test
60.0,121.0,126.0,102.333336,266.5554,29.507895,81.66667,1,101027,test
5.0,24.0,20.0,16.333334,80.06941,29.406382,19.666664,1,101027,test
37.0,64.0,57.0,52.666668,459.01468,51.1854,118.0,1,101027,test
8.0,61.0,75.0,48.0,39.432083,4.452782,10.333332,1,101027,test
0.0,25.0,31.0,18.666666,22.33582,3.641698,13.333336,1,101027,test
4.0,55.0,74.0,44.333332,13.333326,1.9633172,13.666664,1,101027,test
32.0,51.0,47.0,43.333332,247.7346,52.486988,57.666676,1,101027,test
49.0,81.0,78.0,69.333336,138.84685,14.095794,47.33334,1,101027,test
50.0,74.0,76.0,66.666664,169.46057,21.090631,39.33332,1,101027,test
43.0,60.0,67.0,56.666668,94.725334,14.963975,62.333336,1,101027,test
43.0,65.0,62.0,56.666668,25.267466,4.2815924,28.33334,1,101027,test
70.0,86.0,86.0,80.666664,253.87704,29.412672,68.66666,1,101027,test
105.0,129.0,116.0,116.666664,69.36537,11.548133,25.333328,1,101027,test
50.0,128.0,141.0,106.333336,151.00037,17.512691,58.00001,1,101027,test
45.0,113.0,134.0,97.333336,107.629,13.381424,23.333344,1,101027,test
65.0,77.0,63.0,68.333336,560.1623,58.006474,35.33333,1,101027,test
14.0,37.0,43.0,31.333334,30.184616,4.610765,18.333338,1,101027,test
33.0,83.0,94.0,70.0,158.30212,16.731733,31.333328,1,101027,test
22.0,56.0,66.0,48.0,71.89035,7.5856276,1.6666641,1,101027,test
0.0,9.0,20.0,9.666667,15.062832,4.990804,13.333332,0,101027,test
5.0,39.0,48.0,30.666666,12.33783,3.314747,5.000004,0,101027,test
0.0,29.0,37.0,22.0,29.093721,5.5176497,14.0,0,101027,test
64.0,91.0,58.0,71.0,104.91159,22.011694,196.33333,0,101027,test
4.0,25.0,54.0,27.666666,4.2426405,0.62855434,2.0,0,101027,test
7.0,68.0,86.0,53.666668,9.006175,2.1398265,17.333336,0,101027,test
119.0,122.0,93.0,111.333336,363.18164,65.51185,240.99998,0,101027,test
106.0,126.0,99.0,110.333336,231.95068,39.340065,89.99999,0,101027,test
60.0,86.0,75.0,73.666664,836.4709,84.99104,157.66669,0,101027,test
34.0,57.0,51.0,47.333332,592.6605,68.05277,139.66667,0,101027,test
4.0,51.0,69.0,41.333332,7.6739135,1.3000714,2.0,0,101027,test
11.0,41.0,39.0,30.333334,54.389545,7.7232676,5.666666,0,101027,test
240.0,251.0,221.0,237.33333,145.09232,17.75066,55.333313,0,101027,test
5.0,91.0,106.0,67.333336,50.54593,6.7691426,7.6666756,0,101027,test
0.0,32.0,53.0,28.333334,7.0867615,0.9162301,4.999996,0,101027,test
144.0,157.0,140.0,147.0,88.1577,16.433994,20.333328,0,101027,test
0.0,82.0,96.0,59.333332,47.13338,6.5271745,15.333336,0,101027,test
42.0,52.0,27.0,40.333332,224.00644,38.647224,130.66667,0,101027,test
2.0,19.0,49.0,23.333334,6.411794,1.0034121,1.3333321,0,101027,test
5.0,58.0,76.0,46.333332,21.213203,2.3306928,6.0,0,101027,test
31.0,113.0,134.0,92.666664,84.81221,8.55594,5.666664,0,101027,test
0.0,40.0,58.0,32.666668,6.6666613,0.98276156,1.9999943,0,101027,test
36.0,57.0,50.0,47.666668,66.68001,8.038497,22.333336,0,101027,test
90.0,102.0,80.0,90.666664,186.339,21.897867,34.000008,0,101027,test
4.0,82.0,95.0,60.333332,16.499153,3.1229682,15.66666,0,101027,test
2.0,27.0,47.0,25.333334,11.59502,1.2861947,1.6666679,0,101027,test
242.0,245.0,228.0,238.33333,361.53253,41.005524,76.66664,0,101027,test
3.0,47.0,46.0,32.0,8.393117,7.975281,54.333336,0,101027,test
177.0,179.0,157.0,171.0,193.94443,46.384445,274.0,0,101027,test
160.0,163.0,134.0,152.33333,106.718735,28.0182,179.66667,0,101027,test
22.0,100.0,122.0,81.333336,36.08017,3.7629335,0.66667175,0,101027,test
0.0,77.0,93.0,56.666668,39.5109,5.974821,3.8146973e-06,0,101027,test
10.0,58.0,72.0,46.666668,2.357019,3.06714,18.33334,0,101027,test
4.0,39.0,58.0,33.666668,10.635374,1.3435683,6.333336,0,101027,test
203.0,214.0,197.0,204.66667,438.18008,52.231644,6.3332977,0,101027,test
13.0,99.0,114.0,75.333336,163.89766,17.150742,14.6666565,0,101027,test
1.0,52.0,71.0,41.333332,21.302057,2.7710927,4.000004,0,101027,test
75.0,83.0,59.0,72.333336,190.90428,21.546053,18.333324,0,101027,test
46.0,125.0,142.0,104.333336,27.463102,3.3838136,15.666672,0,101027,test
0.0,50.0,67.0,39.0,33.413246,3.5070033,11.333332,0,101027,test
1.0,34.0,41.0,25.333334,64.34628,8.697632,36.333332,0,101027,test
2.0,26.0,52.0,26.666666,4.2426405,0.7856905,1.0,0,101027,test
2.0,28.0,41.0,23.666666,25.750944,3.3620265,17.000002,0,101027,test
2.0,17.0,50.0,23.0,6.2003565,0.87175035,0.33333397,0,101027,test
11.0,52.0,58.0,40.333332,30.594116,5.5932045,20.0,0,101027,test
6.0,48.0,64.0,39.333332,7.3181696,1.4888911,7.666664,0,101027,test
68.0,86.0,60.0,71.333336,78.906395,14.347528,93.66666,0,101027,test
127.0,151.0,119.0,132.33333,25.65585,28.230427,7.6666336,0,101027,test
0.0,21.0,12.0,11.0,189.6816,36.814518,27.333334,0,101027,test
0.0,31.0,43.0,24.666666,6.1463614,1.9591159,8.66667,0,101027,test
32.0,125.0,140.0,99.0,87.658424,11.174268,7.0,0,101027,test
73.0,77.0,60.0,70.0,537.812,63.67682,187.00002,0,101027,test
198.0,207.0,176.0,193.66667,259.75458,37.63878,132.66669,0,101027,test
136.0,159.0,133.0,142.66667,90.049355,27.829735,31.666649,0,101027,test
3.0,31.0,55.0,29.666666,8.498364,1.0823344,2.0,0,101027,test
0.0,73.0,87.0,53.333332,20.396082,4.7055902,24.33334,0,101027,test
4.0,14.0,50.0,22.666666,10.46688,1.231702,1.0,0,101027,test
2.0,29.0,36.0,22.333334,31.80845,4.68778,5.666663,0,101027,test
3.0,46.0,55.0,34.666668,26.549742,5.490737,2.6666622,0,101027,test
1.0,44.0,61.0,35.333332,5.2704587,0.97846687,0.33333588,0,101027,test
3.0,8.0,27.0,12.666667,3.3333328,0.42874542,1.3333349,0,101027,test
54.0,142.0,154.0,116.666664,54.918106,5.9610553,15.333328,0,101027,test
212.0,225.0,205.0,214.0,624.9816,74.479,238.0,0,101027,test
0.0,91.0,103.0,64.666664,6.289316,2.5407808,14.333336,0,101027,test
14.0,96.0,107.0,72.333336,57.00683,6.9692755,35.66667,0,101027,test
0.0,15.0,48.0,21.0,9.999998,1.621202,13.666668,0,101027,test
47.0,140.0,148.0,111.666664,10.770329,2.4334903,8.666672,0,101027,test
18.0,73.0,80.0,57.0,136.40463,14.082659,11.333332,0,101027,test
2.0,61.0,77.0,46.666668,13.678853,1.7149817,3.3333359,0,101027,test
162.0,174.0,154.0,163.33333,617.12683,65.84627,31.666687,0,101027,test
107.0,98.0,99.0,101.333336,176.58553,22.442657,56.666676,0,101027,test
38.0,125.0,132.0,98.333336,65.85674,7.6343436,16.666664,0,101027,test
28.0,49.0,42.0,39.666668,58.84254,11.111111,19.0,0,101027,test
0.0,73.0,86.0,53.0,15.613388,2.6434433,10.333336,0,101027,test
0.0,87.0,98.0,61.666668,20.725714,6.3604307,24.666656,0,101027,test
1.0,47.0,63.0,37.0,20.763212,2.2467697,0.66666794,0,101027,test
7.0,79.0,93.0,59.666668,27.455017,2.9938495,7.6666718,0,101027,test
21.0,104.0,122.0,82.333336,22.573332,5.358669,15.999992,0,101027,test
0.0,22.0,32.0,18.0,40.762184,5.9006386,4.666668,0,101027,test
49.0,132.0,146.0,109.0,46.200043,9.634026,2.3333359,0,101027,test
31.0,50.0,22.0,34.333332,115.53258,20.15128,9.000006,0,101027,test
102.0,134.0,84.0,106.666664,207.64342,26.353628,146.00003,0,101027,test
0.0,72.0,88.0,53.333332,33.869034,7.8017426,46.333336,0,101027,test
3.0,46.0,63.0,37.333332,14.764823,2.0548213,2.0,0,101027,test
1.0,60.0,76.0,45.666668,15.670214,1.9485571,3.333332,0,101027,test
70.0,85.0,62.0,72.333336,185.63644,22.23672,0.6666603,0,101027,test
13.0,100.0,107.0,73.333336,238.91328,26.93634,78.33333,0,101027,test
108.0,106.0,93.0,102.333336,373.461,41.72514,74.66665,0,101027,test
3.0,23.0,47.0,24.333334,9.475115,1.3517206,7.66667,0,101027,test
50.0,143.0,151.0,114.666664,105.414536,15.048684,5.3333282,0,101027,test
1.0,56.0,76.0,44.333332,9.297553,2.8674324,7.333336,0,101027,test
2.0,29.0,50.0,27.0,8.856886,1.7529098,0.33333397,0,101027,test
5.0,33.0,57.0,31.666666,5.0771856,0.95577884,1.3333359,0,101027,test
248.0,253.0,231.0,244.0,237.09822,35.408443,43.0,0,101027,test
0.0,28.0,49.0,25.666666,4.7375603,1.9102002,3.6666641,0,101027,test
3.0,41.0,60.0,34.666668,14.173528,1.4553075,0.6666641,0,101027,test
1.0,62.0,80.0,47.666668,14.681808,2.6805415,8.999996,0,101027,test
1.0,24.0,18.0,14.333333,30.007406,12.845819,28.666668,0,101027,test
208.0,212.0,195.0,205.0,572.15454,58.244568,62.999992,0,101027,test
5.0,93.0,105.0,67.666664,8.944266,2.1315386,5.0,0,101027,test
4.0,14.0,50.0,22.666666,3.0184612,0.86065245,5.333332,0,101027,test
103.0,130.0,111.0,114.666664,26.263647,17.727814,89.66668,0,101027,test
208.0,198.0,186.0,197.33333,233.70876,32.890087,103.999985,0,101027,test
128.0,132.0,117.0,125.666664,39.654068,19.5322,84.99999,0,101027,test
25.0,113.0,125.0,87.666664,18.012337,7.121127,3.6666641,0,101027,test
0.0,15.0,46.0,20.333334,5.962847,1.5617088,2.333332,0,101027,test
130.0,148.0,122.0,133.33333,120.00464,25.80813,132.33331,0,101027,test
43.0,120.0,140.0,101.0,31.333344,6.146407,16.666664,0,101027,test
34.0,116.0,137.0,95.666664,26.034159,2.694214,2.3333359,0,101027,test
7.0,45.0,48.0,33.333332,34.415768,5.4654455,1.9999943,0,101027,test
31.0,120.0,134.0,95.0,166.45987,17.83261,48.0,0,101027,test
5.0,11.0,37.0,17.666666,7.0079308,1.1012162,4.333333,0,101027,test
192.0,201.0,170.0,187.66667,319.32495,37.984577,17.333359,0,101027,test
0.0,34.0,46.0,26.666666,20.698898,5.3880997,21.66667,0,101027,test
36.0,86.0,97.0,73.0,154.59267,19.130558,79.33333,0,101027,test
142.0,152.0,127.0,140.33333,106.07021,50.11715,24.666702,0,101027,test
255.0,255.0,239.0,249.66667,31.804937,4.924429,7.6667023,0,101027,test
186.0,194.0,170.0,183.33333,94.2149,24.917559,100.33333,0,101027,test
0.0,81.0,92.0,57.666668,39.788322,4.911,23.999989,0,101027,test
22.0,50.0,54.0,42.0,51.434963,7.126336,14.333336,0,101027,test
94.0,112.0,72.0,92.666664,126.94181,31.63674,42.33333,1,101084,test
57.0,64.0,22.0,47.666668,509.02545,62.886044,140.66666,1,101084,test
60.0,102.0,16.0,59.333332,57.967422,7.748771,24.666668,1,101084,test
255.0,255.0,209.0,239.66667,560.55725,69.56036,164.66669,1,101084,test
104.0,135.0,59.0,99.333336,540.2108,56.758915,142.33331,1,101084,test
255.0,255.0,173.0,227.66667,54.621937,13.876126,22.333359,1,101084,test
211.0,245.0,107.0,187.66667,514.2194,58.269695,167.33334,1,101084,test
75.0,91.0,64.0,76.666664,57.528736,12.468633,13.333324,1,101084,test
11.0,37.0,12.0,20.0,51.033756,5.394196,21.333332,1,101084,test
61.0,114.0,0.0,58.333332,305.83398,34.604454,95.66667,1,101084,test
72.0,79.0,28.0,59.666668,773.8253,82.51851,198.66667,1,101084,test
156.0,166.0,79.0,133.66667,678.2463,69.7807,15.666687,1,101084,test
84.0,134.0,47.0,88.333336,184.22511,19.954245,43.0,1,101084,test
187.0,241.0,55.0,161.0,154.14998,20.125582,68.333336,1,101084,test
45.0,65.0,40.0,50.0,165.07843,18.6223,15.000002,1,101084,test
42.0,68.0,7.0,39.0,207.87283,44.11277,105.66667,1,101084,test
224.0,236.0,138.0,199.33333,583.7629,61.19647,201.99997,1,101084,test
9.0,42.0,0.0,17.0,281.04962,39.89894,120.333336,1,101084,test
123.0,172.0,80.0,125.0,490.7523,50.9444,49.33333,1,101084,test
22.0,41.0,21.0,28.0,49.082695,9.066438,34.333332,1,101084,test
19.0,55.0,19.0,31.0,419.58524,49.262215,130.33334,1,101084,test
6.0,29.0,11.0,15.333333,35.57777,4.868645,6.3333354,1,101084,test
155.0,192.0,97.0,148.0,528.4907,54.047886,16.000008,1,101084,test
219.0,251.0,124.0,198.0,405.15482,50.9737,157.0,1,101084,test
56.0,96.0,0.0,50.666668,430.08658,47.42716,135.33333,1,101084,test
30.0,42.0,0.0,24.0,197.03415,24.791971,70.0,1,101084,test
195.0,238.0,70.0,167.66667,422.98648,41.82574,69.66669,1,101084,test
255.0,255.0,178.0,229.33333,141.87317,23.055723,46.999985,1,101084,test
60.0,98.0,0.0,52.666668,23.11806,3.6630878,2.6666641,1,101084,test
163.0,226.0,25.0,138.0,237.45407,24.936678,12.6666565,1,101084,test
106.0,152.0,79.0,112.333336,231.88695,24.020784,7.6666794,1,101084,test
183.0,239.0,194.0,205.33333,154.44238,19.209576,93.66666,1,101084,test
27.0,48.0,5.0,26.666666,417.3794,52.98521,159.0,1,101084,test
92.0,109.0,54.0,85.0,626.9767,66.75512,202.33334,1,101084,test
36.0,49.0,21.0,35.333332,119.8666,14.447964,52.33334,1,101084,test
81.0,96.0,57.0,78.0,21.974737,21.91679,1.3333359,1,101084,test
238.0,255.0,127.0,206.66667,276.45575,33.46605,71.33336,1,101084,test
48.0,54.0,26.0,42.666668,26.874187,5.0815134,39.333344,1,101084,test
19.0,40.0,21.0,26.666666,40.06938,6.968673,28.33333,1,101084,test
163.0,222.0,72.0,152.33333,367.37296,40.837032,104.99998,1,101084,test
79.0,95.0,66.0,80.0,120.337494,25.0253,68.0,1,101084,test
23.0,34.0,0.0,19.0,333.00015,54.628944,108.66667,1,101084,test
62.0,91.0,60.0,71.0,76.786865,19.376354,40.333332,1,101084,test
53.0,72.0,6.0,43.666668,5.333332,2.9956021,9.0,1,101084,test
52.0,76.0,26.0,51.333332,44.000004,7.108413,9.999996,1,101084,test
190.0,251.0,112.0,184.33333,261.17722,47.026505,168.33331,1,101084,test
31.0,88.0,0.0,39.666668,357.43405,41.566975,125.33333,1,101084,test
53.0,62.0,35.0,50.0,59.179577,6.442542,14.666664,1,101084,test
63.0,80.0,28.0,57.0,218.40889,41.90082,132.66667,1,101084,test
53.0,81.0,7.0,47.0,320.1406,39.34685,116.333336,1,101084,test
243.0,255.0,164.0,220.66667,526.2213,61.17687,164.00002,1,101084,test
56.0,93.0,26.0,58.333332,177.00282,18.905737,76.0,1,101084,test
99.0,143.0,46.0,96.0,373.02402,39.483433,17.333332,1,101084,test
40.0,63.0,37.0,46.666668,69.448616,10.730132,8.333328,1,101084,test
24.0,46.0,25.0,31.666666,28.114841,7.5579123,56.33333,1,101084,test
168.0,226.0,168.0,187.33333,246.41068,39.959793,194.99997,1,101084,test
199.0,240.0,144.0,194.33333,502.2633,56.55416,265.0,1,101084,test
75.0,97.0,15.0,62.333332,753.5081,80.89451,94.000015,1,101084,test
4.0,27.0,0.0,10.333333,51.56441,7.587802,12.666669,1,101084,test
108.0,123.0,100.0,110.333336,170.93793,24.457563,90.000015,1,101084,test
144.0,220.0,120.0,161.33333,168.64757,19.587095,69.33336,1,101084,test
32.0,60.0,1.0,31.0,272.20663,41.306744,125.333336,1,101084,test
171.0,227.0,44.0,147.33333,175.39795,18.937294,25.33332,1,101084,test
192.0,226.0,106.0,174.66667,585.38684,61.546715,183.33334,1,101084,test
42.0,63.0,0.0,35.0,288.0297,37.980972,92.66667,1,101084,test
37.0,65.0,7.0,36.333332,149.82805,23.744514,86.33334,1,101084,test
151.0,224.0,145.0,173.33333,264.03116,28.651325,70.66665,1,101084,test
57.0,109.0,1.0,55.666668,97.06813,12.336825,55.66666,1,101084,test
147.0,223.0,27.0,132.33333,108.37076,14.997168,44.999977,1,101084,test
5.0,23.0,7.0,11.666667,55.44367,6.120195,7.333331,1,101084,test
168.0,206.0,61.0,145.0,478.50714,54.55321,102.00001,1,101084,test
27.0,52.0,0.0,26.333334,415.9618,52.47787,166.0,1,101084,test
199.0,250.0,85.0,178.0,182.03357,38.080788,43.0,1,101084,test
68.0,106.0,57.0,77.0,229.7327,25.301146,4.666668,1,101084,test
72.0,89.0,55.0,72.0,111.405174,20.153185,25.666664,1,101084,test
165.0,199.0,138.0,167.33333,453.49216,48.93758,65.66669,1,101084,test
244.0,255.0,102.0,200.33333,248.25165,37.09745,71.66664,1,101084,test
95.0,145.0,50.0,96.666664,170.5338,32.13132,36.333332,1,101084,test
77.0,112.0,20.0,69.666664,400.09808,41.456528,68.000015,1,101084,test
49.0,64.0,31.0,48.0,33.339996,5.0055876,4.0,1,101084,test
255.0,255.0,230.0,246.66667,205.44157,24.39134,48.666687,1,101084,test
215.0,251.0,89.0,185.0,332.1178,33.9562,55.333344,1,101084,test
255.0,255.0,175.0,228.33333,508.53033,63.361362,155.99998,1,101084,test
34.0,70.0,0.0,34.666668,403.12225,48.69544,193.66666,1,101084,test
255.0,255.0,223.0,244.33333,21.213203,4.016081,6.6666565,1,101084,test
254.0,255.0,135.0,214.66667,30.404667,9.3043165,10.333359,1,101084,test
82.0,123.0,55.0,86.666664,57.47656,7.8645763,12.999992,1,101084,test
169.0,175.0,113.0,152.33333,856.9551,89.10147,76.66666,1,101084,test
99.0,147.0,63.0,103.0,117.90202,13.31217,43.666664,1,101084,test
60.0,82.0,59.0,67.0,113.30392,15.136214,50.999992,1,101084,test
241.0,255.0,115.0,203.66667,513.7129,56.322956,225.33336,1,101084,test
2.0,20.0,6.0,9.333333,32.829525,6.777068,17.666668,1,101084,test
48.0,67.0,11.0,42.0,8.944272,3.40218,1.6666641,1,101084,test
163.0,172.0,93.0,142.66667,790.8933,81.25601,21.333345,1,101084,test
13.0,41.0,0.0,18.0,260.91293,43.301132,142.66667,1,101084,test
190.0,254.0,176.0,206.66667,114.19768,24.547785,172.6667,1,101084,test
64.0,99.0,0.0,54.333332,156.8637,32.17352,1.3333397,1,101084,test
70.0,90.0,63.0,74.333336,174.326,18.402906,9.666676,1,101084,test
4.0,23.0,1.0,9.333333,75.24774,8.916626,39.0,1,101084,test
79.0,136.0,21.0,78.666664,333.98135,35.474117,80.0,1,101084,test
245.0,255.0,212.0,237.33333,170.69011,27.460056,12.999985,1,101084,test
106.0,166.0,32.0,101.333336,451.4751,45.062954,30.333347,1,101084,test
191.0,254.0,75.0,173.33333,288.67587,48.57778,170.33331,1,101084,test
221.0,250.0,124.0,198.33333,587.6431,70.38847,174.33331,1,101084,test
252.0,255.0,138.0,215.0,31.34042,3.0771334,5.6666718,1,101084,test
247.0,255.0,170.0,224.0,605.7539,72.34725,174.33333,1,101084,test
255.0,255.0,225.0,245.0,149.00266,17.870628,37.33333,1,101084,test
46.0,63.0,0.0,36.333332,260.05,36.384777,80.66667,1,101084,test
59.0,73.0,56.0,62.666668,54.18692,15.150643,20.666676,1,101084,test
214.0,231.0,119.0,188.0,668.41455,73.633064,150.00002,1,101084,test
67.0,118.0,23.0,69.333336,314.1355,33.707886,88.999985,1,101084,test
190.0,229.0,110.0,176.33333,406.81665,42.507328,2.3333054,1,101084,test
181.0,237.0,28.0,148.66667,244.30402,25.504787,21.999985,1,101084,test
96.0,111.0,26.0,77.666664,728.08575,77.454155,88.33334,1,101084,test
54.0,76.0,11.0,47.0,38.57748,5.083951,15.666664,1,101084,test
132.0,185.0,7.0,108.0,302.17178,34.820187,126.66668,1,101084,test
243.0,255.0,156.0,218.0,445.0391,56.484978,170.33331,1,101084,test
194.0,253.0,109.0,185.33333,282.2627,44.20838,211.33331,1,101084,test
109.0,159.0,46.0,104.666664,333.13895,34.121693,38.333344,1,101084,test
87.0,112.0,83.0,94.0,23.669018,10.614195,75.0,1,101084,test
50.0,74.0,16.0,46.666668,67.31684,7.1609054,10.666672,0,101084,test
41.0,86.0,5.0,44.0,19.026299,2.5569203,9.0,0,101084,test
66.0,87.0,72.0,75.0,136.49907,21.650974,84.66667,0,101084,test
51.0,65.0,50.0,55.333332,119.70799,20.856361,17.000004,0,101084,test
47.0,90.0,45.0,60.666668,6.3245554,1.2860998,0.33332825,0,101084,test
59.0,110.0,5.0,58.0,5.696005,1.211517,0.33333206,0,101084,test
171.0,213.0,147.0,177.0,429.14545,46.322304,12.6666565,0,101084,test
112.0,129.0,113.0,118.0,59.48857,14.290615,82.666664,0,101084,test
59.0,111.0,10.0,60.0,26.029907,4.5958223,11.333336,0,101084,test
174.0,222.0,50.0,148.66667,21.218418,2.6390991,10.3333435,0,101084,test
237.0,255.0,202.0,231.33333,233.90643,30.24916,48.333313,0,101084,test
58.0,104.0,40.0,67.333336,52.784676,13.092995,55.666676,0,101084,test
222.0,254.0,91.0,189.0,138.98842,14.264658,8.000015,0,101084,test
50.0,96.0,23.0,56.333332,53.026196,5.612551,2.6666603,0,101084,test
72.0,111.0,56.0,79.666664,82.7795,10.812748,36.666653,0,101084,test
123.0,181.0,97.0,133.66667,161.33473,22.371967,62.66668,0,101084,test
82.0,98.0,88.0,89.333336,85.61542,23.719553,2.0,0,101084,test
93.0,107.0,94.0,98.0,186.2018,28.611479,52.66667,0,101084,test
85.0,99.0,82.0,88.666664,174.06256,21.242151,2.333332,0,101084,test
81.0,153.0,77.0,103.666664,16.606554,2.2776084,15.999985,0,101084,test
81.0,102.0,87.0,90.0,230.60162,25.50672,68.333336,0,101084,test
7.0,20.0,13.0,13.333333,77.13912,11.756562,5.666666,0,101084,test
47.0,72.0,15.0,44.666668,21.04493,2.7125468,9.000008,0,101084,test
150.0,174.0,150.0,158.0,43.094215,26.80372,181.33334,0,101084,test
66.0,84.0,70.0,73.333336,48.122513,27.24441,127.66666,0,101084,test
83.0,101.0,75.0,86.333336,113.32647,17.198292,36.999992,0,101084,test
119.0,135.0,122.0,125.333336,229.52318,25.76075,102.66669,0,101084,test
48.0,61.0,52.0,53.666668,180.8437,23.38043,131.66666,0,101084,test
58.0,71.0,64.0,64.333336,155.24677,25.86183,8.000006,0,101084,test
71.0,87.0,74.0,77.333336,164.12799,24.558325,65.0,0,101084,test
50.0,66.0,53.0,56.333332,216.41113,25.648132,50.000004,0,101084,test
59.0,74.0,55.0,62.666668,148.94965,18.752436,61.99999,0,101084,test
106.0,175.0,118.0,133.0,50.004436,6.598118,8.666672,0,101084,test
246.0,255.0,220.0,240.33333,259.0002,29.729246,43.666656,0,101084,test
112.0,128.0,115.0,118.333336,260.1867,39.567436,84.33334,0,101084,test
37.0,73.0,3.0,37.666668,14.727153,1.6956545,2.3333282,0,101084,test
77.0,90.0,80.0,82.333336,128.17088,23.245758,56.33333,0,101084,test
1.0,16.0,0.0,5.6666665,50.33444,11.882943,77.0,0,101084,test
80.0,100.0,88.0,89.333336,164.84674,26.083643,13.666683,0,101084,test
57.0,110.0,0.0,55.666668,18.714222,1.9373109,2.3333359,0,101084,test
58.0,102.0,53.0,71.0,116.885506,12.7357645,3.8146973e-06,0,101084,test
54.0,108.0,72.0,78.0,150.41647,21.116238,64.99999,0,101084,test
61.0,74.0,64.0,66.333336,164.76044,20.811913,13.999996,0,101084,test
60.0,74.0,59.0,64.333336,76.96754,9.405835,3.9999962,0,101084,test
50.0,63.0,56.0,56.333332,138.57448,22.16108,45.333332,0,101084,test
18.0,34.0,21.0,24.333334,150.65857,26.624968,108.0,0,101084,test
113.0,129.0,116.0,119.333336,248.41408,27.584282,96.0,0,101084,test
48.0,69.0,26.0,47.666668,89.899925,10.948187,42.33333,0,101084,test
137.0,208.0,152.0,165.66667,63.980873,7.2124567,20.333344,0,101084,test
92.0,110.0,96.0,99.333336,194.94101,23.814632,49.000004,0,101084,test
83.0,97.0,80.0,86.666664,155.37839,17.90014,46.333324,0,101084,test
14.0,31.0,21.0,22.0,177.81203,23.701328,100.666664,0,101084,test
74.0,85.0,69.0,76.0,303.32086,46.535732,145.66666,0,101084,test
50.0,100.0,27.0,59.0,118.71347,12.686143,0.6666641,0,101084,test
14.0,27.0,18.0,19.666666,31.71049,19.85448,138.33333,0,101084,test
60.0,73.0,63.0,65.333336,121.04729,17.067036,32.666656,0,101084,test
46.0,97.0,22.0,55.0,52.33439,5.7563653,20.666664,0,101084,test
61.0,105.0,44.0,70.0,9.285591,1.5153834,2.3333282,0,101084,test
86.0,100.0,85.0,90.333336,71.748024,9.097722,33.333336,0,101084,test
118.0,161.0,107.0,128.66667,235.83232,33.274162,72.00002,0,101084,test
33.0,46.0,29.0,36.0,76.652176,22.824135,75.333336,0,101084,test
63.0,76.0,67.0,68.666664,178.15099,23.372974,8.33333,0,101084,test
10.0,24.0,11.0,15.0,97.73547,22.472172,150.33333,0,101084,test
59.0,103.0,67.0,76.333336,17.75136,2.9639764,27.000015,0,101084,test
40.0,82.0,42.0,54.666668,12.229293,1.796943,6.6666603,0,101084,test
35.0,85.0,16.0,45.333332,52.666668,5.5676327,6.0000076,0,101084,test
113.0,130.0,114.0,119.0,189.36678,28.67698,100.0,0,101084,test
131.0,228.0,0.0,119.666664,29.698484,5.8572702,4.0000153,0,101084,test
82.0,100.0,86.0,89.333336,66.37939,15.537096,22.0,0,101084,test
48.0,60.0,50.0,52.666668,65.51336,10.38281,0.0,0,101084,test
42.0,54.0,42.0,46.0,47.105087,10.978088,27.999998,0,101084,test
115.0,185.0,112.0,137.33333,317.14737,34.837795,50.66668,0,101084,test
39.0,54.0,47.0,46.666668,153.79207,26.465908,134.99998,0,101084,test
173.0,229.0,138.0,180.0,322.593,33.601933,34.333344,0,101084,test
160.0,182.0,169.0,170.33333,267.8826,36.832882,231.33331,0,101084,test
102.0,115.0,106.0,107.666664,72.71862,16.416634,125.0,0,101084,test
176.0,220.0,159.0,185.0,397.5975,39.567387,10.666672,0,101084,test
55.0,69.0,52.0,58.666668,31.25878,14.073087,52.333332,0,101084,test
46.0,61.0,54.0,53.666668,115.978935,22.990126,36.333336,0,101084,test
114.0,175.0,97.0,128.66667,97.11048,12.973606,11.999992,0,101084,test
33.0,78.0,21.0,44.0,131.09538,13.880436,2.333332,0,101084,test
55.0,68.0,50.0,57.666668,91.14212,52.027542,296.66666,0,101084,test
76.0,144.0,61.0,93.666664,23.021736,3.1509857,1.3333282,0,101084,test
56.0,98.0,22.0,58.666668,133.0831,14.915402,30.66667,0,101084,test
83.0,99.0,88.0,90.0,203.76947,21.217266,34.0,0,101084,test
90.0,163.0,12.0,88.333336,99.96555,10.658541,12.000008,0,101084,test
56.0,103.0,0.0,53.0,295.0047,37.721992,90.00001,0,101084,test
13.0,30.0,11.0,18.0,26.098106,3.2714465,2.666666,0,101084,test
95.0,134.0,116.0,115.0,153.51366,22.99329,75.66667,0,101084,test
255.0,255.0,183.0,231.0,17.074999,2.1875,5.0,0,101084,test
170.0,231.0,3.0,134.66667,39.51091,5.0578685,1.6666565,0,101084,test
121.0,194.0,43.0,119.333336,134.74335,13.327859,25.333344,0,101084,test
40.0,54.0,39.0,44.333332,137.2953,20.586458,77.66668,0,101084,test
171.0,255.0,32.0,152.66667,49.373837,8.50712,39.000015,0,101084,test
37.0,72.0,42.0,50.333332,438.27185,51.835556,230.66666,0,101084,test
121.0,142.0,127.0,130.0,121.07848,22.725433,106.0,0,101084,test
32.0,46.0,31.0,36.333332,211.90823,31.418709,247.66667,0,101084,test
77.0,151.0,12.0,80.0,10.852544,1.6586068,6.333336,0,101084,test
210.0,250.0,57.0,172.33333,242.58832,24.840822,12.666641,0,101084,test
46.0,61.0,42.0,49.666668,153.7805,20.278313,94.33333,0,101084,test
40.0,54.0,37.0,43.666668,218.40329,25.695272,3.3333282,0,101084,test
90.0,106.0,95.0,97.0,71.5697,18.386423,96.333336,0,101084,test
40.0,53.0,44.0,45.666668,401.27905,40.78866,9.666661,0,101084,test
173.0,255.0,9.0,145.66667,42.55454,5.4708033,22.000015,0,101084,test
113.0,183.0,9.0,101.666664,58.137756,6.8303237,24.33332,0,101084,test
252.0,255.0,143.0,216.66667,7.601179,0.9354144,0.33335876,0,101084,test
29.0,46.0,2.0,25.666666,25.17936,2.945789,7.000004,0,101084,test
46.0,87.0,8.0,47.0,43.67812,5.5176497,10.000004,0,101084,test
42.0,81.0,0.0,41.0,28.019827,3.1049552,2.666668,0,101084,test
98.0,162.0,78.0,112.666664,10.760009,4.377343,19.333328,0,101084,test
29.0,47.0,31.0,35.666668,219.85095,37.741417,174.33331,0,101084,test
119.0,172.0,80.0,123.666664,199.45035,21.580608,61.666656,0,101084,test
66.0,80.0,63.0,69.666664,131.97389,15.521391,7.3333397,0,101084,test
76.0,91.0,84.0,83.666664,116.75806,17.701918,76.33333,0,101084,test
95.0,116.0,99.0,103.333336,223.82382,24.884499,48.66665,0,101084,test
81.0,95.0,78.0,84.666664,61.71621,14.204835,36.99999,0,101084,test
46.0,88.0,50.0,61.333332,10.770325,1.6957265,5.999996,0,101084,test
68.0,85.0,67.0,73.333336,37.133396,10.570679,3.9999962,0,101084,test
90.0,109.0,90.0,96.333336,111.85804,23.965042,3.6666489,0,101084,test
69.0,87.0,73.0,76.333336,155.60205,24.594505,74.999985,0,101084,test
40.0,58.0,46.0,48.0,150.04666,28.770271,9.0,1,102062,test
220.0,228.0,189.0,212.33333,172.78436,40.7923,132.33333,1,102062,test
126.0,110.0,113.0,116.333336,515.15717,58.83048,142.66666,1,102062,test
251.0,255.0,222.0,242.66667,180.16536,42.35082,254.00002,1,102062,test
54.0,71.0,63.0,62.666668,146.7212,15.371935,3.3333359,1,102062,test
104.0,119.0,86.0,103.0,108.322556,16.782646,41.333332,1,102062,test
218.0,213.0,210.0,213.66667,809.6951,86.18886,150.33336,1,102062,test
60.0,69.0,52.0,60.333332,46.226505,6.526314,15.333328,1,102062,test
54.0,89.0,109.0,84.0,81.13089,33.10682,70.0,1,102062,test
106.0,101.0,71.0,92.666664,80.28975,8.633488,2.6666641,1,102062,test
255.0,234.0,180.0,223.0,275.28934,46.533504,152.66666,1,102062,test
201.0,186.0,153.0,180.0,832.73584,86.82135,92.333336,1,102062,test
64.0,74.0,50.0,62.666668,27.235596,4.5242405,4.6666603,1,102062,test
63.0,55.0,53.0,57.0,104.54664,11.2600975,6.333332,1,102062,test
43.0,58.0,55.0,52.0,265.02536,30.460648,61.333336,1,102062,test
181.0,108.0,128.0,139.0,190.97235,22.427944,96.333336,1,102062,test
98.0,117.0,111.0,108.666664,23.40466,5.5714464,23.333344,1,102062,test
159.0,156.0,147.0,154.0,809.6042,82.546364,33.333332,1,102062,test
40.0,53.0,46.0,46.333332,118.46144,14.561075,53.00001,1,102062,test
158.0,101.0,72.0,110.333336,21.066027,3.8279655,27.66668,1,102062,test
62.0,65.0,96.0,74.333336,39.058365,5.609571,3.6666718,1,102062,test
134.0,142.0,129.0,135.0,152.52686,20.093895,76.666664,1,102062,test
46.0,52.0,38.0,45.333332,57.27517,12.049743,6.666668,1,102062,test
71.0,73.0,68.0,70.666664,802.3389,89.84706,179.00002,1,102062,test
54.0,66.0,54.0,58.0,34.99841,5.8326054,1.3333321,1,102062,test
112.0,128.0,117.0,119.0,49.062325,31.959768,223.66666,1,102062,test
99.0,95.0,70.0,88.0,10.295644,5.9276233,9.666672,1,102062,test
27.0,42.0,37.0,35.333332,78.692085,9.622647,24.666672,1,102062,test
99.0,121.0,75.0,98.333336,22.410326,2.686955,3.6666565,1,102062,test
115.0,108.0,53.0,92.0,300.83807,36.004246,131.33333,1,102062,test
110.0,112.0,72.0,98.0,98.98372,17.236195,19.333328,1,102062,test
103.0,89.0,52.0,81.333336,583.6167,63.42673,105.99999,1,102062,test
47.0,59.0,55.0,53.666668,24.594494,6.690894,5.9999924,1,102062,test
28.0,31.0,24.0,27.666666,74.76482,10.426834,26.000002,1,102062,test
199.0,195.0,170.0,188.0,775.84534,80.48879,75.66666,1,102062,test
33.0,45.0,41.0,39.666668,134.74753,16.694054,48.999996,1,102062,test
112.0,121.0,118.0,117.0,22.647062,6.2271457,8.999992,1,102062,test
94.0,117.0,73.0,94.666664,45.958908,4.8537197,4.6666718,1,102062,test
90.0,106.0,59.0,85.0,248.57149,36.55419,40.0,1,102062,test
64.0,82.0,44.0,63.333332,76.95598,16.786793,46.666668,1,102062,test
77.0,79.0,78.0,78.0,820.34485,89.92685,152.66666,1,102062,test
101.0,78.0,62.0,80.333336,383.48257,54.43106,201.66664,1,102062,test
208.0,185.0,131.0,174.66667,162.95946,24.365463,93.66664,1,102062,test
34.0,36.0,33.0,34.333332,221.24596,24.87257,50.333344,1,102062,test
192.0,180.0,164.0,178.66667,740.83813,75.318436,30.333359,1,102062,test
186.0,172.0,143.0,167.0,610.2039,61.701477,27.666656,1,102062,test
51.0,70.0,77.0,66.0,78.33404,8.645921,16.000004,1,102062,test
75.0,67.0,56.0,66.0,286.55966,29.436031,44.66667,1,102062,test
56.0,79.0,87.0,74.0,59.179577,6.9999304,11.333336,1,102062,test
124.0,104.0,77.0,101.666664,549.99493,55.653915,44.000004,1,102062,test
39.0,50.0,34.0,41.0,135.05965,16.563465,32.666664,1,102062,test
31.0,47.0,36.0,38.0,272.68295,29.181849,101.0,1,102062,test
109.0,90.0,75.0,91.333336,57.690742,6.5414095,9.666664,1,102062,test
94.0,83.0,61.0,79.333336,63.625656,9.3775,33.33334,1,102062,test
114.0,138.0,142.0,131.33333,72.56872,11.682486,6.999977,1,102062,test
103.0,110.0,69.0,94.0,144.25363,23.001741,32.333336,1,102062,test
67.0,78.0,72.0,72.333336,359.51202,40.38031,102.33333,1,102062,test
34.0,92.0,106.0,77.333336,662.92163,67.435036,192.99998,1,102062,test
129.0,132.0,85.0,115.333336,69.19216,13.507195,75.00001,1,102062,test
39.0,53.0,38.0,43.333332,71.34424,7.612711,3.6666641,1,102062,test
98.0,116.0,68.0,94.0,18.012342,3.7876368,27.999992,1,102062,test
61.0,55.0,39.0,51.666668,363.83173,44.552128,126.99999,1,102062,test
50.0,70.0,79.0,66.333336,56.320515,7.4620457,12.333317,1,102062,test
65.0,81.0,68.0,71.333336,181.48338,24.11905,55.999992,1,102062,test
80.0,86.0,52.0,72.666664,54.556793,21.082914,102.333336,1,102062,test
100.0,104.0,90.0,98.0,512.83545,66.53162,24.333328,1,102062,test
45.0,46.0,30.0,40.333332,85.485535,13.086392,10.666672,1,102062,test
44.0,46.0,32.0,40.666668,119.75159,15.268064,56.333332,1,102062,test
99.0,89.0,79.0,89.0,195.56018,28.27253,5.3333282,1,102062,test
109.0,106.0,75.0,96.666664,71.94135,19.508661,68.33334,1,102062,test
246.0,229.0,186.0,220.33333,687.0924,73.8471,258.66666,1,102062,test
123.0,146.0,162.0,143.66667,337.92474,53.48053,49.666687,1,102062,test
193.0,207.0,154.0,184.66667,182.3903,35.819534,88.66668,1,102062,test
41.0,62.0,53.0,52.0,255.9071,32.809135,76.0,1,102062,test
86.0,61.0,21.0,56.0,373.9097,56.289482,232.0,1,102062,test
82.0,89.0,37.0,69.333336,299.4699,41.808495,129.66666,1,102062,test
61.0,59.0,60.0,60.0,270.83493,30.29965,78.333336,1,102062,test
40.0,46.0,46.0,44.0,59.870224,6.607962,4.666664,1,102062,test
58.0,71.0,45.0,58.0,639.75446,70.22007,205.99998,1,102062,test
238.0,231.0,189.0,219.33333,528.8197,57.41012,240.99998,1,102062,test
125.0,110.0,77.0,104.0,235.60892,27.180225,34.333344,1,102062,test
56.0,52.0,41.0,49.666668,146.53403,23.399614,157.66667,1,102062,test
89.0,115.0,68.0,90.666664,134.20547,17.964619,14.3333435,1,102062,test
92.0,115.0,71.0,92.666664,21.302055,3.018983,2.6666565,1,102062,test
66.0,84.0,62.0,70.666664,277.17703,28.776619,22.000011,1,102062,test
100.0,101.0,61.0,87.333336,290.15894,32.446754,69.999985,1,102062,test
124.0,138.0,125.0,129.0,161.6835,33.97436,236.0,1,102062,test
68.0,89.0,56.0,71.0,397.55054,39.550278,31.666666,1,102062,test
88.0,80.0,67.0,78.333336,8.027721,7.27246,36.000008,1,102062,test
143.0,120.0,126.0,129.66667,515.835,58.200405,71.33332,1,102062,test
200.0,208.0,184.0,197.33333,481.04053,63.016754,294.0,1,102062,test
63.0,82.0,80.0,75.0,323.8604,32.61667,3.0000038,1,102062,test
93.0,82.0,62.0,79.0,315.95956,34.441128,67.0,1,102062,test
181.0,174.0,122.0,159.0,618.8701,63.59334,7.333336,1,102062,test
108.0,103.0,84.0,98.333336,154.54161,20.204569,38.333347,1,102062,test
85.0,92.0,51.0,76.0,151.01508,18.000977,77.0,1,102062,test
59.0,75.0,88.0,74.0,117.66714,17.145004,19.333328,1,102062,test
30.0,33.0,38.0,33.666668,4.85341,0.9558746,2.3333282,1,102062,test
63.0,73.0,83.0,73.0,6.342098,6.43951,5.333336,1,102062,test
35.0,44.0,39.0,39.333332,15.95131,2.6851144,1.3333321,1,102062,test
86.0,98.0,62.0,82.0,99.47081,13.669812,22.666664,1,102062,test
44.0,46.0,32.0,40.666668,6.3420978,6.85374,21.33334,1,102062,test
255.0,250.0,232.0,245.66667,118.21356,56.29939,248.00003,1,102062,test
40.0,45.0,23.0,36.0,103.384926,15.145752,43.333332,1,102062,test
116.0,119.0,52.0,95.666664,441.1926,52.06522,208.66669,1,102062,test
94.0,105.0,99.0,99.333336,519.24945,63.381664,40.66665,1,102062,test
134.0,142.0,118.0,131.33333,117.72002,20.094673,60.666656,1,102062,test
121.0,114.0,70.0,101.666664,75.96781,16.78733,21.000015,1,102062,test
168.0,176.0,129.0,157.66667,472.32877,61.18397,10.666679,1,102062,test
116.0,84.0,69.0,89.666664,41.123127,7.74458,2.3333206,1,102062,test
126.0,97.0,65.0,96.0,13.274866,2.5081897,1.3333359,1,102062,test
121.0,134.0,88.0,114.333336,187.36061,22.77156,44.66668,1,102062,test
108.0,112.0,97.0,105.666664,480.4711,48.736126,47.66668,1,102062,test
146.0,137.0,106.0,129.66667,611.221,72.76738,7.3333054,1,102062,test
79.0,56.0,48.0,61.0,122.48719,21.797049,3.333332,1,102062,test
94.0,97.0,66.0,85.666664,178.0287,21.278358,80.00001,1,102062,test
35.0,43.0,22.0,33.333332,206.21294,31.061863,99.0,1,102062,test
134.0,119.0,90.0,114.333336,126.21323,21.278887,29.000008,1,102062,test
85.0,59.0,34.0,59.333332,50.07771,10.767427,43.33334,1,102062,test
53.0,67.0,54.0,58.0,12.265576,1.7830994,5.666664,1,102062,test
106.0,131.0,128.0,121.666664,17.845015,3.9464185,16.666656,0,102062,test
47.0,60.0,53.0,53.333332,63.18403,7.87469,17.666656,0,102062,test
93.0,88.0,69.0,83.333336,643.85114,79.14279,88.99999,0,102062,test
85.0,113.0,101.0,99.666664,79.01195,7.984176,7.3333206,0,102062,test
121.0,132.0,128.0,127.0,68.666664,11.178069,16.666664,0,102062,test
93.0,71.0,47.0,70.333336,193.06477,19.92709,13.333324,0,102062,test
42.0,60.0,48.0,50.0,36.138622,4.3659782,1.0,0,102062,test
93.0,109.0,98.0,100.0,44.191505,9.038221,18.999992,0,102062,test
71.0,82.0,50.0,67.666664,51.56441,7.549026,29.333344,0,102062,test
93.0,120.0,113.0,108.666664,84.22854,9.062231,15.333321,0,102062,test
96.0,117.0,112.0,108.333336,48.5272,8.788364,17.333328,0,102062,test
68.0,73.0,33.0,58.0,73.590454,27.649382,87.0,0,102062,test
91.0,112.0,103.0,102.0,83.03279,9.116274,3.6666641,0,102062,test
160.0,146.0,119.0,141.66667,117.67374,16.224499,29.666641,0,102062,test
177.0,158.0,115.0,150.0,16.090036,25.113104,120.66666,0,102062,test
63.0,75.0,61.0,66.333336,46.837788,5.1258574,9.666672,0,102062,test
174.0,174.0,174.0,174.0,313.8184,52.772285,23.333336,0,102062,test
47.0,63.0,37.0,49.0,105.88463,12.416636,65.666664,0,102062,test
67.0,92.0,53.0,70.666664,66.80651,8.757391,13.3333435,0,102062,test
130.0,141.0,101.0,124.0,76.53903,18.124704,107.0,0,102062,test
153.0,149.0,122.0,141.33333,136.61057,19.067802,73.33331,0,102062,test
87.0,102.0,71.0,86.666664,63.867928,10.228374,22.999992,0,102062,test
115.0,148.0,69.0,110.666664,153.43259,19.11872,78.00001,0,102062,test
101.0,112.0,96.0,103.0,33.001675,5.734439,5.333336,0,102062,test
125.0,95.0,61.0,93.666664,47.53711,5.9864755,19.000008,0,102062,test
127.0,152.0,156.0,145.0,49.696846,8.806736,26.333328,0,102062,test
173.0,170.0,91.0,144.66667,237.85803,24.812382,38.333344,0,102062,test
241.0,220.0,167.0,209.33333,19.888578,14.821529,105.33331,0,102062,test
80.0,117.0,47.0,81.333336,43.827946,12.544024,60.666664,0,102062,test
124.0,141.0,122.0,129.0,100.089966,13.802846,42.333336,0,102062,test
43.0,64.0,45.0,50.666668,58.67613,6.1793075,18.333336,0,102062,test
123.0,155.0,92.0,123.333336,290.7836,43.70337,169.33331,0,102062,test
52.0,74.0,38.0,54.666668,36.736298,4.157366,7.333336,0,102062,test
74.0,62.0,50.0,62.0,47.347416,5.049849,11.333336,0,102062,test
38.0,56.0,42.0,45.333332,48.08326,6.2893486,5.0,0,102062,test
210.0,173.0,120.0,167.66667,102.33386,18.737288,80.66664,0,102062,test
83.0,71.0,75.0,76.333336,113.89079,15.685165,37.33332,0,102062,test
96.0,107.0,49.0,84.0,111.40518,23.105461,51.666664,0,102062,test
42.0,57.0,50.0,49.666668,22.28104,5.94235,6.333336,0,102062,test
82.0,97.0,76.0,85.0,146.9278,20.836826,14.333328,0,102062,test
58.0,75.0,56.0,63.0,75.45124,7.8567185,12.999996,0,102062,test
88.0,111.0,82.0,93.666664,34.8489,3.9093738,5.3333282,0,102062,test
161.0,155.0,129.0,148.33333,73.51038,10.657212,57.666687,0,102062,test
135.0,144.0,99.0,126.0,306.86514,32.80147,40.0,0,102062,test
249.0,217.0,134.0,200.0,27.600338,4.455071,6.3333435,0,102062,test
109.0,137.0,140.0,128.66667,161.55498,17.57384,14.000008,0,102062,test
201.0,228.0,175.0,201.33333,509.03397,59.838192,208.33331,0,102062,test
74.0,101.0,70.0,81.666664,59.959248,17.174313,19.999992,0,102062,test
54.0,59.0,55.0,56.0,24.626085,2.5819573,3.0,0,102062,test
60.0,84.0,58.0,67.333336,31.682446,4.0215483,19.333344,0,102062,test
216.0,231.0,198.0,215.0,547.3697,59.490826,216.0,0,102062,test
181.0,110.0,80.0,123.666664,183.92331,24.295061,4.333351,0,102062,test
137.0,166.0,112.0,138.33333,277.3369,38.16948,101.999985,0,102062,test
95.0,125.0,63.0,94.333336,318.2637,34.568943,47.666664,0,102062,test
98.0,114.0,75.0,95.666664,21.002645,2.7668164,17.999985,0,102062,test
109.0,112.0,91.0,104.0,188.21323,20.735712,52.333336,0,102062,test
214.0,255.0,145.0,204.66667,131.98314,25.327927,62.33336,0,102062,test
55.0,65.0,66.0,62.0,298.77713,30.763311,30.999996,0,102062,test
57.0,82.0,53.0,64.0,79.95693,21.659214,33.333332,0,102062,test
71.0,77.0,67.0,71.666664,54.903957,8.961902,49.99999,0,102062,test
35.0,53.0,39.0,42.333332,24.698177,2.981408,7.0,0,102062,test
56.0,69.0,49.0,58.0,85.109085,12.213134,45.33333,0,102062,test
103.0,126.0,82.0,103.666664,373.85977,45.405937,26.33334,0,102062,test
56.0,85.0,39.0,60.0,237.94023,28.750093,112.0,0,102062,test
101.0,109.0,94.0,101.333336,42.635403,5.816111,22.666672,0,102062,test
118.0,114.0,85.0,105.666664,249.97108,32.725986,75.66667,0,102062,test
52.0,75.0,65.0,64.0,141.38992,15.400908,37.33333,0,102062,test
116.0,115.0,97.0,109.333336,75.57922,15.452896,43.999992,0,102062,test
222.0,236.0,201.0,219.66667,658.73584,71.67191,210.33336,0,102062,test
120.0,125.0,93.0,112.666664,270.7196,30.318056,35.33333,0,102062,test
100.0,126.0,125.0,117.0,29.12044,4.4605474,23.333336,0,102062,test
61.0,78.0,44.0,61.0,706.09424,77.13018,195.33333,0,102062,test
162.0,181.0,92.0,145.0,414.32248,42.08311,56.0,0,102062,test
119.0,121.0,82.0,107.333336,138.05394,16.72786,46.0,0,102062,test
188.0,223.0,133.0,181.33333,48.8285,24.269886,8.666687,0,102062,test
74.0,83.0,54.0,70.333336,122.42367,13.539565,29.333328,0,102062,test
101.0,125.0,127.0,117.666664,183.91545,21.917414,73.99999,0,102062,test
88.0,103.0,100.0,97.0,80.48879,16.973785,84.33334,0,102062,test
57.0,87.0,59.0,67.666664,94.236115,16.413214,63.000015,0,102062,test
102.0,118.0,71.0,97.0,77.06418,18.543314,0.6666565,0,102062,test
37.0,50.0,41.0,42.666668,24.747606,3.1544704,3.3333359,0,102062,test
135.0,177.0,75.0,129.0,164.0867,34.374744,20.0,0,102062,test
101.0,114.0,96.0,103.666664,73.34849,16.090776,140.33331,0,102062,test
65.0,92.0,57.0,71.333336,152.83978,16.110035,7.9999886,0,102062,test
126.0,135.0,92.0,117.666664,513.0722,58.056175,305.6667,0,102062,test
197.0,204.0,170.0,190.33333,366.01907,41.64667,159.0,0,102062,test
59.0,73.0,56.0,62.666668,25.64718,3.7843156,7.3333397,0,102062,test
110.0,135.0,129.0,124.666664,63.73731,8.871863,13.333336,0,102062,test
141.0,138.0,157.0,145.33333,247.58072,27.663858,72.33336,0,102062,test
100.0,120.0,111.0,110.333336,119.26536,15.199423,30.33332,0,102062,test
75.0,96.0,87.0,86.0,12.292723,3.1667523,12.999992,0,102062,test
148.0,130.0,92.0,123.333336,168.82602,17.451887,12.666679,0,102062,test
47.0,67.0,39.0,51.0,47.291065,7.2800093,36.666668,0,102062,test
99.0,111.0,97.0,102.333336,77.31608,9.182769,36.33333,0,102062,test
60.0,74.0,48.0,60.666668,97.617165,14.617753,54.666664,0,102062,test
36.0,53.0,35.0,41.333332,70.84411,8.886724,0.6666641,0,102062,test
37.0,53.0,43.0,44.333332,91.02991,9.765282,14.333332,0,102062,test
172.0,187.0,132.0,163.66667,248.43735,35.90814,121.33335,0,102062,test
53.0,69.0,68.0,63.333332,35.229416,3.7955244,3.6666565,0,102062,test
104.0,109.0,69.0,94.0,137.1536,15.006248,15.0,0,102062,test
59.0,73.0,50.0,60.666668,41.109608,6.8673606,21.333324,0,102062,test
47.0,59.0,39.0,48.333332,86.257996,11.86735,58.333336,0,102062,test
129.0,127.0,70.0,108.666664,350.37408,49.88663,78.33334,0,102062,test
29.0,43.0,28.0,33.333332,76.182526,13.38918,22.66667,0,102062,test
245.0,255.0,194.0,231.33333,26.415464,11.074323,26.999985,0,102062,test
25.0,45.0,33.0,34.333332,47.37557,6.981473,39.666668,0,102062,test
249.0,255.0,216.0,240.0,455.75552,51.050526,236.66666,0,102062,test
137.0,149.0,145.0,143.66667,78.53803,12.487024,59.000023,0,102062,test
59.0,74.0,71.0,68.0,48.59128,5.068476,5.333332,0,102062,test
65.0,93.0,70.0,76.0,132.90681,16.082323,15.666672,0,102062,test
103.0,113.0,104.0,106.666664,42.52059,10.139747,38.333344,0,102062,test
93.0,119.0,118.0,110.0,158.57422,20.80302,0.33333588,0,102062,test
84.0,100.0,71.0,85.0,56.619595,13.916955,39.66667,0,102062,test
61.0,74.0,64.0,66.333336,20.709642,3.6514392,8.3333435,0,102062,test
45.0,55.0,46.0,48.666668,63.052006,7.224413,39.666664,0,102062,test
54.0,70.0,59.0,61.0,14.974052,3.0339067,16.666668,0,102062,test
63.0,89.0,54.0,68.666664,97.76275,10.932008,9.666653,0,102062,test
55.0,77.0,75.0,69.0,11.333335,4.359683,55.0,0,102062,test
101.0,121.0,109.0,110.333336,78.45733,11.211218,19.000008,0,102062,test
58.0,74.0,48.0,60.0,55.87685,6.9945917,27.666664,0,102062,test
80.0,77.0,60.0,72.333336,65.58116,6.627874,10.333336,1,103006,test
155.0,142.0,123.0,140.0,784.87506,80.160934,11.333321,1,103006,test
92.0,89.0,84.0,88.333336,613.5081,65.2208,85.66667,1,103006,test
64.0,60.0,48.0,57.333332,18.196463,2.7312481,19.333332,1,103006,test
178.0,164.0,138.0,160.0,786.3098,80.703705,62.0,1,103006,test
245.0,210.0,190.0,215.0,413.4247,47.4249,89.333336,1,103006,test
255.0,234.0,213.0,234.0,144.74498,20.70892,50.333344,1,103006,test
71.0,73.0,62.0,68.666664,16.124521,4.695046,20.333344,1,103006,test
219.0,186.0,169.0,191.33333,404.60074,46.902348,117.99998,1,103006,test
197.0,197.0,195.0,196.33333,428.35706,51.25705,180.66666,1,103006,test
136.0,114.0,90.0,113.333336,32.58152,3.7429621,0.9999924,1,103006,test
134.0,126.0,103.0,121.0,625.5231,63.06177,101.333336,1,103006,test
116.0,118.0,105.0,113.0,512.942,52.13148,27.666676,1,103006,test
214.0,198.0,175.0,195.66667,498.3894,58.698116,203.33334,1,103006,test
250.0,231.0,216.0,232.33333,63.51553,39.341503,104.66666,1,103006,test
253.0,232.0,213.0,232.66667,78.42051,44.797024,165.33334,1,103006,test
194.0,164.0,138.0,165.33333,119.03782,13.576606,46.666656,1,103006,test
79.0,77.0,56.0,70.666664,13.678874,13.237612,2.3333435,1,103006,test
147.0,144.0,129.0,140.0,638.68365,65.811134,37.666676,1,103006,test
251.0,225.0,202.0,226.0,197.68102,39.240295,138.33334,1,103006,test
71.0,61.0,52.0,61.333332,161.27066,30.985474,69.0,1,103006,test
106.0,88.0,76.0,90.0,369.77502,37.61394,19.000004,1,103006,test
224.0,187.0,161.0,190.66667,198.75725,20.804804,1.9999695,1,103006,test
83.0,78.0,56.0,72.333336,86.38028,9.519332,17.666656,1,103006,test
248.0,216.0,193.0,219.0,42.021145,14.233954,32.333344,1,103006,test
178.0,153.0,133.0,154.66667,59.93517,10.331422,47.000008,1,103006,test
165.0,143.0,132.0,146.66667,222.28708,23.35657,29.333359,1,103006,test
53.0,55.0,44.0,50.666668,10.121487,1.6859078,0.66666794,1,103006,test
229.0,179.0,156.0,188.0,78.59037,8.781639,5.0,1,103006,test
255.0,230.0,209.0,231.33333,93.999985,13.620269,41.99997,1,103006,test
95.0,87.0,66.0,82.666664,561.33673,59.972847,168.66669,1,103006,test
78.0,81.0,70.0,76.333336,20.138416,3.066165,12.000015,1,103006,test
64.0,63.0,45.0,57.333332,221.56464,38.92182,77.0,1,103006,test
116.0,100.0,77.0,97.666664,443.1907,43.90518,88.66668,1,103006,test
84.0,79.0,60.0,74.333336,50.6513,11.494967,0.6666641,1,103006,test
59.0,60.0,46.0,55.0,336.59732,40.900185,102.33333,1,103006,test
172.0,146.0,129.0,149.0,288.13037,37.520996,77.66667,1,103006,test
179.0,154.0,134.0,155.66667,88.56635,14.0168705,62.000023,1,103006,test
214.0,181.0,162.0,185.66667,610.3232,63.877308,87.66668,1,103006,test
222.0,175.0,149.0,182.0,112.29426,14.711284,17.666656,1,103006,test
51.0,54.0,43.0,49.333332,100.982956,19.067776,53.666676,1,103006,test
255.0,254.0,232.0,247.0,286.61783,44.67373,54.33333,1,103006,test
218.0,186.0,165.0,189.66667,33.109253,6.5275855,17.000015,1,103006,test
187.0,171.0,155.0,171.0,631.73425,67.94825,87.33333,1,103006,test
80.0,79.0,59.0,72.666664,27.668676,17.116957,21.666656,1,103006,test
58.0,52.0,36.0,48.666668,333.01355,43.60853,104.333336,1,103006,test
255.0,245.0,218.0,239.33333,454.59747,52.536,141.33331,1,103006,test
150.0,122.0,98.0,123.333336,55.017174,6.135116,7.0000076,1,103006,test
81.0,79.0,58.0,72.666664,28.771135,8.48928,26.999989,1,103006,test
235.0,215.0,188.0,212.66667,325.20935,45.038265,168.66669,1,103006,test
255.0,245.0,214.0,238.0,326.41626,38.930176,105.0,1,103006,test
119.0,105.0,79.0,101.0,280.6738,28.764263,13.666664,1,103006,test
255.0,234.0,215.0,234.66667,270.19046,36.380367,86.66669,1,103006,test
94.0,90.0,63.0,82.333336,662.3057,70.83609,157.66664,1,103006,test
52.0,57.0,51.0,53.333332,26.787226,3.98177,3.0,1,103006,test
62.0,59.0,44.0,55.0,76.200035,9.499859,31.333332,1,103006,test
64.0,68.0,53.0,61.666668,5.3748403,1.3147303,14.999985,1,103006,test
148.0,125.0,93.0,122.0,278.0136,36.31624,50.333344,1,103006,test
206.0,178.0,154.0,179.33333,187.50525,20.681599,1.3333282,1,103006,test
161.0,135.0,118.0,138.0,63.63962,6.5672603,0.3333435,1,103006,test
249.0,220.0,206.0,225.0,105.77228,32.12032,113.000015,1,103006,test
199.0,182.0,156.0,179.0,560.5745,56.44072,112.33333,1,103006,test
215.0,183.0,168.0,188.66667,274.03488,33.509968,78.33336,1,103006,test
164.0,157.0,129.0,150.0,797.7386,81.53967,3.0000114,1,103006,test
81.0,83.0,61.0,75.0,603.3626,67.67751,149.33333,1,103006,test
70.0,59.0,41.0,56.666668,323.4608,45.63192,97.66666,1,103006,test
193.0,169.0,145.0,169.0,315.4348,32.327305,61.0,1,103006,test
55.0,62.0,54.0,57.0,17.950548,2.4331894,0.66666794,1,103006,test
73.0,63.0,51.0,62.333332,238.48085,33.26107,111.33334,1,103006,test
52.0,52.0,42.0,48.666668,284.7646,37.410885,106.33333,1,103006,test
102.0,95.0,76.0,91.0,15.698546,3.8328097,1.9999924,1,103006,test
65.0,52.0,36.0,51.0,368.30182,44.638042,101.66666,1,103006,test
82.0,65.0,57.0,68.0,414.36456,49.167404,145.0,1,103006,test
162.0,157.0,135.0,151.33333,821.0143,84.23812,7.666645,1,103006,test
219.0,192.0,175.0,195.33333,322.80023,35.384827,19.333298,1,103006,test
82.0,64.0,50.0,65.333336,215.86519,26.965454,94.33332,1,103006,test
69.0,68.0,50.0,62.333332,23.00241,2.8216,0.6666603,1,103006,test
71.0,63.0,50.0,61.333332,371.18488,41.99375,96.0,1,103006,test
143.0,117.0,92.0,117.333336,41.31452,4.674774,0.9999924,1,103006,test
65.0,62.0,53.0,60.0,122.472664,12.957469,17.333336,1,103006,test
69.0,66.0,47.0,60.666668,344.18082,40.141716,106.33333,1,103006,test
137.0,118.0,104.0,119.666664,269.2582,28.197683,108.0,1,103006,test
57.0,57.0,45.0,53.0,221.6584,30.218184,78.0,1,103006,test
204.0,172.0,147.0,174.33333,391.37167,39.38006,22.000015,1,103006,test
255.0,219.0,193.0,222.33333,147.31447,24.547148,59.333313,1,103006,test
59.0,51.0,28.0,46.0,418.18655,55.055256,147.66666,1,103006,test
190.0,168.0,154.0,170.66667,49.082703,14.993618,93.99997,1,103006,test
124.0,111.0,92.0,109.0,417.48053,43.052216,16.999992,1,103006,test
68.0,62.0,40.0,56.666668,169.60083,27.898891,38.66666,1,103006,test
150.0,147.0,140.0,145.66667,639.2505,65.502625,6.0000114,1,103006,test
255.0,255.0,233.0,247.66667,411.15906,54.478207,117.33336,1,103006,test
198.0,157.0,135.0,163.33333,154.63219,26.20953,45.333313,1,103006,test
251.0,206.0,175.0,210.66667,49.12117,5.967032,1.6666718,1,103006,test
203.0,202.0,200.0,201.66667,350.23706,47.927864,173.00003,1,103006,test
96.0,73.0,55.0,74.666664,150.37215,30.443531,167.66669,1,103006,test
180.0,186.0,176.0,180.66667,191.28802,30.140978,102.66668,1,103006,test
31.0,37.0,35.0,34.333332,11.401754,2.060842,5.0,1,103006,test
72.0,67.0,45.0,61.333332,181.76053,37.23665,58.333336,1,103006,test
148.0,126.0,112.0,128.66667,136.40218,19.08247,34.66665,1,103006,test
134.0,112.0,91.0,112.333336,162.18782,23.679852,38.33333,1,103006,test
72.0,63.0,46.0,60.333332,415.00336,51.781353,145.33334,1,103006,test
141.0,114.0,93.0,116.0,233.98813,24.171911,86.333336,1,103006,test
149.0,124.0,94.0,122.333336,257.1338,31.959509,80.66665,1,103006,test
54.0,61.0,54.0,56.333332,20.466778,3.6788166,13.666668,1,103006,test
66.0,64.0,51.0,60.333332,44.472214,11.262059,6.6666718,1,103006,test
97.0,81.0,68.0,82.0,264.64105,31.114864,78.0,1,103006,test
217.0,219.0,216.0,217.33333,388.01056,51.833076,241.33333,1,103006,test
92.0,85.0,59.0,78.666664,209.76707,31.90371,59.000008,1,103006,test
236.0,210.0,187.0,211.0,205.4859,27.580635,70.0,1,103006,test
190.0,161.0,147.0,166.0,604.48785,61.417915,63.666656,1,103006,test
98.0,96.0,83.0,92.333336,117.60008,13.860951,85.000015,1,103006,test
75.0,76.0,60.0,70.333336,28.480013,5.35876,25.666676,1,103006,test
67.0,65.0,52.0,61.333332,126.436646,17.718515,24.33334,1,103006,test
71.0,75.0,60.0,68.666664,21.081858,3.2079613,1.9999847,1,103006,test
71.0,63.0,44.0,59.333332,156.77441,25.069492,63.0,1,103006,test
53.0,57.0,43.0,51.0,13.482502,1.7847416,2.0,1,103006,test
139.0,124.0,93.0,118.666664,357.14453,41.507717,98.33334,1,103006,test
226.0,198.0,174.0,199.33333,116.19138,20.054174,54.66664,1,103006,test
121.0,105.0,89.0,105.0,105.69243,27.307566,69.99999,1,103006,test
110.0,91.0,76.0,92.333336,616.2469,64.73652,142.0,1,103006,test
185.0,165.0,154.0,168.0,50.429264,8.053532,6.0,0,103006,test
87.0,95.0,82.0,88.0,62.640057,7.2673554,12.333336,0,103006,test
53.0,60.0,53.0,55.333332,37.48185,4.081835,4.3333282,0,103006,test
94.0,102.0,89.0,95.0,73.97448,8.509129,6.6666718,0,103006,test
131.0,132.0,127.0,130.0,45.939556,6.881531,14.333328,0,103006,test
52.0,69.0,50.0,57.0,21.317705,2.26681,4.333332,0,103006,test
252.0,216.0,192.0,220.0,176.28386,21.5168,55.333344,0,103006,test
44.0,49.0,43.0,45.333332,8.1377,1.0396204,5.0,0,103006,test
242.0,241.0,211.0,231.33333,19.556177,4.5569315,43.666687,0,103006,test
70.0,78.0,67.0,71.666664,18.601076,2.060842,5.0,0,103006,test
56.0,59.0,42.0,52.333332,86.01421,10.065363,28.000008,0,103006,test
97.0,90.0,72.0,86.333336,131.1496,13.647237,24.666656,0,103006,test
254.0,223.0,177.0,218.0,119.95647,15.722943,44.66667,0,103006,test
219.0,184.0,152.0,185.0,56.194096,17.931402,6.9999847,0,103006,test
46.0,56.0,45.0,49.0,20.242964,2.1029415,6.000004,0,103006,test
102.0,84.0,62.0,82.666664,205.13898,23.455473,80.00001,0,103006,test
255.0,234.0,203.0,230.66667,198.34032,22.151556,52.000015,0,103006,test
245.0,221.0,195.0,220.33333,12.454356,16.43132,27.000015,0,103006,test
140.0,127.0,111.0,126.0,23.002415,6.5138826,7.6666718,0,103006,test
224.0,190.0,163.0,192.33333,161.70892,21.785263,69.66669,0,103006,test
57.0,58.0,50.0,55.0,15.95132,1.9244775,1.3333321,0,103006,test
251.0,236.0,197.0,228.0,71.5697,7.6490397,1.0,0,103006,test
108.0,125.0,89.0,107.333336,142.67291,14.971131,7.6666718,0,103006,test
68.0,62.0,46.0,58.666668,152.79108,19.598297,48.333332,0,103006,test
70.0,68.0,55.0,64.333336,60.033344,6.4768972,0.9999924,0,103006,test
255.0,243.0,213.0,237.0,152.94516,23.341805,80.66666,0,103006,test
162.0,129.0,110.0,133.66667,40.485935,4.1377645,6.6666565,0,103006,test
177.0,143.0,118.0,146.0,189.12898,19.84904,35.999992,0,103006,test
131.0,116.0,97.0,114.666664,79.336136,8.173175,0.33333588,0,103006,test
158.0,144.0,133.0,145.0,79.97361,11.145347,19.0,0,103006,test
119.0,91.0,69.0,93.0,271.01947,38.040302,163.33333,0,103006,test
194.0,172.0,151.0,172.33333,356.2262,48.64028,81.333305,0,103006,test
120.0,158.0,109.0,129.0,93.52006,10.578806,10.0,0,103006,test
35.0,44.0,43.0,40.666668,2.828427,0.7370298,4.0,0,103006,test
122.0,125.0,118.0,121.666664,71.94597,8.762714,7.6666565,0,103006,test
101.0,107.0,97.0,101.666664,34.334953,4.946985,8.333328,0,103006,test
149.0,143.0,129.0,140.33333,132.81564,13.174016,6.9999924,0,103006,test
255.0,248.0,221.0,241.33333,151.66045,17.686617,42.999985,0,103006,test
85.0,111.0,72.0,89.333336,47.13338,5.084731,1.0000153,0,103006,test
255.0,247.0,214.0,238.66667,33.668304,7.712358,18.333344,0,103006,test
68.0,72.0,55.0,65.0,38.06719,3.8247116,1.6666679,0,103006,test
113.0,122.0,119.0,118.0,45.254845,5.644065,22.0,0,103006,test
155.0,120.0,100.0,125.0,61.06645,7.136709,3.6666718,0,103006,test
64.0,66.0,55.0,61.666668,40.04997,4.5255084,14.33334,0,103006,test
241.0,208.0,177.0,208.66667,152.73796,17.004135,46.333313,0,103006,test
64.0,71.0,63.0,66.0,36.496574,4.0855117,4.0,0,103006,test
229.0,195.0,168.0,197.33333,58.670452,16.267778,93.0,0,103006,test
199.0,169.0,141.0,169.66667,92.550285,17.429321,147.33331,0,103006,test
194.0,159.0,131.0,161.33333,192.29608,35.200737,51.00003,0,103006,test
245.0,229.0,195.0,223.0,58.156887,6.745369,22.666656,0,103006,test
160.0,153.0,147.0,153.33333,166.90982,18.01654,46.999985,0,103006,test
69.0,67.0,55.0,63.666668,15.556338,2.298628,1.0000038,0,103006,test
104.0,114.0,105.0,107.666664,113.3451,12.7773905,21.333344,0,103006,test
39.0,45.0,41.0,41.666668,6.6999106,0.69885856,0.33333206,0,103006,test
70.0,63.0,53.0,62.0,83.020744,12.887907,2.3333359,0,103006,test
69.0,68.0,48.0,61.666668,208.01978,24.84377,78.333336,0,103006,test
89.0,85.0,73.0,82.333336,35.55902,7.486805,23.666676,0,103006,test
111.0,105.0,93.0,103.0,192.86032,20.821882,24.666664,0,103006,test
35.0,41.0,37.0,37.666668,1.9999924,0.8607234,1.3333282,0,103006,test
196.0,173.0,155.0,174.66667,144.79791,18.020496,11.333313,0,103006,test
102.0,96.0,80.0,92.666664,98.90287,18.984806,73.666664,0,103006,test
61.0,65.0,50.0,58.666668,28.288195,3.8618097,7.6293945e-06,0,103006,test
213.0,184.0,154.0,183.66667,170.81505,19.781126,35.66664,0,103006,test
59.0,67.0,54.0,60.0,8.432737,1.2147369,3.333332,0,103006,test
218.0,171.0,151.0,180.0,53.08274,6.731601,1.0000153,0,103006,test
211.0,187.0,163.0,187.0,41.579903,9.812102,13.6666565,0,103006,test
201.0,160.0,138.0,166.33333,38.749912,6.997349,16.666687,0,103006,test
59.0,61.0,48.0,56.0,8.000004,1.5721576,5.333336,0,103006,test
226.0,185.0,155.0,188.66667,247.26953,25.516922,1.333313,0,103006,test
152.0,123.0,105.0,126.666664,40.080467,4.823648,13.666679,0,103006,test
218.0,188.0,164.0,190.0,71.12586,9.200034,6.6666565,0,103006,test
120.0,112.0,91.0,107.666664,236.30962,35.605923,99.999985,0,103006,test
252.0,207.0,166.0,208.33333,77.781746,8.026567,2.6666565,0,103006,test
55.0,58.0,49.0,54.0,9.153019,1.977967,5.333332,0,103006,test
77.0,75.0,63.0,71.666664,313.7161,43.482597,92.66668,0,103006,test
152.0,128.0,100.0,126.666664,168.3079,16.665188,32.000015,0,103006,test
84.0,91.0,75.0,83.333336,137.90977,14.123583,26.33332,0,103006,test
71.0,73.0,59.0,67.666664,8.969098,0.9432118,0.33332825,0,103006,test
181.0,147.0,120.0,149.33333,115.970314,29.97297,73.33331,0,103006,test
192.0,178.0,165.0,178.33333,390.60977,46.36327,202.99998,0,103006,test
64.0,82.0,58.0,68.0,17.333336,1.9967014,7.333336,0,103006,test
72.0,70.0,55.0,65.666664,17.745102,2.1854343,7.999996,0,103006,test
203.0,187.0,162.0,184.0,341.56537,37.396473,97.66666,0,103006,test
211.0,171.0,146.0,176.0,326.7949,39.529037,69.666664,0,103006,test
60.0,63.0,54.0,59.0,12.944325,1.3094273,1.0,0,103006,test
236.0,204.0,179.0,206.33333,82.219215,10.269798,2.333313,0,103006,test
81.0,84.0,67.0,77.333336,64.34627,6.6276526,6.6666718,0,103006,test
96.0,91.0,72.0,86.333336,109.041275,11.602254,9.333313,0,103006,test
178.0,155.0,139.0,157.33333,315.12997,32.266167,42.66667,0,103006,test
231.0,197.0,160.0,196.0,137.24352,16.626997,30.000015,0,103006,test
174.0,155.0,138.0,155.66667,51.027256,5.8202233,14.333313,0,103006,test
195.0,190.0,187.0,190.66667,33.393276,16.040112,90.33331,0,103006,test
250.0,211.0,170.0,210.33333,162.27823,18.253317,7.6666565,0,103006,test
63.0,68.0,61.0,64.0,7.80313,3.0568745,11.666668,0,103006,test
192.0,166.0,149.0,169.0,41.20949,7.076314,26.333328,0,103006,test
233.0,207.0,182.0,207.33333,264.96957,27.016054,24.333313,0,103006,test
153.0,146.0,136.0,145.0,184.61371,20.500572,10.0,0,103006,test
248.0,223.0,193.0,221.33333,120.31165,20.494759,86.66664,0,103006,test
30.0,46.0,35.0,37.0,23.851385,3.3089604,10.0,0,103006,test
197.0,170.0,149.0,172.0,129.27919,13.773347,31.666656,0,103006,test
55.0,61.0,49.0,55.0,7.9021835,1.248241,3.333332,0,103006,test
229.0,198.0,169.0,198.66667,63.057316,7.8802066,38.333313,0,103006,test
235.0,181.0,157.0,191.0,43.333374,5.323518,10.6666565,0,103006,test
60.0,57.0,48.0,55.0,35.66823,4.9040103,2.0000038,0,103006,test
72.0,72.0,60.0,68.0,70.580124,7.537763,3.666668,0,103006,test
244.0,210.0,172.0,208.66667,75.95468,8.050863,2.666687,0,103006,test
249.0,228.0,197.0,224.66667,58.72722,11.396272,5.0000305,0,103006,test
107.0,109.0,98.0,104.666664,26.964996,4.363042,16.33332,0,103006,test
104.0,78.0,45.0,75.666664,257.01965,38.65965,219.33334,0,103006,test
165.0,141.0,115.0,140.33333,313.14072,38.024715,12.000023,0,103006,test
55.0,60.0,54.0,56.333332,15.549213,1.8121632,1.6666641,0,103006,test
79.0,76.0,59.0,71.333336,41.001354,5.069825,23.66668,0,103006,test
174.0,148.0,135.0,152.33333,20.005573,9.578724,17.666641,0,103006,test
113.0,122.0,117.0,117.333336,109.4278,12.444251,42.66667,0,103006,test
163.0,123.0,98.0,128.0,30.335152,12.853212,74.000015,0,103006,test
213.0,177.0,143.0,177.66667,84.51955,20.249807,83.33331,0,103006,test
134.0,126.0,113.0,124.333336,21.081842,3.7743998,6.9999847,0,103006,test
54.0,57.0,48.0,53.0,21.633308,2.1314814,4.0,0,103006,test
208.0,175.0,156.0,179.66667,71.22575,7.509239,17.000015,0,103006,test
166.0,149.0,129.0,148.0,264.70782,30.963814,67.333336,0,103006,test
